transaction_id,amount,transaction_type,merchant_risk_score,account_age_days,transactions_last_24h,failed_attempts_24h,device_trust_score,location_mismatch,international,hour,distance_from_home_km,previous_chargebacks,is_fraud
TXN100000,201.28,ATM,0.246,2080,1,0,0.456,0,0,9,121.11,0,1
TXN100001,52.46,POS,0.615,3480,6,0,0.772,1,0,17,20.98,1,0
TXN100002,314.33,ATM,0.455,1374,2,0,0.836,0,1,2,41.08,0,1
TXN100003,380.15,POS,0.995,392,2,1,0.12,0,0,1,32.97,0,1
TXN100004,21.09,POS,0.863,2467,2,0,0.61,0,1,8,16.83,0,0
TXN100005,40.36,Online,0.526,3545,2,1,0.203,0,0,23,14.38,0,1
TXN100006,168.65,POS,0.808,645,3,0,0.181,0,0,18,30.16,0,0
TXN100007,108.18,POS,0.165,3605,0,0,0.405,0,0,7,9.49,0,0
TXN100008,145.94,POS,0.101,1988,2,0,0.164,0,0,20,105.08,0,1
TXN100009,63.24,POS,0.631,2059,3,0,0.936,0,0,11,8.87,0,0
TXN100010,357.59,POS,0.727,3504,3,1,0.724,0,0,14,69.91,0,1
TXN100011,323.05,ATM,0.053,1233,2,0,0.681,0,0,12,13.19,1,0
TXN100012,158.54,POS,0.201,2728,2,0,0.252,0,0,0,15.43,0,1
TXN100013,458.17,Online,0.537,61,3,2,0.866,0,1,6,27.5,0,0
TXN100014,236.87,POS,0.063,2460,2,1,0.335,0,0,2,63.79,0,0
TXN100015,62.85,Bank Transfer,0.424,86,1,0,0.337,1,1,14,38.48,1,1
TXN100016,214.59,ATM,0.482,45,2,0,0.901,0,0,9,9.91,1,0
TXN100017,56.89,Bank Transfer,0.922,1434,6,1,0.663,0,0,22,92.82,0,0
TXN100018,357.26,Bank Transfer,0.316,1378,6,0,0.701,0,0,6,33.88,0,0
TXN100019,141.19,POS,0.169,2864,1,0,,0,1,5,39.66,0,0
TXN100020,123.36,Online,0.008,3257,2,0,0.459,0,0,2,19.12,0,0
TXN100021,75.12,POS,0.122,3441,3,1,0.347,0,0,23,28.78,0,0
TXN100022,503.98,Bank Transfer,0.751,2286,2,1,0.339,0,0,0,1.63,0,0
TXN100023,127.16,Online,0.445,590,4,0,0.279,0,1,11,30.25,0,0
TXN100024,96.71,POS,0.199,2457,4,0,0.853,0,0,14,104.53,0,0
TXN100025,104.36,Bank Transfer,0.933,1795,3,0,0.359,0,0,0,34.94,0,1
TXN100026,252.73,ATM,0.788,1945,3,0,0.205,0,1,6,51.69,0,0
TXN100027,213.89,Bank Transfer,0.114,1846,5,0,0.797,0,0,5,19.32,0,0
TXN100028,224.24,POS,0.269,3226,2,0,0.967,0,1,10,23.94,2,0
TXN100029,228.34,POS,0.849,1406,6,0,0.79,0,0,12,31.57,0,1
TXN100030,1263.51,POS,0.692,3520,2,0,0.399,0,0,10,39.61,0,0
TXN100031,98.85,Online,0.946,1984,4,0,0.255,1,0,6,21.39,0,0
TXN100032,88.92,Online,0.076,2520,2,1,0.808,0,0,7,28.21,0,0
TXN100033,65.77,POS,0.775,3378,4,0,0.697,0,1,15,6.51,0,0
TXN100034,274.78,ATM,0.076,2978,1,0,0.277,0,0,1,38.31,0,0
TXN100035,458.96,POS,0.337,1617,4,0,0.953,0,0,20,12.21,1,0
TXN100036,132.43,Online,0.751,769,2,0,0.633,0,0,0,5.87,0,0
TXN100037,64.06,ATM,0.711,528,3,0,0.633,0,0,4,66.66,0,0
TXN100038,65.07,Online,0.002,1346,0,0,0.457,0,1,23,6.44,0,0
TXN100039,284.46,POS,0.202,2438,5,0,0.285,0,0,23,29.23,0,0
TXN100040,312.08,POS,0.779,2920,2,0,0.625,0,0,9,8.01,0,0
TXN100041,255.48,POS,0.126,143,2,1,0.478,0,0,7,4.55,1,0
TXN100042,76.29,ATM,0.326,1702,6,1,0.247,0,0,14,22.03,0,0
TXN100043,187.2,Online,0.184,3433,4,0,0.117,0,1,20,16.35,0,0
TXN100044,166.78,POS,0.111,3005,2,0,0.896,0,0,23,36.79,0,0
TXN100045,184.69,Bank Transfer,0.837,3432,4,0,,0,0,11,61.86,0,0
TXN100046,354.76,Online,0.061,3494,2,0,0.191,0,0,1,38.41,0,0
TXN100047,185.6,ATM,0.536,363,1,2,0.364,0,0,5,29.25,0,0
TXN100048,292.63,Online,0.693,2495,5,0,0.753,1,0,10,26.39,0,0
TXN100049,158.79,Bank Transfer,0.058,2024,0,1,0.682,0,1,5,46.12,0,0
TXN100050,198.17,POS,,1757,4,0,0.458,0,0,10,84.49,0,0
TXN100051,279.02,POS,0.334,2916,3,0,0.391,0,1,2,10.77,0,0
TXN100052,34.57,Bank Transfer,0.834,3413,4,0,0.989,0,0,2,25.89,0,0
TXN100053,107.81,Bank Transfer,0.798,1711,6,0,0.2,0,0,21,55.33,0,0
TXN100054,92.72,Online,0.794,2378,0,1,0.84,0,0,17,12.33,0,0
TXN100055,78.35,POS,0.399,1763,4,0,0.447,0,0,6,22.29,0,0
TXN100056,112.71,POS,0.823,2331,5,0,0.112,0,0,11,18.66,0,0
TXN100057,661.79,ATM,0.63,3542,3,0,0.819,0,0,9,46.62,0,0
TXN100058,62.44,ATM,0.379,2967,1,1,0.978,0,1,13,33.75,0,0
TXN100059,390.83,POS,0.081,864,2,0,0.847,0,0,2,45.21,0,0
TXN100060,27.58,POS,0.067,3167,2,0,0.66,0,0,1,17.69,0,0
TXN100061,106.18,Online,0.251,1935,3,0,0.771,0,0,3,49.14,0,0
TXN100062,174.64,ATM,0.3,2145,3,1,0.352,0,0,13,51.69,0,0
TXN100063,266.73,Online,0.928,446,2,0,0.35,0,0,7,41.49,0,1
TXN100064,302.24,Online,1.0,1640,5,0,0.873,0,0,22,16.17,0,0
TXN100065,328.11,Bank Transfer,0.144,1124,2,1,0.631,0,0,15,60.14,0,0
TXN100066,104.72,POS,0.943,348,3,1,0.502,0,0,12,2.78,0,0
TXN100067,93.47,Online,0.707,3110,2,1,0.668,0,1,17,57.13,0,1
TXN100068,350.01,Online,0.499,497,4,0,0.444,0,1,14,54.2,0,1
TXN100069,122.57,Online,0.955,2623,4,1,0.911,0,0,4,19.05,0,0
TXN100070,41.44,Bank Transfer,0.714,2727,3,1,0.363,0,0,10,38.31,0,1
TXN100071,47.79,Online,0.594,2245,1,0,0.244,0,1,21,11.35,0,0
TXN100072,59.18,Online,0.21,3071,3,0,0.262,0,0,16,19.92,0,0
TXN100073,244.0,POS,0.244,442,1,3,0.932,0,0,8,34.64,1,0
TXN100074,171.13,Online,0.912,88,1,0,0.377,0,0,3,3.45,0,0
TXN100075,296.04,POS,0.215,3109,3,0,0.98,0,1,17,23.09,0,0
TXN100076,96.81,POS,0.032,693,3,1,0.137,0,1,19,9.24,0,0
TXN100077,173.91,Online,0.266,1109,7,0,0.144,0,1,2,4.17,0,1
TXN100078,277.44,Online,0.481,2527,6,1,0.838,0,0,21,21.14,0,0
TXN100079,108.92,Bank Transfer,0.382,1966,5,0,0.464,0,0,12,14.66,0,0
TXN100080,234.34,Online,0.936,757,2,1,0.733,0,0,14,9.99,0,0
TXN100081,76.56,ATM,0.419,875,6,0,0.633,0,0,21,102.0,0,0
TXN100082,103.23,POS,0.889,3056,4,0,0.718,0,0,17,38.59,0,0
TXN100083,101.32,Online,0.595,1915,1,0,0.573,0,0,12,17.98,0,0
TXN100084,44.89,Bank Transfer,0.524,3369,8,0,0.733,0,0,23,27.19,0,0
TXN100085,241.52,Online,0.16,2064,1,0,0.613,0,1,11,10.97,0,0
TXN100086,92.81,ATM,0.271,2431,1,0,0.463,0,1,23,45.91,0,0
TXN100087,150.28,Online,0.867,1262,5,0,0.728,0,0,12,30.13,0,0
TXN100088,240.03,POS,0.78,138,1,0,0.209,0,0,1,32.37,0,1
TXN100089,231.95,Online,0.447,1861,6,0,0.341,0,0,7,11.82,0,0
TXN100090,288.7,POS,0.909,2673,1,0,0.269,0,0,17,24.96,0,0
TXN100091,134.49,POS,0.819,1499,5,0,0.856,0,0,3,28.55,0,0
TXN100092,97.19,POS,0.112,3143,4,0,0.66,0,0,11,20.3,1,0
TXN100093,137.04,POS,0.606,2554,1,1,0.101,0,0,14,20.9,0,0
TXN100094,27.46,POS,0.799,1862,3,1,0.843,1,0,8,34.95,0,0
TXN100095,34.91,Bank Transfer,0.808,1998,4,0,0.348,0,0,14,18.17,1,0
TXN100096,39.54,Online,0.091,853,2,0,0.11,0,0,13,5.13,0,0
TXN100097,54.75,ATM,0.225,3208,5,1,0.172,0,0,2,23.2,0,1
TXN100098,221.36,Online,0.413,245,5,1,0.599,0,1,20,19.36,0,0
TXN100099,60.01,POS,0.252,209,4,0,0.264,0,0,11,41.01,0,0
TXN100100,101.68,POS,0.109,2868,1,0,0.666,0,0,3,39.11,0,0
TXN100101,544.15,Bank Transfer,0.629,126,6,0,0.87,0,0,3,62.55,0,1
TXN100102,103.93,Online,0.507,1873,4,0,0.468,0,0,9,15.51,0,0
TXN100103,310.29,Bank Transfer,0.155,712,4,0,0.884,0,0,18,51.3,0,0
TXN100104,58.35,POS,0.586,2495,2,0,0.292,0,1,16,10.64,0,0
TXN100105,120.85,Online,0.062,459,4,0,0.677,0,0,15,39.9,0,0
TXN100106,57.4,ATM,0.383,988,4,0,0.903,0,0,23,12.12,0,0
TXN100107,105.74,Bank Transfer,0.793,1933,3,0,0.595,0,0,21,10.46,0,0
TXN100108,343.89,POS,0.89,1397,5,1,0.802,0,0,2,26.6,0,1
TXN100109,26.38,Bank Transfer,0.245,754,1,0,0.645,0,0,17,11.77,0,0
TXN100110,229.16,Online,0.86,255,1,0,0.244,0,0,12,24.29,0,0
TXN100111,188.24,ATM,0.892,88,3,1,0.927,0,0,15,30.6,0,0
TXN100112,81.93,Online,0.607,724,2,0,0.284,0,0,20,7.94,0,0
TXN100113,34.95,Online,0.982,1053,3,0,0.807,0,0,15,6.72,0,0
TXN100114,159.51,POS,0.246,463,2,1,0.184,0,0,15,22.45,0,0
TXN100115,87.4,ATM,0.069,1873,5,1,0.54,0,0,12,17.13,0,0
TXN100116,187.29,POS,0.843,3236,1,1,0.624,0,0,7,26.4,1,0
TXN100117,151.69,Online,0.491,2615,2,0,0.708,1,0,20,55.54,0,0
TXN100118,736.4,Online,0.346,1141,2,0,0.732,0,0,0,101.75,0,0
TXN100119,116.82,ATM,0.055,1616,2,0,0.15,0,1,10,56.21,0,1
TXN100120,53.33,Online,0.065,2815,3,0,0.391,0,0,16,27.82,0,0
TXN100121,177.55,Online,0.091,3515,1,0,0.701,0,0,13,38.19,0,0
TXN100122,184.93,Online,0.184,2026,3,0,0.437,0,0,15,24.49,0,0
TXN100123,577.78,Online,0.97,752,5,0,0.502,0,0,19,37.09,0,0
TXN100124,342.1,Online,0.281,3170,2,0,0.188,0,0,10,21.54,0,1
TXN100125,212.06,Online,0.817,1890,2,1,0.64,0,0,19,30.09,0,0
TXN100126,641.18,ATM,0.019,137,5,1,0.395,0,0,14,11.78,0,0
TXN100127,45.21,Online,0.322,946,1,1,0.202,0,0,11,15.54,0,0
TXN100128,78.28,POS,0.906,1958,5,0,0.554,0,0,6,23.07,0,0
TXN100129,58.76,Online,0.185,2950,6,0,0.462,0,0,20,54.22,0,0
TXN100130,100.5,POS,0.284,3114,4,0,0.667,0,0,16,25.02,0,0
TXN100131,37.46,POS,0.827,709,1,2,0.306,0,0,13,24.73,0,0
TXN100132,280.1,ATM,0.121,2646,2,0,0.237,0,0,20,28.07,0,0
TXN100133,118.84,Online,0.053,3510,1,0,0.408,0,1,9,22.54,0,0
TXN100134,34.1,Online,0.966,2921,2,0,0.927,0,0,13,34.71,0,0
TXN100135,53.75,Bank Transfer,0.405,2624,5,0,0.293,0,0,23,28.51,0,0
TXN100136,203.06,POS,0.658,2911,4,0,0.366,0,0,22,22.45,0,1
TXN100137,343.14,POS,0.127,2045,6,1,0.806,0,0,16,33.12,0,0
TXN100138,1093.05,POS,0.22,2225,4,0,0.784,0,0,21,20.72,1,0
TXN100139,2734.93,POS,0.46,1957,4,0,0.455,0,0,8,23.27,0,0
TXN100140,224.62,ATM,0.675,3489,2,0,0.83,1,1,20,72.92,0,0
TXN100141,55.17,ATM,0.293,1342,2,0,0.773,0,0,8,19.41,0,0
TXN100142,17.6,Online,0.885,2841,2,0,0.356,0,0,9,19.07,0,0
TXN100143,193.97,POS,0.781,106,3,0,0.659,0,0,22,4.86,0,0
TXN100144,65.83,Online,0.552,1545,5,0,0.335,0,0,21,15.55,0,0
TXN100145,97.97,POS,0.459,3342,4,0,0.569,0,0,7,21.84,1,0
TXN100146,80.47,Online,0.62,910,3,0,0.499,0,0,16,17.79,0,0
TXN100147,128.92,Online,0.732,2907,6,0,0.529,0,0,13,31.38,0,0
TXN100148,430.94,POS,0.135,1848,3,0,0.959,0,0,21,15.2,0,0
TXN100149,173.65,ATM,0.853,518,4,0,0.813,1,0,6,39.62,0,0
TXN100150,126.64,ATM,0.489,415,3,0,0.657,0,0,16,5.6,0,0
TXN100151,52.69,POS,0.935,471,6,1,0.146,1,0,16,14.45,1,0
TXN100152,27.81,Online,0.956,1714,2,2,0.215,0,1,18,25.54,0,1
TXN100153,91.26,Online,0.031,1145,5,0,0.676,0,0,12,24.14,0,0
TXN100154,140.64,POS,0.384,3268,4,0,0.927,0,0,20,26.19,1,0
TXN100155,869.51,POS,0.526,2792,3,0,0.144,0,0,10,2.23,0,1
TXN100156,169.06,Online,0.54,547,2,0,0.991,0,1,21,30.23,1,0
TXN100157,396.53,Bank Transfer,0.822,1851,4,0,0.524,0,0,18,16.96,1,0
TXN100158,90.08,Online,0.141,2802,4,0,0.443,0,0,14,28.94,0,1
TXN100159,45.38,Online,0.622,2398,1,0,0.714,0,0,5,29.9,0,0
TXN100160,56.54,Online,0.943,63,4,0,0.991,0,0,11,73.57,0,0
TXN100161,71.86,Online,0.997,52,2,1,0.284,0,0,20,27.62,0,0
TXN100162,1246.97,POS,0.01,2143,3,0,0.967,0,0,12,80.12,0,0
TXN100163,65.28,Online,0.973,3373,3,2,0.212,0,0,1,17.28,0,1
TXN100164,343.26,Bank Transfer,0.122,212,7,1,0.829,0,0,16,44.0,1,0
TXN100165,60.16,ATM,0.537,629,1,0,0.733,0,0,3,8.41,0,0
TXN100166,376.75,Bank Transfer,0.246,712,2,0,0.539,0,0,3,22.99,0,0
TXN100167,218.1,POS,0.606,1184,0,0,0.592,0,0,13,40.4,0,0
TXN100168,126.9,Online,0.037,3253,2,1,0.979,0,0,0,21.27,0,0
TXN100169,142.49,Online,,3458,2,1,0.789,0,0,11,,0,0
TXN100170,77.11,POS,0.301,1139,1,0,0.991,0,1,8,4.92,0,0
TXN100171,231.85,POS,0.916,2683,6,0,0.202,0,0,10,15.54,0,0
TXN100172,94.16,ATM,0.584,66,4,0,0.457,1,0,2,15.66,0,1
TXN100173,43.57,Online,0.708,1880,6,0,0.324,0,0,23,7.32,0,0
TXN100174,41.35,Online,0.676,2302,0,0,0.394,0,0,1,14.04,0,1
TXN100175,176.37,POS,0.392,3153,2,0,0.97,0,0,6,11.74,1,0
TXN100176,719.88,Online,0.014,3004,6,0,0.599,0,0,19,25.52,0,0
TXN100177,174.16,POS,0.107,251,3,0,0.85,0,0,15,26.4,0,0
TXN100178,131.81,POS,0.459,1525,1,0,0.108,0,0,8,41.77,0,1
TXN100179,197.52,Online,0.941,306,1,0,0.57,0,0,13,36.53,0,0
TXN100180,547.85,POS,0.249,64,3,0,0.961,0,1,12,22.52,0,0
TXN100181,184.82,Bank Transfer,0.698,591,5,0,0.407,0,0,5,119.06,0,0
TXN100182,98.4,Online,0.827,3407,3,1,0.545,0,0,10,39.69,1,1
TXN100183,448.67,POS,0.907,987,6,0,0.37,0,0,13,104.22,0,1
TXN100184,227.87,POS,0.293,2707,1,0,0.74,0,0,7,4.01,1,0
TXN100185,689.35,ATM,0.931,2596,2,1,0.108,0,0,23,2.16,1,1
TXN100186,178.26,POS,0.608,3170,2,0,0.613,0,0,5,30.29,0,0
TXN100187,43.62,POS,0.508,1957,1,1,0.2,0,0,4,31.01,0,0
TXN100188,37.78,Online,0.778,3560,1,0,0.508,0,0,8,15.84,0,0
TXN100189,773.5,POS,0.239,1572,4,0,0.554,0,1,4,15.48,0,0
TXN100190,831.86,Online,0.813,2880,1,0,0.467,0,0,5,24.91,0,0
TXN100191,124.02,Online,0.65,2862,6,0,0.146,0,0,6,7.17,0,0
TXN100192,101.17,POS,0.799,1997,3,0,0.602,0,0,4,58.6,0,0
TXN100193,639.98,ATM,0.856,1178,1,0,0.326,0,0,12,31.17,0,1
TXN100194,49.06,Online,0.617,605,3,0,0.497,0,0,21,43.18,0,0
TXN100195,60.66,Online,0.037,339,1,0,0.182,0,0,11,12.12,0,0
TXN100196,282.4,POS,0.298,1837,1,0,0.247,0,1,10,13.22,0,1
TXN100197,100.02,Online,0.878,1466,3,1,0.654,0,0,18,31.52,0,0
TXN100198,147.65,POS,0.627,787,2,3,0.994,0,0,14,26.11,0,0
TXN100199,126.03,Online,0.89,2804,5,0,0.983,0,1,22,48.13,0,1
TXN100200,208.01,POS,0.385,618,4,0,0.203,0,0,14,,0,1
TXN100201,606.36,Bank Transfer,0.505,1746,4,0,0.622,0,0,16,36.33,0,0
TXN100202,162.48,POS,0.863,1582,3,0,0.913,0,0,17,19.86,0,0
TXN100203,282.57,Bank Transfer,0.762,3567,3,1,0.459,0,0,13,74.75,0,0
TXN100204,19.1,Bank Transfer,0.378,407,2,1,0.824,0,0,7,10.73,0,0
TXN100205,141.36,Online,0.023,3129,5,0,0.228,0,0,2,,0,0
TXN100206,63.86,POS,0.88,2507,1,0,0.987,0,0,0,9.54,0,0
TXN100207,43.87,Online,0.786,2893,5,1,0.679,0,0,5,38.6,0,0
TXN100208,61.67,Bank Transfer,0.449,2845,4,1,0.656,0,0,3,59.73,0,0
TXN100209,106.26,Online,0.546,2828,3,0,0.623,0,0,18,14.19,0,0
TXN100210,370.89,Online,0.204,1605,2,0,0.912,1,0,20,47.51,0,0
TXN100211,39.39,POS,0.412,2133,2,0,0.378,0,0,14,24.65,0,0
TXN100212,153.03,ATM,0.163,1350,2,1,0.292,0,0,3,34.89,0,0
TXN100213,91.45,POS,0.211,3292,4,0,0.581,0,0,0,18.48,0,0
TXN100214,106.95,POS,0.846,846,5,0,0.986,0,0,22,7.28,0,0
TXN100215,404.54,POS,0.362,2165,3,1,0.985,0,0,15,52.82,0,0
TXN100216,254.2,Online,0.815,793,5,0,0.182,0,0,15,39.59,0,0
TXN100217,565.32,Bank Transfer,0.474,1378,4,0,0.143,0,0,10,42.49,0,0
TXN100218,127.17,ATM,0.071,3516,5,0,0.827,0,0,17,38.41,0,0
TXN100219,74.0,POS,0.362,739,2,0,0.679,0,0,19,28.21,0,0
TXN100220,118.65,POS,0.158,3237,3,1,0.663,0,0,9,18.37,0,1
TXN100221,189.14,ATM,0.694,2973,4,2,0.729,0,0,9,59.96,0,1
TXN100222,177.07,Online,0.911,1355,3,1,0.128,1,0,15,17.56,0,1
TXN100223,50.18,POS,0.763,1373,4,0,0.469,0,0,12,11.4,0,0
TXN100224,162.47,Online,0.778,50,4,0,0.532,0,0,7,22.9,0,0
TXN100225,186.46,Online,0.862,2893,3,0,0.693,0,1,14,11.25,0,1
TXN100226,1839.91,Bank Transfer,0.777,2441,2,2,0.622,0,0,21,40.0,0,0
TXN100227,969.56,Online,0.569,3588,8,0,0.78,0,1,14,40.65,0,0
TXN100228,63.23,POS,0.714,1085,2,0,0.588,0,0,16,31.67,0,0
TXN100229,111.34,Online,0.416,1473,0,1,0.669,0,0,22,40.1,0,0
TXN100230,34.35,POS,0.071,2515,3,0,0.105,0,0,21,62.5,0,0
TXN100231,82.21,Bank Transfer,0.706,1263,2,1,0.673,0,0,11,34.44,0,0
TXN100232,203.49,Online,0.722,1183,1,0,0.56,0,0,6,37.95,0,0
TXN100233,495.64,POS,0.224,645,3,0,0.472,0,0,19,21.68,0,0
TXN100234,71.59,Online,0.954,3606,6,0,0.727,0,0,13,19.19,0,0
TXN100235,77.16,POS,0.053,1750,2,1,,0,0,19,13.82,0,0
TXN100236,17.33,POS,0.736,2815,3,0,0.792,1,0,16,17.9,0,0
TXN100237,126.13,Online,0.968,2397,4,0,0.898,0,0,19,26.63,0,0
TXN100238,51.29,ATM,0.309,2199,3,1,0.202,0,1,19,21.38,0,0
TXN100239,87.41,ATM,0.912,1162,4,1,0.419,0,0,1,14.33,0,0
TXN100240,61.75,Online,0.826,1171,4,1,0.882,1,1,8,23.72,0,0
TXN100241,135.06,POS,0.744,1788,5,3,0.156,0,0,10,23.31,0,0
TXN100242,25.59,Online,0.954,519,3,0,0.305,1,0,4,44.89,0,0
TXN100243,34.22,Online,0.654,1974,1,1,0.825,0,0,17,50.49,0,0
TXN100244,1247.94,POS,0.495,358,5,0,0.421,0,1,21,61.87,0,1
TXN100245,40.96,Bank Transfer,0.676,1026,2,0,0.405,1,1,10,6.0,0,0
TXN100246,49.56,Bank Transfer,0.412,2321,3,0,0.459,0,1,10,30.69,0,0
TXN100247,931.61,POS,,115,3,0,0.97,1,0,13,3.08,0,0
TXN100248,2710.98,ATM,0.082,192,6,0,0.152,0,0,5,23.65,0,0
TXN100249,45.99,Online,0.378,810,1,0,0.43,0,1,22,58.47,0,0
TXN100250,102.69,POS,0.803,2766,2,1,0.426,0,1,8,45.47,0,1
TXN100251,208.84,Online,0.945,2937,4,0,0.981,0,0,15,61.93,0,0
TXN100252,836.06,POS,0.975,33,2,0,0.359,0,0,20,4.6,0,1
TXN100253,55.32,POS,0.207,1036,2,0,0.95,0,0,21,37.17,0,0
TXN100254,116.13,Bank Transfer,0.571,235,5,0,0.463,0,0,3,5.68,0,0
TXN100255,322.9,Online,0.576,80,5,0,0.511,0,0,13,20.56,0,0
TXN100256,229.24,POS,0.176,3440,2,0,0.709,0,0,12,72.0,0,0
TXN100257,101.88,Online,0.582,1568,1,1,0.532,0,0,2,40.23,1,0
TXN100258,129.82,Bank Transfer,0.363,2908,5,0,0.295,0,0,15,47.03,0,0
TXN100259,37.53,Online,0.942,2500,3,1,0.856,0,0,16,31.5,0,0
TXN100260,116.96,Bank Transfer,0.255,1657,3,0,0.354,0,1,12,10.19,0,0
TXN100261,113.71,Bank Transfer,0.835,2753,4,0,0.871,0,0,12,39.37,0,0
TXN100262,187.2,POS,0.897,930,1,0,0.971,0,0,12,56.12,0,0
TXN100263,85.17,Online,0.736,1528,3,0,0.58,0,0,16,17.12,0,1
TXN100264,237.83,Online,0.215,1400,5,0,0.257,0,0,8,61.94,1,0
TXN100265,408.59,ATM,0.26,2100,3,0,0.246,0,0,16,2.46,0,0
TXN100266,173.37,POS,0.971,792,2,0,0.867,0,0,7,9.64,0,0
TXN100267,210.98,POS,0.076,2728,2,0,0.355,0,0,16,9.74,0,0
TXN100268,156.52,POS,0.117,3077,1,0,0.545,0,0,23,18.2,1,0
TXN100269,148.43,Online,,3249,5,1,0.806,0,0,18,46.46,0,0
TXN100270,72.13,ATM,0.777,3266,2,0,0.15,0,0,18,2.01,0,1
TXN100271,203.67,ATM,0.746,2346,3,1,0.49,0,0,21,47.4,0,0
TXN100272,134.65,Online,0.16,2918,4,0,0.704,0,0,6,42.35,0,0
TXN100273,1203.72,POS,0.489,2530,0,0,0.617,0,0,16,7.9,0,0
TXN100274,715.77,POS,0.841,3480,7,0,0.466,0,1,2,,0,1
TXN100275,218.29,ATM,0.329,387,2,0,0.418,0,0,11,8.68,0,0
TXN100276,69.2,Online,0.193,748,8,1,0.172,0,0,22,5.06,1,0
TXN100277,48.79,ATM,0.011,1552,6,0,0.645,0,0,14,13.22,0,0
TXN100278,488.4,POS,0.623,2277,6,0,0.152,0,0,22,4.64,0,0
TXN100279,193.01,Online,0.294,3248,1,1,0.569,0,1,15,27.07,0,1
TXN100280,239.88,Bank Transfer,0.864,372,6,0,0.22,1,1,6,12.72,0,0
TXN100281,25.93,POS,0.284,611,3,0,0.136,1,0,6,15.38,0,0
TXN100282,375.19,POS,0.152,3145,0,0,0.538,0,0,18,4.82,0,0
TXN100283,233.79,Online,0.96,1152,2,0,0.375,0,1,13,23.49,0,1
TXN100284,48.89,Online,0.965,90,1,0,0.54,0,0,14,28.71,0,0
TXN100285,92.62,Bank Transfer,0.685,2484,2,1,0.247,0,1,19,6.45,1,0
TXN100286,193.2,Bank Transfer,0.928,3207,2,0,0.97,0,0,13,23.08,0,0
TXN100287,156.41,ATM,0.162,3295,3,0,0.113,0,0,4,26.36,0,0
TXN100288,110.81,POS,0.46,3122,3,0,0.222,0,0,9,182.45,0,0
TXN100289,133.82,Online,0.204,243,6,0,0.74,0,0,3,26.74,0,0
TXN100290,115.36,Bank Transfer,0.479,518,3,0,0.937,0,0,11,59.36,0,0
TXN100291,172.87,Online,0.791,3181,2,0,0.141,0,0,18,50.46,0,1
TXN100292,646.45,Bank Transfer,0.845,2538,2,0,0.12,0,0,19,42.79,0,0
TXN100293,11.4,Online,0.004,827,4,0,0.603,0,0,23,15.73,1,0
TXN100294,117.11,POS,0.39,1433,1,0,0.497,0,0,6,47.7,0,1
TXN100295,177.06,Online,0.994,3146,1,0,0.284,0,0,13,11.72,0,1
TXN100296,199.54,Online,0.589,3392,4,0,0.219,0,0,14,10.31,0,0
TXN100297,102.32,POS,0.296,3249,3,0,0.868,0,0,7,44.33,1,0
TXN100298,25.62,POS,0.389,1696,4,0,0.212,0,0,23,56.43,0,0
TXN100299,206.02,Online,0.323,2837,4,0,0.726,0,0,17,17.49,2,1
TXN100300,834.93,POS,0.448,193,3,1,0.844,0,0,7,18.11,1,0
TXN100301,32.01,POS,0.444,3374,1,0,0.12,0,0,19,25.63,0,0
TXN100302,352.07,Online,0.507,833,3,1,0.77,0,0,8,47.89,0,0
TXN100303,106.86,ATM,0.465,3509,2,0,0.715,0,0,3,34.86,1,0
TXN100304,139.59,Online,0.516,89,3,0,0.589,0,1,14,71.0,0,0
TXN100305,51.79,Bank Transfer,0.028,3379,2,0,0.171,1,0,10,37.62,0,0
TXN100306,106.22,Bank Transfer,0.054,1937,2,0,0.917,0,0,20,1.64,0,0
TXN100307,544.6,Online,0.371,1887,1,0,0.918,0,0,18,16.45,0,0
TXN100308,265.78,POS,0.885,2479,6,0,0.407,0,0,1,18.21,0,0
TXN100309,839.08,ATM,0.791,1708,3,1,0.403,0,0,14,24.18,0,0
TXN100310,481.74,POS,0.11,3472,3,1,0.592,0,0,12,13.49,1,0
TXN100311,230.23,ATM,0.495,410,3,0,0.888,0,0,20,14.0,0,0
TXN100312,848.89,Online,0.605,2405,3,0,0.939,1,0,5,36.74,0,0
TXN100313,230.21,Online,0.481,812,4,2,0.324,0,0,5,42.31,0,0
TXN100314,339.67,Online,0.698,164,4,0,0.601,0,0,2,20.76,0,0
TXN100315,110.32,Online,0.997,2391,1,0,0.428,0,0,22,54.37,0,0
TXN100316,158.63,Bank Transfer,0.096,2483,6,0,0.296,0,0,20,17.88,0,0
TXN100317,73.89,POS,0.516,490,2,0,0.103,0,0,14,21.63,0,0
TXN100318,399.25,Bank Transfer,0.512,2661,0,0,0.364,0,0,10,14.03,0,0
TXN100319,45.68,POS,0.562,3441,3,0,0.395,0,0,6,13.63,0,0
TXN100320,324.52,ATM,0.167,2547,3,0,0.689,1,0,9,8.94,0,0
TXN100321,122.65,Bank Transfer,0.638,851,3,1,0.68,0,1,17,9.69,0,0
TXN100322,478.78,Online,0.044,336,4,0,0.981,0,0,12,4.88,0,0
TXN100323,314.46,POS,0.741,348,5,0,0.697,0,0,18,26.0,0,0
TXN100324,916.58,ATM,0.663,2269,2,0,0.238,0,0,17,27.67,1,0
TXN100325,308.21,ATM,0.33,881,2,1,0.631,0,0,8,34.39,0,0
TXN100326,30.81,POS,0.989,1373,4,0,0.249,0,0,21,16.93,0,0
TXN100327,138.8,Online,0.829,207,0,0,0.239,0,0,11,25.65,0,0
TXN100328,45.97,ATM,0.54,1625,3,0,0.935,1,0,15,26.33,0,0
TXN100329,88.39,POS,0.991,631,4,0,0.261,0,1,14,18.85,0,1
TXN100330,672.65,Online,0.83,1578,3,1,0.529,0,0,12,11.27,0,0
TXN100331,280.77,Online,0.138,2157,1,0,0.917,1,1,22,14.29,0,1
TXN100332,73.78,POS,0.591,3508,2,1,0.646,0,0,17,74.82,0,0
TXN100333,53.85,ATM,0.581,1076,3,0,0.514,0,0,14,44.63,0,0
TXN100334,153.36,POS,0.653,1192,4,0,0.402,0,0,5,17.28,0,0
TXN100335,43.97,Bank Transfer,0.941,2930,4,3,0.213,0,1,5,10.89,0,1
TXN100336,75.86,Online,0.492,3479,4,1,0.873,0,0,8,87.02,0,1
TXN100337,202.76,Online,0.077,1495,1,0,0.823,0,0,23,36.33,0,0
TXN100338,471.21,Online,0.479,1281,2,0,0.927,1,0,5,11.49,0,0
TXN100339,272.81,Online,0.788,2614,5,0,0.797,0,0,20,69.91,0,0
TXN100340,15.01,ATM,0.359,2750,5,0,0.541,0,0,11,25.19,0,0
TXN100341,201.21,Online,0.027,2594,5,0,0.274,0,0,7,33.75,1,0
TXN100342,159.5,ATM,0.303,2346,0,3,0.893,0,0,4,45.69,0,0
TXN100343,224.5,Online,0.682,521,1,0,0.284,0,0,3,25.13,0,1
TXN100344,747.11,POS,0.086,979,6,2,0.521,0,0,0,5.43,0,0
TXN100345,18.85,POS,0.376,234,0,0,0.693,0,0,20,8.52,0,0
TXN100346,82.18,ATM,0.133,1441,8,0,0.864,0,0,21,13.21,0,0
TXN100347,267.98,Online,0.476,3078,1,1,0.859,0,1,3,37.69,2,0
TXN100348,30.52,Online,0.142,839,5,0,0.428,0,0,5,55.85,0,0
TXN100349,649.34,Online,0.109,2567,3,0,0.21,0,0,8,29.88,0,0
TXN100350,214.51,Online,0.698,1553,3,0,0.541,0,0,13,44.02,0,0
TXN100351,346.05,Online,0.158,663,4,1,0.886,0,0,23,13.13,0,0
TXN100352,83.85,Online,0.155,837,4,0,,0,0,6,17.67,0,0
TXN100353,334.88,Bank Transfer,0.593,2491,5,0,0.584,0,0,3,12.27,0,0
TXN100354,432.02,POS,0.044,2892,4,0,0.242,0,0,1,29.78,0,0
TXN100355,187.33,Online,0.033,1222,5,1,0.769,0,0,15,56.43,0,0
TXN100356,187.62,POS,0.431,3351,2,0,0.646,0,0,0,39.08,0,1
TXN100357,194.48,ATM,0.365,235,5,1,0.766,0,0,8,12.85,0,0
TXN100358,62.59,Online,0.545,2110,7,1,0.361,0,0,11,13.64,0,0
TXN100359,128.06,Online,0.993,858,2,0,0.709,0,0,15,26.35,0,0
TXN100360,127.42,ATM,0.435,3258,2,2,0.254,0,0,4,19.95,0,0
TXN100361,217.76,Online,0.576,2766,1,0,0.477,0,0,10,5.93,0,0
TXN100362,403.36,POS,0.919,242,5,1,0.857,0,0,11,13.29,0,0
TXN100363,51.49,Online,0.483,1444,4,0,0.56,0,0,21,42.59,0,0
TXN100364,130.97,POS,0.781,2729,4,1,0.909,0,0,9,8.32,0,0
TXN100365,652.92,Bank Transfer,0.549,2002,3,0,0.835,0,0,21,19.75,0,0
TXN100366,70.56,ATM,0.637,1803,3,0,0.575,0,1,1,45.85,0,0
TXN100367,65.22,ATM,0.933,524,4,2,0.406,0,0,5,21.01,0,1
TXN100368,181.69,Bank Transfer,0.001,2095,3,0,0.773,0,0,12,7.55,0,0
TXN100369,345.29,ATM,0.901,365,1,0,0.776,0,0,23,24.65,0,1
TXN100370,150.12,Online,0.498,1183,4,1,0.567,0,0,17,4.39,0,0
TXN100371,560.57,POS,0.607,896,2,2,0.224,0,0,15,5.1,0,1
TXN100372,349.6,POS,0.45,2408,0,0,0.388,0,0,1,43.43,0,0
TXN100373,344.41,Bank Transfer,0.261,1740,3,0,0.531,0,0,10,33.58,0,0
TXN100374,258.3,Bank Transfer,0.066,1569,1,0,0.95,0,0,21,11.62,0,0
TXN100375,1521.81,ATM,0.945,3096,3,0,0.796,0,0,3,30.63,0,1
TXN100376,120.88,POS,0.624,1440,4,0,0.8,0,0,12,37.82,0,0
TXN100377,20.01,POS,0.873,2793,2,1,0.284,0,0,15,14.17,0,0
TXN100378,738.23,Bank Transfer,0.291,3244,4,0,0.24,1,1,5,60.57,0,1
TXN100379,93.91,POS,0.278,609,2,1,0.975,0,0,11,26.85,0,0
TXN100380,165.32,Online,0.336,2725,4,0,0.359,0,0,8,4.56,0,1
TXN100381,549.8,POS,0.231,288,8,1,0.69,0,0,20,24.07,0,0
TXN100382,29.9,POS,0.498,2351,4,0,0.778,0,0,9,14.18,0,0
TXN100383,42.45,Online,0.936,846,3,0,0.57,0,0,14,26.36,0,0
TXN100384,29.93,Bank Transfer,0.876,956,5,0,0.167,0,0,7,40.14,0,0
TXN100385,67.08,ATM,0.495,3115,2,2,0.402,0,0,10,7.79,0,0
TXN100386,230.36,Online,0.349,705,4,2,0.938,0,1,14,30.13,0,0
TXN100387,250.68,Online,0.612,1897,3,0,0.602,0,0,20,,0,0
TXN100388,195.64,Bank Transfer,0.612,2857,3,0,0.956,0,0,19,21.99,0,0
TXN100389,36.13,Online,0.684,2950,4,0,0.246,0,0,3,10.56,1,0
TXN100390,14.73,Online,0.536,770,3,0,0.161,0,0,3,33.32,0,0
TXN100391,156.7,Online,0.027,1367,2,0,0.694,0,0,7,4.29,0,0
TXN100392,92.59,POS,0.076,2063,2,0,0.35,0,0,15,8.49,0,0
TXN100393,234.95,POS,0.974,2167,2,0,0.615,0,0,11,10.92,1,0
TXN100394,299.45,ATM,0.746,622,1,0,0.43,1,0,3,16.91,0,1
TXN100395,170.42,Online,0.948,2182,5,0,0.324,0,0,8,24.52,0,1
TXN100396,317.39,POS,0.34,35,4,0,0.179,0,0,13,49.24,0,0
TXN100397,186.65,POS,0.535,2298,2,0,0.597,0,0,11,32.98,0,0
TXN100398,252.16,Bank Transfer,0.322,2693,3,0,0.149,0,0,8,38.96,0,0
TXN100399,73.36,Online,0.909,1731,1,0,0.746,0,0,10,44.37,0,0
TXN100400,124.01,Online,0.288,918,3,0,0.337,0,0,16,14.88,1,0
TXN100401,180.69,POS,0.694,896,3,0,0.227,0,0,9,42.87,0,0
TXN100402,337.15,Bank Transfer,0.175,2528,2,0,0.847,0,1,14,11.9,0,0
TXN100403,100.11,Bank Transfer,0.105,1581,1,1,0.912,1,1,16,17.38,0,0
TXN100404,249.93,Online,0.156,3392,2,1,,0,0,13,24.07,0,0
TXN100405,113.77,POS,0.529,3558,5,0,0.956,0,1,13,22.66,0,0
TXN100406,131.95,Online,0.845,1601,2,0,,0,0,5,45.94,0,0
TXN100407,340.2,ATM,0.999,1015,3,1,0.208,0,0,4,71.0,0,0
TXN100408,20.23,ATM,0.623,2969,5,0,0.432,0,0,17,25.39,0,0
TXN100409,40.59,Bank Transfer,0.534,2653,1,0,0.594,0,0,18,94.57,0,0
TXN100410,33.71,Online,0.787,625,2,0,0.336,0,0,15,29.48,0,1
TXN100411,14.39,POS,0.064,3449,1,1,0.803,0,1,21,30.77,0,0
TXN100412,75.32,Online,0.809,755,5,0,0.206,0,0,13,34.49,0,0
TXN100413,314.01,ATM,0.758,2079,4,0,0.896,0,0,1,39.98,0,0
TXN100414,111.62,POS,0.53,706,5,1,0.476,0,0,19,52.45,0,0
TXN100415,180.87,POS,0.023,1801,8,0,0.979,0,1,23,22.45,0,0
TXN100416,441.08,ATM,0.202,2291,4,0,0.503,0,0,18,29.42,0,0
TXN100417,559.86,Online,0.37,467,1,0,0.115,0,0,18,10.09,0,0
TXN100418,138.5,ATM,0.941,968,3,0,0.451,0,0,21,24.03,0,0
TXN100419,574.55,POS,0.638,2756,1,0,0.455,0,0,10,9.26,0,1
TXN100420,162.74,POS,0.51,3490,3,0,0.423,1,0,0,14.37,0,1
TXN100421,64.24,POS,0.488,3329,3,0,0.777,0,1,18,45.72,0,0
TXN100422,81.91,Online,0.78,2751,2,1,0.627,0,0,10,55.48,0,0
TXN100423,33.77,ATM,0.324,3580,5,0,0.915,0,0,6,11.16,0,0
TXN100424,61.06,Online,0.095,627,4,0,0.663,0,0,14,7.75,0,0
TXN100425,103.75,Online,0.677,760,5,0,0.626,0,0,5,49.37,0,0
TXN100426,331.49,POS,0.329,1498,0,0,0.345,0,0,23,42.95,0,0
TXN100427,829.46,Online,0.326,3360,2,1,0.695,0,1,1,19.54,1,0
TXN100428,37.26,Bank Transfer,0.455,2921,2,1,0.731,1,0,11,7.92,0,0
TXN100429,219.82,ATM,0.243,1370,7,0,0.14,0,0,17,79.17,0,0
TXN100430,52.43,POS,0.922,88,3,0,0.147,0,1,5,48.86,0,1
TXN100431,238.58,Online,,2271,2,0,0.289,0,0,17,86.05,0,0
TXN100432,130.18,POS,0.991,1147,4,1,0.626,0,0,1,52.63,0,0
TXN100433,23.79,POS,0.965,839,1,1,0.672,0,0,3,62.54,0,0
TXN100434,375.51,POS,0.314,805,4,0,0.421,0,0,13,27.83,0,0
TXN100435,81.04,POS,0.381,929,3,0,0.32,0,0,7,30.84,0,0
TXN100436,87.02,POS,0.698,1184,3,0,0.248,0,0,8,43.55,0,1
TXN100437,50.92,ATM,0.016,2270,1,0,0.371,0,0,17,36.86,0,0
TXN100438,77.15,POS,,622,2,1,0.508,0,0,20,11.62,0,0
TXN100439,227.67,ATM,0.011,1785,6,0,0.64,0,0,6,7.62,0,0
TXN100440,122.82,Bank Transfer,0.531,3364,4,0,0.884,1,0,14,59.53,0,0
TXN100441,206.16,Online,0.669,3521,4,1,0.671,0,1,11,17.27,0,1
TXN100442,213.13,Online,0.914,3032,3,0,0.592,0,0,3,40.98,0,1
TXN100443,555.94,ATM,0.644,987,3,1,0.411,1,0,1,39.76,0,0
TXN100444,105.34,POS,0.597,559,0,0,0.488,0,0,17,,0,0
TXN100445,33.89,Online,0.3,3208,4,1,0.68,0,0,7,20.5,0,0
TXN100446,431.48,Online,0.591,1492,1,1,0.673,0,0,11,37.46,0,0
TXN100447,106.54,ATM,0.75,1696,7,1,0.29,1,0,4,59.63,0,0
TXN100448,452.41,ATM,0.516,1573,7,2,0.829,0,0,4,23.42,0,0
TXN100449,217.76,ATM,0.78,517,4,0,0.847,0,0,23,7.6,0,0
TXN100450,130.17,Online,0.07,2641,1,1,0.983,0,0,19,22.03,0,0
TXN100451,210.35,Online,0.335,895,7,0,0.905,0,1,17,17.94,0,1
TXN100452,1044.21,ATM,0.96,874,0,1,0.191,0,1,5,10.54,0,0
TXN100453,1184.39,Bank Transfer,0.323,2765,2,0,0.491,0,0,13,12.35,0,0
TXN100454,159.08,Online,0.622,2610,1,0,0.152,1,0,22,31.75,0,0
TXN100455,174.2,Bank Transfer,0.52,3022,1,2,0.792,1,0,3,58.15,0,0
TXN100456,435.39,Bank Transfer,0.937,2586,3,1,0.885,0,0,5,60.26,0,0
TXN100457,63.71,Online,0.163,173,5,0,0.541,1,0,13,23.46,0,0
TXN100458,207.07,POS,0.299,1540,3,0,0.267,0,0,20,6.88,0,0
TXN100459,144.62,POS,0.862,1514,1,0,0.513,0,0,16,26.08,0,0
TXN100460,203.14,ATM,0.666,1193,2,1,0.218,0,0,5,27.59,0,0
TXN100461,64.5,POS,0.543,1818,3,1,0.181,0,1,2,12.94,0,0
TXN100462,30.28,Online,0.395,1829,7,0,0.21,0,0,22,35.46,0,1
TXN100463,18.67,Online,0.411,2256,4,0,0.191,0,0,15,49.34,0,0
TXN100464,48.55,Bank Transfer,0.935,3505,2,0,0.904,0,1,15,41.97,0,0
TXN100465,93.81,ATM,0.671,2385,3,0,0.128,0,1,18,12.79,0,0
TXN100466,110.7,ATM,0.929,3406,0,0,0.354,0,0,12,24.13,0,0
TXN100467,1029.91,Online,0.972,3036,1,0,0.285,0,0,12,17.59,0,0
TXN100468,448.54,POS,0.547,2687,7,1,0.501,0,0,19,19.77,0,1
TXN100469,56.71,Online,0.61,1019,6,0,0.33,0,0,12,75.57,0,0
TXN100470,210.13,POS,0.656,2122,3,0,0.325,0,0,19,6.71,0,0
TXN100471,98.78,Online,0.839,435,3,1,0.903,0,0,7,3.61,0,0
TXN100472,111.68,Bank Transfer,0.659,3374,3,0,0.695,0,0,0,26.25,0,0
TXN100473,178.63,Online,0.115,705,2,0,0.367,0,0,9,34.6,0,0
TXN100474,275.66,Online,0.942,893,4,0,0.389,0,0,2,9.2,0,1
TXN100475,105.71,Online,0.661,3421,2,1,0.432,0,0,18,14.62,0,0
TXN100476,430.03,ATM,0.87,470,3,0,0.456,0,0,15,27.81,0,0
TXN100477,47.37,Online,0.425,2008,3,1,0.269,0,1,6,4.55,0,0
TXN100478,149.36,Online,0.475,2109,5,0,0.415,0,0,15,51.45,0,0
TXN100479,1993.55,POS,0.689,823,2,0,0.887,0,0,18,62.03,0,0
TXN100480,185.5,Online,0.776,1440,5,0,0.748,0,0,3,5.49,0,1
TXN100481,622.17,POS,0.078,2874,2,0,0.135,0,0,6,25.35,0,0
TXN100482,162.64,Online,0.407,2605,6,1,0.829,0,1,11,30.62,0,0
TXN100483,265.28,ATM,0.77,2154,2,1,0.466,0,0,19,19.26,0,1
TXN100484,140.22,POS,0.992,1999,3,1,0.752,0,1,22,57.31,0,1
TXN100485,125.16,Online,0.012,1359,4,0,0.454,0,0,17,129.88,0,0
TXN100486,68.07,POS,0.265,2287,2,0,0.798,0,0,3,26.63,0,0
TXN100487,228.22,POS,0.465,96,7,0,0.697,0,0,22,41.07,0,0
TXN100488,63.34,POS,0.223,284,1,0,0.705,0,0,13,22.22,0,0
TXN100489,288.76,POS,0.027,2863,2,0,0.894,0,1,8,45.14,0,0
TXN100490,439.35,Bank Transfer,0.54,661,3,0,0.843,0,1,3,18.15,0,0
TXN100491,214.12,Bank Transfer,0.649,2627,1,0,0.543,0,0,1,46.6,0,0
TXN100492,111.47,Online,0.416,88,0,0,0.695,0,0,19,17.34,0,0
TXN100493,233.68,Online,0.37,978,2,1,0.441,0,0,6,39.4,0,1
TXN100494,109.0,ATM,0.986,3426,1,0,0.694,0,0,4,20.14,0,0
TXN100495,378.25,Bank Transfer,0.478,991,4,0,0.34,0,0,5,39.69,0,0
TXN100496,23.77,Online,0.798,3587,2,0,0.615,0,0,6,30.28,0,0
TXN100497,106.1,POS,0.287,1012,2,0,0.833,0,1,5,10.1,0,0
TXN100498,20.27,Online,0.83,2332,2,0,0.554,0,0,21,81.42,0,0
TXN100499,33.28,Bank Transfer,0.824,2456,3,1,0.714,0,0,16,12.85,0,0
TXN100500,580.48,POS,0.268,2324,1,0,0.359,0,0,3,59.48,0,0
TXN100501,363.28,Online,0.656,1094,2,0,0.838,1,0,0,24.08,0,0
TXN100502,72.28,POS,0.682,2776,6,1,0.525,0,0,23,26.15,0,0
TXN100503,33.03,Online,0.443,1153,8,3,0.457,0,0,9,5.23,0,0
TXN100504,7.66,ATM,0.774,2977,7,0,0.127,0,1,11,89.43,0,0
TXN100505,86.19,POS,,1393,4,1,0.19,0,0,4,20.85,0,0
TXN100506,1669.73,Bank Transfer,0.484,3059,3,0,0.212,0,0,23,10.14,0,1
TXN100507,229.27,ATM,0.99,3578,5,0,0.537,0,0,22,8.89,0,0
TXN100508,84.81,POS,0.179,2762,6,1,0.17,0,0,5,51.51,0,1
TXN100509,236.29,ATM,0.148,1695,4,1,0.658,0,0,0,67.3,0,0
TXN100510,31.16,ATM,0.142,1560,4,1,0.241,0,0,9,13.41,0,0
TXN100511,110.24,Online,0.998,1396,1,1,0.66,0,0,21,22.53,0,0
TXN100512,163.94,Online,0.16,1301,1,1,0.561,0,1,11,2.24,0,0
TXN100513,136.17,ATM,0.19,1731,1,0,0.356,0,0,16,33.71,1,0
TXN100514,327.28,Online,0.695,1788,6,0,0.518,0,0,10,15.41,0,0
TXN100515,209.48,POS,0.759,2633,4,0,0.515,0,0,16,28.81,0,0
TXN100516,289.55,POS,0.527,3250,5,0,0.219,0,1,1,73.45,0,1
TXN100517,74.56,POS,0.983,3228,2,0,0.517,0,0,1,38.89,0,0
TXN100518,364.24,Online,0.039,2217,3,3,0.677,0,1,20,20.81,0,0
TXN100519,756.68,POS,0.621,3616,4,0,0.725,0,0,16,54.14,0,0
TXN100520,56.25,Online,0.606,3264,4,0,0.903,1,0,12,23.77,0,0
TXN100521,61.09,Online,0.321,1789,4,0,0.75,0,0,9,14.52,0,0
TXN100522,564.41,ATM,0.899,1522,4,1,0.581,0,0,16,56.73,0,0
TXN100523,122.57,Online,0.553,1695,4,0,0.369,0,0,14,38.89,0,0
TXN100524,604.15,Bank Transfer,0.246,114,1,0,0.52,0,0,11,43.13,0,0
TXN100525,95.34,Bank Transfer,0.088,1225,4,0,0.978,0,0,5,37.63,0,0
TXN100526,635.9,POS,0.107,1416,4,0,0.95,0,0,23,14.84,0,0
TXN100527,169.27,Online,0.897,2850,0,1,0.764,0,1,6,46.2,1,0
TXN100528,192.14,POS,0.25,980,3,0,0.13,0,0,6,2.77,0,0
TXN100529,709.61,ATM,0.907,2403,2,0,0.158,0,0,4,65.23,0,1
TXN100530,103.36,Online,0.12,1196,3,0,0.978,0,1,11,2.05,2,1
TXN100531,57.91,POS,0.984,1345,7,1,0.829,0,0,13,44.46,0,0
TXN100532,94.77,POS,0.833,279,4,1,0.539,0,0,11,63.24,0,0
TXN100533,233.3,Online,0.116,1907,0,0,0.46,0,1,6,35.84,0,0
TXN100534,31.01,ATM,0.086,381,5,0,0.265,0,0,10,31.28,0,1
TXN100535,280.75,ATM,0.803,775,1,2,0.567,0,0,3,77.83,1,1
TXN100536,86.59,POS,0.078,1846,2,2,0.686,0,0,12,3.67,1,0
TXN100537,467.69,POS,0.262,2542,1,1,0.216,0,0,11,36.37,0,0
TXN100538,13.54,Online,0.801,1492,3,0,0.526,0,0,12,33.48,0,0
TXN100539,67.59,Online,0.908,942,0,0,0.42,0,0,22,41.77,0,0
TXN100540,27.48,POS,0.768,3278,6,0,0.899,0,0,14,11.33,0,0
TXN100541,64.96,POS,0.89,1295,6,1,0.74,0,0,21,13.38,0,1
TXN100542,190.12,Bank Transfer,0.56,1191,1,0,0.913,0,0,22,31.71,0,0
TXN100543,124.06,Online,0.78,276,4,0,0.421,1,0,23,28.19,0,0
TXN100544,115.19,ATM,0.344,1304,0,0,0.246,0,0,19,27.64,0,0
TXN100545,126.57,Online,0.785,825,2,0,0.847,0,0,14,22.32,0,0
TXN100546,181.89,Online,0.68,1311,2,0,0.481,0,0,8,20.97,0,0
TXN100547,54.13,Online,0.575,735,3,0,0.616,0,1,11,7.83,0,0
TXN100548,300.92,POS,0.992,741,5,0,0.749,0,0,11,13.71,0,1
TXN100549,287.92,POS,0.47,2691,3,0,0.66,1,0,17,16.73,1,0
TXN100550,218.12,Bank Transfer,0.619,1747,6,0,0.822,0,0,15,15.65,1,0
TXN100551,258.92,Bank Transfer,0.51,2543,3,0,0.259,0,0,11,10.87,0,0
TXN100552,199.62,ATM,0.261,2117,2,0,0.179,0,0,13,24.75,0,0
TXN100553,1135.78,POS,0.33,1978,3,1,,0,0,17,57.83,0,0
TXN100554,136.03,POS,0.979,1718,4,0,0.574,0,0,8,16.78,0,0
TXN100555,109.17,POS,0.392,1431,4,0,0.78,0,0,8,23.35,0,0
TXN100556,69.86,Bank Transfer,0.679,978,5,0,0.812,0,0,22,53.35,0,0
TXN100557,52.86,ATM,0.567,3249,2,1,0.611,0,0,21,34.17,0,0
TXN100558,42.76,Online,0.89,1511,4,0,0.796,0,1,19,43.03,0,0
TXN100559,61.02,Bank Transfer,0.758,3230,3,0,0.615,0,0,0,44.29,0,0
TXN100560,138.29,POS,0.081,2810,0,0,0.319,0,1,23,31.4,0,0
TXN100561,207.33,Online,0.355,2212,4,1,0.773,0,0,15,14.02,0,0
TXN100562,156.2,POS,0.712,3081,0,0,0.637,0,0,5,12.08,0,1
TXN100563,69.02,POS,0.161,2411,3,1,0.611,0,1,13,46.48,0,0
TXN100564,365.1,Bank Transfer,0.503,2983,6,0,0.828,0,0,18,9.03,0,0
TXN100565,310.88,Bank Transfer,0.318,2913,1,0,0.134,1,0,23,11.2,0,0
TXN100566,126.51,POS,0.065,2368,4,0,0.309,0,0,1,31.6,0,0
TXN100567,77.25,POS,0.997,2646,2,1,0.717,0,1,8,11.29,0,0
TXN100568,256.83,Online,0.929,2989,2,0,0.297,0,0,18,36.26,0,0
TXN100569,179.11,POS,0.748,844,5,0,0.273,0,0,1,32.06,0,0
TXN100570,34.88,Online,0.201,3203,1,0,0.956,0,0,2,58.84,0,0
TXN100571,138.66,Online,0.989,1852,2,0,0.939,0,1,1,16.5,1,0
TXN100572,192.87,POS,0.631,472,5,0,0.522,0,0,7,58.9,1,0
TXN100573,60.36,POS,0.966,579,1,1,0.193,0,0,17,14.54,0,0
TXN100574,179.44,POS,0.043,2745,2,1,0.807,0,0,19,46.41,0,0
TXN100575,34.65,Bank Transfer,0.173,2959,4,1,0.805,0,0,0,56.5,0,0
TXN100576,564.64,Online,0.677,2397,2,1,0.423,0,0,18,82.37,0,0
TXN100577,516.95,Online,0.907,2395,4,0,0.781,0,0,17,29.74,0,0
TXN100578,115.29,POS,0.176,3163,2,0,0.18,0,0,0,23.73,0,0
TXN100579,213.46,Online,0.317,3574,1,0,0.51,0,0,14,75.2,0,0
TXN100580,13.33,POS,0.588,3041,1,0,0.144,0,0,22,3.8,0,0
TXN100581,46.7,POS,1.0,524,0,0,0.894,0,1,7,9.85,0,1
TXN100582,110.63,ATM,0.8,2934,2,1,0.414,0,1,22,21.46,0,1
TXN100583,50.8,ATM,0.924,1876,1,0,0.252,1,0,4,30.81,1,1
TXN100584,303.2,POS,0.675,2920,1,0,0.231,0,1,5,13.97,0,1
TXN100585,1093.67,POS,0.877,2650,2,3,0.197,0,0,17,41.3,1,1
TXN100586,45.76,Bank Transfer,0.507,2483,5,0,0.198,0,0,23,64.36,0,0
TXN100587,64.23,POS,0.124,3169,2,1,0.526,0,1,23,20.89,0,0
TXN100588,187.81,POS,0.71,577,4,1,0.255,0,0,2,5.89,0,1
TXN100589,743.31,Online,0.601,3119,7,0,0.786,0,1,22,35.03,0,1
TXN100590,43.71,POS,0.485,1287,5,0,0.558,0,0,11,68.69,0,0
TXN100591,190.38,Online,0.275,761,6,0,0.885,0,1,19,11.89,0,0
TXN100592,917.18,Online,0.784,2636,3,2,0.842,0,1,21,14.99,0,0
TXN100593,28.45,Online,0.82,3586,2,0,0.764,0,0,2,18.22,0,0
TXN100594,41.22,Online,0.364,348,2,0,0.254,0,0,3,38.16,0,0
TXN100595,97.16,Online,0.928,3582,3,0,0.515,0,0,8,25.66,0,0
TXN100596,88.18,ATM,0.37,1270,0,0,0.925,0,0,22,40.17,0,0
TXN100597,334.49,POS,0.108,3537,1,0,0.788,0,0,22,30.31,0,0
TXN100598,188.98,POS,0.167,208,2,0,0.59,0,0,13,6.91,0,0
TXN100599,25.15,Online,0.495,2251,4,0,0.593,0,0,19,23.18,0,0
TXN100600,248.49,POS,0.08,1964,3,0,0.411,0,0,23,70.22,0,0
TXN100601,83.3,POS,0.718,3041,4,0,0.862,0,0,7,24.72,0,0
TXN100602,530.83,POS,0.795,1738,1,0,0.91,1,1,18,9.76,0,1
TXN100603,79.23,Online,0.549,305,3,0,0.715,0,0,12,17.18,0,1
TXN100604,78.52,POS,0.893,695,4,1,0.999,0,0,13,19.31,0,0
TXN100605,254.97,ATM,0.954,954,3,0,0.804,0,0,6,19.16,0,0
TXN100606,318.28,ATM,0.448,3184,5,1,0.841,0,0,22,2.85,0,0
TXN100607,232.32,Online,0.089,363,5,0,0.553,0,0,15,38.38,0,1
TXN100608,27.51,POS,0.231,3067,1,1,0.523,0,1,11,13.63,0,0
TXN100609,254.18,ATM,0.658,1860,1,0,0.43,0,0,16,16.53,0,0
TXN100610,52.76,POS,0.406,2076,4,0,0.54,0,1,1,68.64,0,0
TXN100611,187.78,Bank Transfer,0.685,3522,5,1,0.638,0,0,22,30.43,0,1
TXN100612,35.74,Online,0.667,2806,6,0,0.587,0,0,8,22.29,0,0
TXN100613,231.9,POS,0.605,2379,7,1,0.283,0,0,0,26.74,0,0
TXN100614,66.25,ATM,0.158,3013,7,1,0.496,0,0,21,5.66,0,0
TXN100615,41.16,Online,0.286,1699,4,0,0.547,0,0,6,50.05,1,0
TXN100616,303.03,Online,0.378,3400,2,0,0.587,0,0,17,39.07,0,0
TXN100617,188.98,Online,0.824,2900,3,0,0.15,0,0,11,5.33,0,0
TXN100618,80.32,Online,0.682,3566,2,0,0.757,1,0,8,3.34,0,1
TXN100619,633.45,ATM,0.645,2022,3,0,0.971,0,0,15,44.65,0,0
TXN100620,95.52,Bank Transfer,0.672,2356,6,0,0.27,0,0,9,9.64,0,0
TXN100621,153.26,POS,0.503,1686,2,1,0.88,0,0,19,54.31,0,0
TXN100622,194.2,Online,0.04,3378,2,1,0.284,0,0,12,16.59,0,0
TXN100623,79.86,Online,0.201,2308,2,0,0.148,0,0,2,21.93,0,0
TXN100624,237.73,Online,0.14,603,4,1,0.77,0,0,3,27.73,0,0
TXN100625,87.06,Online,0.064,1882,1,2,0.875,0,1,12,51.96,0,0
TXN100626,98.33,Online,0.319,512,5,0,0.86,0,0,11,33.68,0,0
TXN100627,579.78,ATM,0.788,2352,3,0,0.179,0,1,19,68.8,0,0
TXN100628,52.43,POS,0.115,2561,4,0,0.106,0,0,8,44.49,1,0
TXN100629,13.29,POS,0.111,2935,0,0,0.898,0,0,3,38.66,0,0
TXN100630,743.18,Online,0.124,585,2,0,0.332,1,0,4,63.82,0,0
TXN100631,1899.47,POS,0.27,1703,5,1,0.294,0,0,10,31.0,0,0
TXN100632,98.96,POS,0.202,1312,2,0,0.861,0,0,23,23.42,0,0
TXN100633,21.4,POS,0.014,1532,7,1,0.364,0,0,7,32.26,0,0
TXN100634,108.8,Online,0.277,3431,2,1,0.543,0,0,4,37.35,0,0
TXN100635,111.47,Bank Transfer,0.996,2052,2,1,0.933,0,1,6,28.45,0,0
TXN100636,122.74,Online,0.336,1634,0,0,0.724,0,1,19,41.99,0,0
TXN100637,48.75,POS,0.211,3305,4,0,0.492,0,0,6,15.12,0,0
TXN100638,264.96,ATM,0.496,1955,2,1,0.552,0,0,11,62.67,0,0
TXN100639,250.76,POS,0.229,1561,1,0,0.396,0,0,2,116.88,0,0
TXN100640,33.3,Bank Transfer,0.56,1985,5,0,0.871,0,0,18,15.4,0,0
TXN100641,298.63,Online,0.401,3098,3,0,0.598,0,0,2,21.67,0,0
TXN100642,1155.96,POS,0.897,1669,4,1,0.837,0,1,14,17.42,0,0
TXN100643,176.26,Online,0.928,2264,3,0,0.998,0,0,22,4.63,1,0
TXN100644,105.92,POS,0.713,677,4,0,0.524,0,0,18,52.17,0,0
TXN100645,128.77,ATM,0.216,74,3,1,0.119,0,0,18,43.92,0,1
TXN100646,274.58,POS,0.474,273,3,0,0.901,1,0,23,5.23,0,0
TXN100647,26.29,ATM,0.305,1753,3,1,0.317,0,0,4,31.37,0,0
TXN100648,174.93,ATM,0.798,2630,3,1,0.331,0,0,13,24.3,0,0
TXN100649,100.44,Bank Transfer,0.029,792,2,0,0.404,0,0,12,31.61,0,1
TXN100650,941.83,Bank Transfer,0.662,3443,3,0,0.971,1,0,18,,0,0
TXN100651,124.69,POS,0.323,574,1,0,0.681,0,0,18,33.82,0,0
TXN100652,786.73,Online,,2550,1,0,0.765,0,0,5,30.97,0,0
TXN100653,49.22,ATM,0.323,878,3,1,,0,0,7,23.43,0,0
TXN100654,267.0,POS,0.365,244,3,0,0.439,0,0,11,26.82,2,0
TXN100655,204.26,POS,0.674,2608,2,1,0.318,0,0,1,25.58,0,0
TXN100656,62.24,POS,0.595,1905,1,0,0.116,0,1,22,71.15,0,0
TXN100657,177.22,POS,0.244,2301,0,1,0.69,0,0,11,7.24,1,0
TXN100658,498.96,Bank Transfer,0.044,3438,2,1,0.11,0,0,13,30.4,0,0
TXN100659,107.36,Online,0.856,1973,4,1,0.883,0,1,20,4.19,0,0
TXN100660,27.33,Online,0.492,3075,2,0,0.692,0,1,22,53.38,0,0
TXN100661,145.83,Bank Transfer,0.619,1822,3,0,0.579,0,0,6,37.11,0,1
TXN100662,60.19,POS,0.488,1293,2,0,0.501,0,0,15,29.31,0,0
TXN100663,105.39,ATM,0.619,1438,4,0,0.493,0,0,13,59.37,0,0
TXN100664,136.79,POS,0.627,1278,1,0,0.382,0,0,16,13.26,0,0
TXN100665,26.96,POS,0.015,3239,2,0,0.703,0,1,3,17.16,1,0
TXN100666,29.5,POS,0.533,1881,4,0,0.647,0,1,3,19.43,0,0
TXN100667,240.34,POS,0.502,3405,3,1,0.383,0,1,3,29.8,0,1
TXN100668,88.0,Online,0.096,939,3,0,0.956,0,0,2,24.44,0,0
TXN100669,11.42,Online,0.746,2797,7,0,0.443,1,0,18,39.01,0,0
TXN100670,325.33,POS,0.236,447,1,1,0.752,1,0,16,25.54,0,0
TXN100671,194.88,POS,0.055,1073,2,0,0.502,0,0,5,43.55,0,0
TXN100672,72.68,Online,0.803,150,1,0,0.201,1,0,11,9.76,0,0
TXN100673,39.77,POS,0.865,3338,1,1,0.918,0,0,8,68.1,0,0
TXN100674,342.34,ATM,0.241,1110,1,0,0.817,1,0,15,7.79,0,0
TXN100675,210.47,Bank Transfer,0.688,2995,3,0,0.259,0,0,21,34.01,0,0
TXN100676,1607.77,Online,0.005,1570,4,2,0.49,0,1,12,7.84,0,0
TXN100677,225.92,Online,0.721,478,2,0,0.867,0,1,15,46.7,0,1
TXN100678,218.7,Online,0.465,1274,2,0,0.762,0,0,13,,0,0
TXN100679,125.6,Online,0.792,1266,6,0,0.69,0,0,11,1.32,0,0
TXN100680,335.89,Bank Transfer,0.393,1872,4,1,0.835,0,0,14,9.27,0,0
TXN100681,277.3,Bank Transfer,0.351,1215,5,0,0.386,0,1,12,78.99,0,0
TXN100682,518.91,Online,0.841,2477,5,0,0.862,0,0,0,28.93,0,0
TXN100683,88.12,Online,0.039,2672,3,0,0.916,0,0,5,14.05,0,0
TXN100684,96.02,ATM,0.187,592,5,0,0.152,0,0,10,21.35,0,0
TXN100685,91.92,POS,0.412,1926,2,0,0.923,0,0,11,27.78,0,0
TXN100686,327.28,Online,0.596,2124,1,0,0.968,0,0,3,9.24,0,0
TXN100687,664.06,Online,0.005,996,7,0,0.448,1,0,17,6.67,0,0
TXN100688,93.8,Online,0.575,2823,5,2,0.901,0,1,3,12.1,0,0
TXN100689,97.05,POS,0.378,865,3,0,0.149,0,0,13,18.9,0,0
TXN100690,203.18,POS,0.63,3184,2,0,0.729,0,0,8,3.05,0,0
TXN100691,116.08,POS,0.907,1686,3,0,0.521,0,0,17,27.73,0,0
TXN100692,384.54,Online,0.441,1354,2,0,0.538,0,0,10,28.11,1,0
TXN100693,15.61,Bank Transfer,0.555,2440,5,0,0.923,0,1,17,22.97,0,0
TXN100694,64.93,Bank Transfer,0.463,2273,4,1,0.661,0,0,14,26.14,0,0
TXN100695,67.87,POS,0.119,1871,5,0,0.905,0,0,7,64.07,0,0
TXN100696,14.58,POS,0.793,2515,6,1,0.263,0,0,22,7.82,0,0
TXN100697,56.62,ATM,0.885,974,4,2,0.745,0,0,15,19.59,0,0
TXN100698,59.43,ATM,0.811,2957,5,0,0.311,1,0,0,9.09,0,1
TXN100699,121.38,Online,0.948,2274,3,0,0.245,0,0,13,33.99,0,1
TXN100700,451.68,Online,0.468,800,2,0,0.882,1,0,17,15.83,0,0
TXN100701,116.16,POS,0.652,3646,2,0,0.632,1,0,8,2.68,0,0
TXN100702,52.94,ATM,0.168,3162,2,0,0.229,0,0,18,67.01,0,0
TXN100703,140.2,Online,0.977,669,3,1,0.587,0,1,8,7.34,1,0
TXN100704,423.76,POS,0.581,2869,4,0,0.683,1,0,13,16.01,0,0
TXN100705,55.93,Bank Transfer,0.262,1942,3,1,0.908,1,0,23,40.38,0,0
TXN100706,59.71,Online,0.805,2815,2,0,0.271,0,0,0,29.72,0,0
TXN100707,259.45,Bank Transfer,0.586,1389,6,0,0.269,0,0,19,7.51,0,0
TXN100708,118.92,Online,0.95,914,5,0,0.748,0,0,5,26.98,1,0
TXN100709,283.58,Online,0.77,820,3,0,0.462,0,1,16,39.81,0,1
TXN100710,146.4,Bank Transfer,0.877,268,2,0,0.742,0,0,0,25.22,0,0
TXN100711,299.37,Bank Transfer,0.547,3199,3,0,0.279,1,1,16,48.56,0,0
TXN100712,52.72,Bank Transfer,0.517,1161,3,0,0.674,0,0,13,30.33,0,0
TXN100713,146.63,ATM,0.757,3497,0,0,0.283,0,0,22,22.87,0,0
TXN100714,120.22,Online,0.105,847,5,1,0.477,1,0,6,30.97,0,0
TXN100715,44.0,POS,0.054,1297,4,2,0.916,0,0,3,64.49,0,0
TXN100716,31.08,Online,0.984,3211,3,1,0.301,1,0,7,26.29,0,0
TXN100717,294.64,Bank Transfer,0.916,1287,6,0,0.297,0,1,5,13.72,0,1
TXN100718,104.49,POS,0.956,2775,2,0,0.731,0,0,20,36.76,0,1
TXN100719,53.4,ATM,0.062,362,4,3,0.316,0,1,19,46.45,0,0
TXN100720,134.8,Bank Transfer,0.269,3484,2,0,0.602,0,0,0,4.69,0,0
TXN100721,458.53,Bank Transfer,0.902,2266,2,0,0.621,0,1,19,47.22,0,0
TXN100722,15.17,Bank Transfer,0.089,2746,2,1,0.878,0,0,21,25.95,0,0
TXN100723,33.23,Online,0.451,126,3,0,0.148,0,0,21,35.58,0,1
TXN100724,58.97,Online,0.341,3521,0,2,0.938,0,0,20,60.13,1,0
TXN100725,639.81,Bank Transfer,0.88,1826,2,0,0.707,0,0,20,5.85,0,0
TXN100726,196.88,POS,0.518,796,0,0,0.872,0,1,14,21.18,0,0
TXN100727,319.68,POS,0.29,583,7,0,0.503,0,0,3,29.57,0,0
TXN100728,47.46,Bank Transfer,0.524,345,1,0,0.228,0,0,0,18.63,0,1
TXN100729,48.45,Online,0.112,2463,3,0,,0,1,3,51.05,0,0
TXN100730,232.25,Online,0.731,800,1,0,0.471,0,0,15,5.81,0,0
TXN100731,157.32,POS,0.618,3392,1,0,0.592,0,0,6,49.04,0,0
TXN100732,256.91,Online,0.601,854,1,0,0.456,0,0,18,41.55,0,1
TXN100733,123.02,Bank Transfer,0.438,351,2,1,0.169,0,0,7,5.77,0,1
TXN100734,196.01,Online,0.294,3116,2,2,0.298,1,1,3,12.47,0,1
TXN100735,173.84,Online,0.065,2845,5,0,0.959,0,0,3,31.31,0,0
TXN100736,323.04,Online,0.947,1908,4,0,0.636,0,0,22,12.92,0,0
TXN100737,332.62,Bank Transfer,0.417,3036,3,0,0.559,0,0,9,11.52,0,0
TXN100738,29.37,Bank Transfer,0.496,2658,3,0,0.135,0,0,7,44.91,0,0
TXN100739,15.69,Online,0.376,667,3,0,0.889,0,1,17,18.34,0,0
TXN100740,404.13,Online,0.988,1535,2,0,0.986,0,0,1,3.35,1,1
TXN100741,486.74,POS,0.796,3369,1,0,0.157,0,0,15,7.78,0,0
TXN100742,53.48,Online,0.096,2484,2,1,0.763,0,1,17,1.57,0,0
TXN100743,23.11,POS,0.608,2277,3,0,0.963,0,0,19,7.0,0,0
TXN100744,163.86,Online,0.485,671,2,0,0.937,0,0,22,9.84,0,0
TXN100745,376.47,Online,0.793,1966,3,2,0.689,0,0,1,21.09,0,1
TXN100746,895.69,POS,0.997,630,2,0,0.588,0,0,5,21.4,0,1
TXN100747,248.71,POS,0.744,2460,1,1,0.162,0,0,0,42.82,0,0
TXN100748,102.34,POS,0.865,834,3,0,0.589,0,0,2,51.52,0,0
TXN100749,60.76,POS,0.503,1072,7,0,0.884,0,0,21,27.74,0,0
TXN100750,150.12,Online,0.374,2106,3,2,0.237,0,1,11,11.41,0,0
TXN100751,110.03,POS,0.643,121,2,0,0.238,0,0,8,22.22,0,0
TXN100752,53.78,POS,0.749,2562,3,1,0.831,0,0,8,30.52,0,0
TXN100753,1151.43,Bank Transfer,0.228,1630,5,1,0.972,0,0,4,16.16,0,0
TXN100754,884.63,POS,0.503,1884,5,0,0.175,0,0,2,51.89,0,0
TXN100755,462.22,Bank Transfer,0.114,2720,2,0,0.237,0,0,5,48.21,0,0
TXN100756,59.1,Online,0.216,2818,4,0,0.46,0,0,1,29.87,0,0
TXN100757,348.98,Online,0.882,3355,4,0,0.944,0,0,9,17.59,0,0
TXN100758,281.36,Online,0.145,680,2,1,0.18,0,0,0,10.97,0,1
TXN100759,231.03,POS,0.811,1586,1,0,0.134,0,0,16,20.29,0,0
TXN100760,517.84,ATM,0.373,375,3,0,0.932,0,0,16,36.51,0,0
TXN100761,280.16,ATM,0.664,984,2,0,0.487,1,0,9,62.01,0,0
TXN100762,311.07,POS,0.91,2027,1,1,0.618,0,0,12,10.56,0,0
TXN100763,280.59,ATM,0.781,505,0,0,0.417,0,0,15,55.49,0,1
TXN100764,208.68,Online,0.826,1643,6,0,0.67,0,0,10,63.1,0,0
TXN100765,24.94,Bank Transfer,0.261,3416,5,2,0.578,0,0,1,33.39,0,0
TXN100766,161.36,ATM,0.362,286,4,0,0.116,0,0,15,32.27,0,0
TXN100767,85.1,POS,0.733,866,4,1,0.26,0,0,15,15.25,0,0
TXN100768,41.27,Bank Transfer,0.777,1053,4,1,0.149,0,0,7,15.63,0,0
TXN100769,797.77,Bank Transfer,0.79,3328,2,0,0.195,0,0,8,53.92,0,1
TXN100770,836.31,ATM,0.74,2688,4,0,0.245,1,1,13,10.29,0,1
TXN100771,577.8,POS,0.232,695,4,0,0.918,0,1,9,21.91,0,0
TXN100772,191.56,ATM,0.289,2566,3,0,0.288,0,0,18,16.37,0,0
TXN100773,572.85,Online,0.942,95,4,0,0.992,0,0,15,25.13,0,0
TXN100774,150.21,POS,0.554,2919,5,0,0.913,0,0,10,44.49,0,0
TXN100775,181.78,Bank Transfer,0.754,841,1,1,0.483,0,0,11,3.95,0,0
TXN100776,49.73,Online,0.599,2606,2,0,0.167,0,0,21,24.12,0,0
TXN100777,220.74,ATM,0.925,1813,3,0,0.968,1,0,18,47.48,0,0
TXN100778,157.65,Online,0.869,2685,5,0,0.773,0,0,20,8.95,0,0
TXN100779,40.34,POS,0.261,1292,2,0,0.39,0,1,11,50.83,0,0
TXN100780,141.01,Bank Transfer,0.885,1951,4,0,0.344,0,0,19,6.73,0,0
TXN100781,137.04,Online,0.3,3315,5,0,0.897,0,0,19,14.64,0,0
TXN100782,895.66,Online,0.441,2936,2,0,0.804,0,0,16,22.7,0,0
TXN100783,362.93,Online,0.851,2003,2,0,0.288,0,0,8,40.94,0,0
TXN100784,150.12,POS,0.324,3369,4,0,0.289,0,0,17,51.57,0,1
TXN100785,190.34,Online,0.291,456,0,1,0.82,0,0,22,14.57,0,0
TXN100786,155.12,Online,0.669,2564,4,0,0.88,0,0,15,46.88,0,0
TXN100787,121.16,Bank Transfer,1.0,2293,5,0,0.573,0,0,2,47.8,0,0
TXN100788,50.28,Bank Transfer,0.131,959,3,0,0.238,0,1,7,4.41,0,0
TXN100789,127.61,ATM,0.701,1437,2,0,0.321,1,1,1,32.37,0,1
TXN100790,70.38,POS,0.527,1498,4,0,0.687,0,1,8,31.15,0,0
TXN100791,42.51,Online,0.411,2487,3,1,0.255,0,0,22,76.76,0,0
TXN100792,247.45,POS,0.75,2291,1,0,0.129,0,1,6,16.63,0,0
TXN100793,219.48,ATM,0.555,2875,2,0,0.37,0,1,20,19.85,2,1
TXN100794,24.86,Online,0.798,2409,1,0,0.679,0,0,20,9.34,0,0
TXN100795,131.28,Bank Transfer,0.744,3597,5,0,,0,0,18,28.52,0,0
TXN100796,401.7,POS,0.985,3034,2,0,0.961,0,1,15,59.28,0,0
TXN100797,428.04,POS,0.811,2117,4,1,0.221,1,0,15,18.44,0,1
TXN100798,413.99,Bank Transfer,0.067,97,2,0,0.935,0,0,11,47.04,0,0
TXN100799,154.3,Online,0.78,1357,5,0,0.526,0,0,8,,0,1
TXN100800,63.75,Bank Transfer,0.65,492,1,1,0.949,0,0,9,21.56,0,0
TXN100801,50.21,Bank Transfer,0.09,1599,1,0,0.262,0,0,4,5.11,0,0
TXN100802,209.48,Online,0.605,3625,2,0,0.334,0,0,18,4.11,0,0
TXN100803,216.87,Online,,1487,4,0,0.425,0,0,16,50.48,1,0
TXN100804,537.72,Online,0.197,2988,3,1,0.212,0,0,3,41.38,0,0
TXN100805,445.85,ATM,0.435,1660,3,0,0.272,0,0,23,11.98,1,0
TXN100806,130.03,Bank Transfer,0.542,2117,4,0,0.469,0,0,12,5.34,0,0
TXN100807,42.77,POS,0.413,138,4,0,0.603,0,0,9,,0,0
TXN100808,107.87,ATM,0.876,2519,2,0,0.616,0,0,21,23.68,0,0
TXN100809,184.42,POS,0.169,925,1,1,0.106,0,0,20,23.85,1,0
TXN100810,121.26,Online,0.772,1695,8,0,0.82,0,0,17,35.71,0,0
TXN100811,83.27,ATM,0.778,3605,2,0,0.372,0,0,21,12.87,0,0
TXN100812,191.12,Bank Transfer,0.448,838,1,0,0.763,0,1,19,91.69,0,0
TXN100813,89.66,Online,0.539,3389,3,2,0.344,0,0,10,10.52,0,0
TXN100814,79.2,POS,0.154,3030,8,2,0.356,0,0,12,26.98,0,0
TXN100815,202.64,POS,0.195,204,4,0,0.636,0,0,10,36.7,0,0
TXN100816,99.29,POS,0.532,1366,4,0,0.115,0,0,13,5.89,0,0
TXN100817,189.45,POS,0.225,3576,3,1,0.207,0,0,6,7.91,0,0
TXN100818,195.04,Bank Transfer,0.806,1673,3,0,0.972,0,1,12,2.45,1,0
TXN100819,47.49,Online,0.616,2896,3,0,0.513,0,0,0,4.01,0,0
TXN100820,91.72,POS,0.057,3356,3,2,0.844,0,0,5,68.98,0,0
TXN100821,625.02,ATM,0.358,39,5,0,0.838,0,0,16,14.24,0,0
TXN100822,46.43,POS,0.858,2677,2,1,0.105,0,0,18,15.86,0,0
TXN100823,17.87,POS,0.277,3336,1,1,0.516,0,0,21,20.0,0,0
TXN100824,23.06,Bank Transfer,0.72,2120,4,0,0.66,0,0,18,35.45,0,0
TXN100825,152.8,POS,0.094,3506,5,1,0.815,0,0,2,27.86,0,0
TXN100826,153.07,Online,0.931,2561,2,0,0.969,0,0,10,18.33,0,0
TXN100827,131.95,Online,0.449,2306,4,0,0.228,0,0,5,7.47,0,0
TXN100828,499.79,POS,0.492,477,1,1,0.733,0,0,23,7.48,0,0
TXN100829,10.25,POS,0.57,2883,4,0,0.496,0,0,21,84.66,0,0
TXN100830,220.51,POS,0.363,3126,5,1,0.455,0,0,9,83.55,0,0
TXN100831,707.29,POS,0.725,1233,4,0,0.101,1,0,12,2.61,0,0
TXN100832,48.05,Bank Transfer,,602,3,1,0.991,0,0,12,25.53,0,0
TXN100833,101.51,Online,0.162,2101,3,0,0.656,0,0,0,6.78,0,0
TXN100834,69.9,Online,0.189,3428,3,0,0.667,0,0,21,10.83,0,0
TXN100835,60.68,Online,0.635,2678,2,1,0.942,0,0,10,15.86,0,0
TXN100836,107.1,Bank Transfer,0.891,2963,4,0,0.311,0,0,4,18.53,1,1
TXN100837,618.62,POS,0.064,2061,1,0,0.734,0,0,18,49.29,0,0
TXN100838,932.05,Bank Transfer,0.852,1542,1,0,0.514,0,0,21,28.02,0,1
TXN100839,106.07,POS,0.82,1132,1,0,0.539,0,0,8,40.13,1,0
TXN100840,997.31,Bank Transfer,0.077,2952,3,0,0.806,0,0,5,3.61,0,0
TXN100841,153.79,POS,0.143,2380,3,0,0.342,0,0,15,20.95,0,0
TXN100842,857.22,POS,0.35,2737,4,4,0.943,0,0,10,41.23,0,0
TXN100843,135.19,Online,0.115,3065,4,1,0.539,0,0,10,13.26,1,0
TXN100844,169.2,POS,0.758,3575,6,0,0.565,0,0,16,2.56,0,0
TXN100845,213.89,ATM,0.504,3056,5,0,0.452,0,0,3,14.58,0,0
TXN100846,3564.77,Online,0.411,1646,2,0,0.169,0,0,23,57.61,0,1
TXN100847,347.68,Online,0.725,508,4,2,0.599,0,0,10,22.5,0,0
TXN100848,73.17,POS,0.293,2054,3,0,0.691,0,0,15,21.77,0,0
TXN100849,391.11,Online,0.872,1642,2,0,0.146,0,0,1,20.2,0,0
TXN100850,103.35,POS,0.654,3415,0,0,0.367,0,1,14,23.4,1,0
TXN100851,90.94,Bank Transfer,0.347,170,3,1,0.847,0,0,2,84.79,0,0
TXN100852,368.19,ATM,0.54,3129,1,0,,0,0,16,5.0,0,0
TXN100853,153.1,Online,0.259,2320,1,0,0.642,1,0,15,26.12,0,0
TXN100854,196.09,Bank Transfer,0.985,284,5,0,0.43,1,1,7,52.33,0,1
TXN100855,150.5,Online,0.436,906,2,0,0.151,0,0,19,30.76,0,0
TXN100856,207.8,Online,0.897,255,7,2,0.604,0,0,23,32.19,0,1
TXN100857,227.0,POS,0.978,3397,4,0,0.329,0,0,0,5.31,0,1
TXN100858,21.39,Online,0.536,2364,0,1,0.739,0,0,1,68.5,0,0
TXN100859,289.04,POS,0.73,2268,4,0,0.456,0,0,9,12.77,0,0
TXN100860,55.59,POS,0.572,1912,1,1,0.558,0,1,9,17.83,0,0
TXN100861,35.08,ATM,0.092,1480,1,0,0.605,0,0,8,21.81,0,0
TXN100862,139.99,POS,0.952,649,2,2,0.75,0,1,23,45.32,0,0
TXN100863,161.42,Online,0.457,2677,3,0,0.831,0,0,7,24.48,0,0
TXN100864,74.18,POS,0.894,507,1,0,0.191,0,0,5,4.14,0,0
TXN100865,340.71,Online,0.656,780,2,0,0.184,0,0,4,34.53,0,0
TXN100866,38.78,ATM,0.105,3566,3,2,0.245,1,1,13,36.14,0,0
TXN100867,98.8,POS,0.417,360,5,1,0.692,1,1,21,31.4,0,0
TXN100868,82.69,Online,0.196,3472,1,0,0.326,0,0,13,10.94,0,0
TXN100869,141.66,Online,0.17,346,5,1,0.796,1,0,12,20.61,0,0
TXN100870,196.15,Bank Transfer,0.715,1791,1,0,0.446,0,0,20,,0,0
TXN100871,54.17,POS,0.03,2139,2,1,0.478,0,0,15,3.06,0,0
TXN100872,306.21,ATM,0.966,441,5,0,0.603,0,0,2,41.86,0,0
TXN100873,158.06,Online,0.45,3247,3,0,0.655,0,0,0,36.64,0,0
TXN100874,22.38,Online,0.49,3495,8,0,0.116,0,0,1,25.27,0,0
TXN100875,20.93,POS,0.299,836,3,1,0.473,0,0,16,19.63,1,0
TXN100876,146.6,Online,0.086,832,3,0,0.835,0,1,3,25.42,0,1
TXN100877,118.99,Online,0.588,2781,5,1,0.649,0,0,1,3.41,0,0
TXN100878,133.83,POS,0.345,1375,4,0,0.347,0,0,7,28.23,0,0
TXN100879,144.32,Online,0.624,166,5,3,0.937,0,0,17,11.14,0,0
TXN100880,185.97,Online,0.556,2745,1,0,0.972,0,0,20,4.27,0,1
TXN100881,382.85,Online,0.217,1309,4,1,0.519,0,0,15,37.42,0,0
TXN100882,48.86,POS,0.462,1503,4,1,0.412,0,0,8,22.34,0,0
TXN100883,45.97,POS,0.308,2396,2,1,0.886,0,1,2,47.34,0,0
TXN100884,49.73,Online,0.24,2119,5,1,0.354,0,0,0,23.83,1,0
TXN100885,198.13,Online,0.77,3021,4,0,0.755,0,0,3,66.85,0,0
TXN100886,515.4,Bank Transfer,,2918,3,2,0.718,0,0,15,72.06,0,1
TXN100887,96.41,Online,0.269,3444,2,0,0.671,0,0,13,27.25,0,0
TXN100888,12.16,Online,0.531,3353,7,2,0.245,1,0,11,59.46,0,0
TXN100889,27.0,POS,0.476,2319,1,1,0.258,0,1,14,0.28,0,0
TXN100890,64.52,Bank Transfer,0.94,2044,5,0,0.449,0,0,21,21.1,1,1
TXN100891,84.97,POS,0.844,1704,3,0,0.588,0,0,5,44.16,0,0
TXN100892,98.65,POS,0.752,2435,3,0,0.428,0,0,13,28.84,0,0
TXN100893,154.25,POS,0.514,249,1,0,0.759,1,0,6,9.61,1,0
TXN100894,108.66,POS,0.429,1486,5,0,0.35,0,0,5,2.58,0,0
TXN100895,423.83,ATM,0.037,1027,3,0,0.646,0,1,23,41.44,0,0
TXN100896,75.49,POS,0.822,2044,2,1,0.321,0,0,18,62.94,1,0
TXN100897,62.66,POS,0.431,3371,0,0,0.497,0,0,15,7.42,0,0
TXN100898,239.58,POS,0.321,1771,3,1,0.483,1,0,20,39.59,0,0
TXN100899,31.96,Bank Transfer,0.607,2140,3,1,0.559,0,0,8,49.21,0,0
TXN100900,219.14,ATM,0.754,1487,6,1,0.778,0,0,6,29.62,0,1
TXN100901,164.44,Bank Transfer,0.523,1270,3,0,0.407,0,0,1,41.89,0,1
TXN100902,128.07,Bank Transfer,0.15,2495,4,1,0.68,0,0,14,27.4,2,0
TXN100903,726.53,Bank Transfer,0.922,930,3,1,0.907,0,0,14,19.46,0,0
TXN100904,79.66,Online,0.113,3212,4,0,0.382,0,0,9,14.71,0,0
TXN100905,1164.79,POS,0.97,441,3,1,0.563,0,0,15,30.22,0,0
TXN100906,118.46,POS,0.442,834,4,1,0.372,0,0,2,55.05,0,0
TXN100907,41.39,POS,0.947,2750,2,0,0.847,0,0,16,48.31,0,0
TXN100908,159.16,Online,0.915,329,2,0,0.361,0,0,13,48.57,0,0
TXN100909,50.59,POS,0.406,1522,2,0,0.987,0,0,5,18.61,0,1
TXN100910,69.98,POS,0.8,1397,3,0,0.16,0,0,14,55.22,0,0
TXN100911,220.75,Online,0.09,3420,5,0,0.905,0,0,8,6.09,1,0
TXN100912,258.68,POS,0.083,604,2,0,0.822,0,0,7,22.64,0,0
TXN100913,79.67,POS,0.356,1674,3,0,0.239,0,0,10,74.07,0,0
TXN100914,398.38,POS,0.61,1693,5,1,0.7,0,0,14,8.36,0,0
TXN100915,472.25,Online,0.009,2992,1,0,0.133,1,0,5,38.38,0,0
TXN100916,624.09,POS,0.515,1988,3,1,0.149,0,0,10,20.34,0,0
TXN100917,252.0,POS,0.976,501,4,0,0.611,0,0,16,37.64,0,0
TXN100918,580.23,POS,0.858,3181,7,0,0.628,1,1,11,4.63,0,1
TXN100919,22.63,ATM,0.232,576,2,0,0.379,0,0,8,24.91,0,0
TXN100920,108.0,POS,0.528,2545,2,1,0.884,0,0,22,9.09,0,0
TXN100921,62.36,POS,0.171,1019,2,0,0.645,0,0,7,22.26,0,0
TXN100922,167.21,Bank Transfer,0.263,471,4,0,0.679,0,0,21,54.12,0,0
TXN100923,83.81,Bank Transfer,0.923,722,4,0,0.647,0,0,13,22.28,0,0
TXN100924,125.69,POS,0.998,3447,3,0,0.464,0,0,1,23.68,0,0
TXN100925,974.74,POS,0.243,3565,3,1,0.162,0,0,4,47.94,0,1
TXN100926,125.25,POS,0.212,2202,2,0,0.608,1,0,11,63.19,0,0
TXN100927,224.48,Online,0.384,2955,2,2,0.842,0,1,18,17.29,1,0
TXN100928,117.65,POS,0.446,3298,3,0,0.916,0,0,16,12.47,0,0
TXN100929,160.09,Bank Transfer,0.089,1291,1,1,0.222,0,0,19,74.47,0,0
TXN100930,149.31,ATM,0.148,2772,1,0,0.76,0,0,1,12.4,0,0
TXN100931,232.37,Online,0.425,1911,4,0,0.289,0,0,19,44.58,0,0
TXN100932,475.95,POS,0.235,656,4,0,0.287,0,0,14,5.81,0,0
TXN100933,770.77,Bank Transfer,0.845,1960,4,0,0.158,0,0,5,19.76,0,0
TXN100934,202.27,ATM,0.752,196,2,0,0.975,0,0,8,28.18,0,0
TXN100935,267.61,ATM,0.536,2228,5,0,0.773,0,0,5,27.37,0,1
TXN100936,46.95,POS,0.433,971,1,0,0.405,0,0,11,17.08,0,0
TXN100937,135.93,Online,0.831,405,7,1,0.87,0,0,1,12.45,0,0
TXN100938,380.04,ATM,0.166,2583,4,0,0.231,0,1,6,60.88,0,1
TXN100939,352.82,Bank Transfer,0.887,1293,0,0,0.407,0,0,1,6.92,0,1
TXN100940,183.39,Online,0.049,1648,1,0,0.144,1,1,19,22.99,0,1
TXN100941,360.1,Online,0.923,341,3,0,0.493,0,0,11,29.28,1,0
TXN100942,242.44,Online,0.139,319,2,0,0.329,0,0,19,47.3,0,0
TXN100943,492.9,Online,0.812,3357,3,0,0.991,0,0,21,19.16,0,1
TXN100944,198.22,Bank Transfer,0.018,2201,3,0,0.271,0,0,2,18.42,0,0
TXN100945,103.99,Online,0.815,1490,4,0,0.254,0,0,14,65.61,0,0
TXN100946,207.65,POS,0.584,2440,1,1,0.143,1,0,22,18.62,1,1
TXN100947,7.92,POS,0.019,2661,2,1,0.554,0,0,15,57.82,0,0
TXN100948,217.65,Online,0.774,441,6,0,0.171,0,0,0,11.97,0,1
TXN100949,3.86,Bank Transfer,0.102,3363,2,0,0.787,0,0,0,11.16,0,0
TXN100950,26.48,POS,0.54,2403,2,0,0.476,0,0,1,15.53,0,0
TXN100951,233.17,Online,0.332,1150,7,0,0.994,0,0,8,48.37,0,0
TXN100952,239.25,Bank Transfer,0.759,1002,4,1,0.163,0,0,18,43.28,1,0
TXN100953,46.41,Online,0.853,348,5,2,0.499,0,0,19,75.58,0,0
TXN100954,72.81,POS,0.464,958,3,0,0.974,1,0,15,70.93,0,0
TXN100955,584.37,POS,0.758,1247,2,2,0.487,0,0,12,19.14,1,0
TXN100956,91.47,Online,0.917,801,4,2,0.412,1,0,17,22.41,0,1
TXN100957,1398.17,POS,0.689,2458,2,0,0.223,0,0,9,19.78,0,0
TXN100958,148.13,Online,0.322,944,1,0,0.645,0,0,12,3.82,0,0
TXN100959,223.19,Online,0.463,1839,3,0,0.382,0,0,8,32.78,0,0
TXN100960,747.6,Online,0.23,2052,7,1,0.615,0,0,2,35.71,0,0
TXN100961,169.19,Online,0.458,301,0,1,0.929,0,0,2,7.12,0,0
TXN100962,54.47,POS,0.246,640,2,0,0.618,0,0,2,31.28,0,0
TXN100963,132.99,POS,0.807,284,4,2,0.156,0,0,2,3.95,1,1
TXN100964,143.22,POS,0.61,2530,8,1,0.544,0,0,12,17.13,0,0
TXN100965,37.91,POS,0.633,2562,4,0,0.736,0,0,9,30.32,0,0
TXN100966,114.91,ATM,0.11,498,3,0,0.639,0,1,13,12.51,0,0
TXN100967,70.65,POS,0.001,2696,3,0,0.222,0,0,8,5.76,0,0
TXN100968,374.04,Online,0.789,2966,5,1,0.484,0,0,6,14.09,0,0
TXN100969,153.64,POS,0.542,426,3,1,0.578,0,0,8,62.05,0,0
TXN100970,111.86,POS,0.932,453,5,0,0.447,0,1,4,24.79,0,0
TXN100971,133.46,POS,0.537,2906,1,0,0.931,0,0,20,11.48,0,0
TXN100972,185.51,Online,0.215,1147,4,0,0.986,0,0,16,29.8,0,0
TXN100973,275.01,Online,0.698,1280,2,0,0.785,0,0,23,7.04,0,0
TXN100974,54.61,ATM,0.701,2160,2,0,0.929,0,0,8,41.17,0,0
TXN100975,52.37,POS,0.066,276,4,0,0.944,0,1,5,15.6,0,0
TXN100976,447.95,Online,0.694,1614,7,2,0.414,0,0,14,58.83,0,0
TXN100977,98.26,ATM,0.213,1238,3,1,0.407,0,0,8,68.89,0,0
TXN100978,35.99,POS,0.255,3008,4,0,0.137,0,0,23,23.06,0,0
TXN100979,231.32,POS,0.031,2674,4,2,0.295,0,1,5,27.75,0,1
TXN100980,235.89,POS,0.627,1067,2,0,0.239,0,0,4,39.41,0,0
TXN100981,32.11,POS,0.732,2403,2,1,0.251,0,1,10,53.29,1,1
TXN100982,186.7,Bank Transfer,0.23,1488,4,0,0.243,0,0,15,33.56,0,0
TXN100983,309.69,POS,0.793,1772,2,0,0.403,0,0,10,49.21,1,0
TXN100984,215.81,Online,0.762,2691,7,0,0.685,0,0,14,40.09,0,0
TXN100985,279.21,ATM,0.41,1042,5,0,0.877,0,0,22,23.84,0,0
TXN100986,36.44,POS,0.068,2122,3,0,0.264,0,0,12,12.94,0,0
TXN100987,206.65,Online,0.28,1542,4,0,0.685,0,0,2,30.45,0,0
TXN100988,109.66,POS,0.165,2383,1,0,0.564,0,0,17,31.64,0,0
TXN100989,91.58,Online,0.959,1411,1,0,0.682,0,0,6,21.31,1,0
TXN100990,354.45,POS,0.818,3415,4,0,0.106,0,0,18,,0,0
TXN100991,651.5,POS,0.078,1441,3,1,0.858,0,0,4,7.41,0,0
TXN100992,892.81,POS,0.513,426,3,0,0.452,0,0,2,53.2,0,0
TXN100993,552.7,Online,0.267,1802,4,1,0.806,1,0,21,34.22,0,0
TXN100994,132.99,Online,0.032,894,4,1,0.407,0,0,4,12.61,0,0
TXN100995,211.18,ATM,0.322,1678,6,0,0.966,0,0,18,37.35,0,0
TXN100996,319.52,POS,0.128,3362,2,0,0.706,0,0,0,35.78,0,0
TXN100997,167.53,Bank Transfer,0.223,400,1,1,0.935,0,0,13,74.85,0,0
TXN100998,169.15,POS,0.327,184,2,0,0.473,0,0,23,28.12,0,0
TXN100999,338.24,ATM,0.409,1080,2,0,0.367,0,0,1,87.17,0,0
TXN101000,139.87,ATM,0.468,1607,4,1,0.508,0,0,13,13.15,0,0
TXN101001,71.57,Online,0.52,497,2,0,0.229,0,0,22,24.15,0,1
TXN101002,98.05,Online,0.37,2549,4,0,0.299,0,0,11,26.97,0,0
TXN101003,279.75,ATM,0.498,2209,3,0,0.44,0,0,14,55.61,0,0
TXN101004,148.86,ATM,0.418,2570,3,0,0.405,0,0,17,20.41,0,0
TXN101005,208.56,POS,0.964,1560,4,0,0.138,0,0,23,24.2,0,1
TXN101006,290.06,ATM,0.068,3398,4,1,0.293,0,0,10,23.9,0,0
TXN101007,102.02,POS,0.586,2462,4,1,0.655,0,0,16,19.56,0,0
TXN101008,316.16,Online,0.194,3362,1,0,0.907,0,1,23,6.1,0,1
TXN101009,216.77,Online,0.375,347,5,0,0.279,0,0,22,4.02,0,1
TXN101010,43.17,ATM,0.546,2445,2,0,0.291,0,0,13,56.95,0,0
TXN101011,627.85,Online,0.76,1278,4,0,,0,0,4,12.91,0,0
TXN101012,89.95,POS,0.978,728,2,2,0.674,0,0,8,15.74,0,0
TXN101013,28.36,Online,0.494,682,2,0,0.898,0,0,22,19.72,0,0
TXN101014,52.19,POS,0.257,741,1,1,0.231,0,0,16,30.28,0,0
TXN101015,53.46,Online,0.792,363,1,2,0.912,0,1,9,29.18,0,0
TXN101016,156.36,Online,0.222,1675,4,0,0.35,1,0,13,20.14,0,0
TXN101017,112.86,ATM,0.508,2829,3,0,0.348,0,0,5,49.03,0,0
TXN101018,105.97,POS,0.847,1707,2,0,0.479,0,0,17,9.8,1,0
TXN101019,275.81,POS,0.404,503,2,1,0.966,0,1,9,26.61,0,0
TXN101020,208.49,Online,0.557,2589,1,0,0.193,0,1,16,21.98,0,1
TXN101021,203.58,POS,0.12,663,5,0,0.659,0,0,17,81.38,1,0
TXN101022,223.59,POS,0.056,3175,5,0,0.865,0,0,15,17.49,0,0
TXN101023,274.83,POS,0.986,1357,1,0,0.951,0,0,11,61.64,0,0
TXN101024,18.03,Online,0.179,34,2,1,0.793,0,0,7,25.82,1,0
TXN101025,103.09,POS,0.336,1089,1,0,0.157,0,0,0,17.35,0,0
TXN101026,16.77,Online,0.505,3043,2,1,0.839,0,0,7,38.64,0,0
TXN101027,153.86,Bank Transfer,0.374,3359,6,0,0.8,0,0,3,25.35,0,0
TXN101028,147.73,Online,0.097,1557,4,1,0.952,0,0,20,19.15,0,0
TXN101029,422.22,POS,0.197,3608,2,1,0.262,0,0,14,22.13,0,0
TXN101030,486.69,POS,0.493,869,1,0,0.552,0,0,8,8.75,0,0
TXN101031,181.78,POS,0.439,1559,3,0,0.456,0,1,10,49.8,1,0
TXN101032,89.98,Online,0.798,1689,2,0,0.724,0,0,10,12.35,0,1
TXN101033,241.09,Online,0.312,758,5,0,0.245,0,0,6,38.13,0,1
TXN101034,87.54,POS,0.94,1416,5,0,0.138,0,0,16,42.96,0,0
TXN101035,148.21,POS,0.283,1833,5,0,0.384,0,0,0,19.69,1,0
TXN101036,397.87,POS,0.331,2562,1,1,0.75,0,0,12,39.2,0,0
TXN101037,84.96,POS,0.949,1824,1,0,0.675,0,0,2,24.44,0,0
TXN101038,332.18,Bank Transfer,0.84,404,0,0,0.368,0,0,11,22.03,0,0
TXN101039,292.19,POS,0.317,1717,4,0,0.635,0,0,13,5.78,0,0
TXN101040,57.12,POS,0.395,3101,1,1,0.578,0,0,23,12.97,0,0
TXN101041,393.03,POS,0.842,103,3,1,0.381,0,0,12,14.86,0,0
TXN101042,298.44,POS,0.086,3643,5,1,0.118,0,1,20,40.95,0,0
TXN101043,164.34,POS,0.295,494,6,2,0.554,0,0,10,36.27,0,0
TXN101044,69.25,Online,0.532,62,5,1,0.108,0,0,17,55.01,1,0
TXN101045,62.85,POS,0.829,540,2,0,0.737,0,0,7,26.9,0,0
TXN101046,86.69,POS,0.565,935,1,0,0.293,0,0,8,7.77,1,0
TXN101047,255.34,Online,0.49,1303,0,0,0.385,1,0,2,23.29,0,0
TXN101048,57.08,Online,0.962,3033,4,2,0.201,0,1,10,33.06,0,1
TXN101049,229.87,POS,0.116,2132,3,0,,0,0,17,69.51,0,1
TXN101050,42.87,Bank Transfer,0.78,2342,6,0,0.204,0,0,12,3.21,0,0
TXN101051,121.02,POS,0.127,3207,3,0,0.495,1,0,13,53.11,0,0
TXN101052,165.61,Bank Transfer,0.733,506,6,2,0.699,0,0,14,19.21,0,0
TXN101053,1711.51,Bank Transfer,0.543,838,3,1,0.973,0,0,0,29.49,0,0
TXN101054,37.44,Online,0.265,3534,7,1,0.561,0,0,22,46.96,0,0
TXN101055,646.79,POS,0.543,2821,0,0,0.305,0,1,22,14.61,0,1
TXN101056,172.4,ATM,0.879,244,2,0,0.717,0,0,12,10.0,0,0
TXN101057,223.89,POS,0.472,848,3,0,0.376,0,1,0,19.2,0,1
TXN101058,167.06,POS,0.007,1382,2,0,0.35,0,0,3,78.52,0,0
TXN101059,231.53,Online,0.057,148,7,0,0.671,0,0,21,9.9,1,0
TXN101060,127.27,Online,0.633,2140,2,0,0.153,0,1,17,6.64,0,1
TXN101061,635.27,ATM,0.678,2382,2,0,0.45,0,1,18,1.76,0,0
TXN101062,94.02,ATM,0.402,1245,2,0,0.431,0,0,9,19.59,0,0
TXN101063,460.46,Bank Transfer,0.243,806,5,0,0.238,0,0,15,28.75,0,0
TXN101064,77.92,ATM,0.716,1570,1,0,0.646,0,0,2,47.74,0,0
TXN101065,139.74,Online,0.304,3359,2,0,0.795,0,0,16,22.07,1,0
TXN101066,50.81,Online,0.074,2631,3,0,0.376,0,0,22,12.22,0,0
TXN101067,233.93,Bank Transfer,0.41,3408,1,0,0.436,1,0,13,14.91,0,0
TXN101068,629.63,Bank Transfer,0.539,2031,6,0,0.442,0,0,11,23.04,0,0
TXN101069,137.37,ATM,0.966,410,2,0,0.624,0,1,23,35.05,0,1
TXN101070,121.89,ATM,0.592,246,5,0,0.79,0,0,0,17.7,0,0
TXN101071,48.69,Online,0.208,734,4,0,0.23,0,1,2,43.9,1,0
TXN101072,118.0,POS,0.832,1916,4,0,0.114,0,0,21,9.93,0,0
TXN101073,30.18,Bank Transfer,,791,0,1,0.768,0,0,15,4.41,1,0
TXN101074,59.57,POS,0.959,1178,3,0,0.409,1,0,11,27.3,0,1
TXN101075,186.19,POS,0.325,3329,4,0,0.571,1,1,7,41.72,0,1
TXN101076,555.03,Online,0.91,187,7,0,0.697,0,0,2,4.36,0,1
TXN101077,2463.19,Online,,312,4,0,0.994,0,0,22,130.79,0,0
TXN101078,82.55,Online,0.864,1440,4,0,0.788,0,0,1,32.61,0,0
TXN101079,623.47,POS,0.039,2749,1,0,0.394,0,0,8,34.96,0,0
TXN101080,189.38,POS,0.85,3011,2,0,0.266,0,0,3,33.95,0,0
TXN101081,127.58,POS,0.721,1071,2,0,0.585,0,0,2,18.77,0,1
TXN101082,228.74,POS,0.334,1082,8,0,0.55,0,1,3,25.52,0,1
TXN101083,157.89,POS,0.49,2138,5,0,0.211,0,0,16,21.85,0,0
TXN101084,165.74,Online,0.64,3164,3,0,0.512,0,0,3,29.06,0,1
TXN101085,98.66,POS,0.944,671,1,0,0.968,0,0,22,15.29,0,0
TXN101086,36.67,POS,0.78,3260,2,1,0.586,0,0,11,41.94,0,0
TXN101087,31.7,POS,0.429,2949,4,0,0.992,0,0,12,22.69,0,0
TXN101088,285.22,Online,0.645,999,7,0,0.277,1,0,11,42.51,1,0
TXN101089,112.54,ATM,0.186,2458,6,0,0.616,1,0,3,24.55,1,0
TXN101090,81.77,POS,0.424,2306,3,1,0.189,1,0,8,7.76,0,1
TXN101091,149.68,POS,0.791,106,2,0,0.769,0,1,5,75.83,0,1
TXN101092,328.63,Online,0.607,1484,6,0,0.363,0,0,20,6.18,1,0
TXN101093,177.75,POS,0.783,888,3,0,0.963,0,0,23,28.76,1,0
TXN101094,77.01,ATM,0.51,276,3,1,0.123,0,0,23,7.19,0,0
TXN101095,505.88,Bank Transfer,0.38,1718,5,0,0.608,0,0,12,59.5,0,0
TXN101096,719.95,Online,0.743,2573,2,0,0.733,0,0,15,49.39,0,0
TXN101097,243.36,Bank Transfer,0.094,1952,4,0,0.488,0,0,3,22.96,2,0
TXN101098,392.94,Online,0.979,351,7,1,0.969,0,0,5,12.02,0,0
TXN101099,513.86,Online,0.948,3024,4,1,0.37,0,1,23,10.44,0,1
TXN101100,459.48,POS,0.88,284,4,0,0.121,1,0,19,34.7,0,1
TXN101101,274.27,POS,0.884,1430,2,0,0.716,0,1,11,12.13,0,0
TXN101102,269.98,POS,0.511,2087,5,0,0.563,0,0,23,38.39,0,1
TXN101103,249.55,Online,0.498,3385,1,0,0.648,0,1,11,49.2,0,0
TXN101104,49.53,Online,0.82,2759,2,0,0.597,0,0,1,18.55,0,0
TXN101105,299.08,POS,0.283,731,2,0,0.748,0,0,9,5.52,0,0
TXN101106,38.25,Online,0.85,1578,4,0,0.526,0,0,17,23.79,0,0
TXN101107,67.05,POS,0.201,3134,4,0,0.161,0,0,12,56.5,0,0
TXN101108,546.52,POS,0.879,926,1,0,0.152,0,0,23,38.7,0,1
TXN101109,343.86,POS,0.541,3303,3,0,0.127,0,0,21,48.51,1,1
TXN101110,656.81,Online,0.843,1961,2,0,0.968,0,0,10,13.92,0,0
TXN101111,113.11,Online,0.493,2298,4,0,0.961,0,1,20,90.16,0,0
TXN101112,46.89,ATM,0.608,2429,4,0,0.45,0,0,22,17.8,0,0
TXN101113,116.69,POS,0.927,3532,3,0,0.704,0,0,9,30.8,0,0
TXN101114,164.36,Online,,2519,4,1,0.148,0,0,23,12.98,0,1
TXN101115,160.61,Bank Transfer,0.22,1516,4,1,0.736,0,0,11,41.79,0,0
TXN101116,461.13,POS,0.091,2165,2,1,0.511,1,1,8,17.17,0,0
TXN101117,103.41,Online,0.59,2561,4,1,0.549,1,0,9,10.27,0,0
TXN101118,211.04,POS,0.611,2194,4,0,0.191,0,0,3,,0,0
TXN101119,55.22,POS,0.621,66,1,1,0.452,0,0,12,45.98,0,0
TXN101120,232.83,Online,0.037,3294,2,1,0.264,0,0,3,38.93,0,0
TXN101121,148.88,POS,0.027,1024,1,0,0.106,1,0,13,5.3,0,0
TXN101122,70.12,Online,0.895,2386,4,0,0.472,0,1,21,8.29,0,1
TXN101123,117.23,Bank Transfer,0.696,2080,2,1,0.194,0,0,3,62.04,0,0
TXN101124,123.45,POS,0.113,464,5,0,0.267,0,0,15,13.48,0,0
TXN101125,113.28,POS,0.075,3200,2,0,0.377,0,0,23,133.59,0,0
TXN101126,872.48,ATM,0.162,331,4,1,0.508,0,0,19,12.81,0,0
TXN101127,134.5,Online,0.807,3479,2,0,0.317,1,0,20,41.49,0,1
TXN101128,116.29,Bank Transfer,0.723,3366,1,0,0.957,0,0,16,7.49,1,0
TXN101129,18.22,POS,0.639,2127,2,0,0.927,0,1,9,37.91,0,0
TXN101130,60.69,Online,0.641,3484,0,0,0.324,0,0,9,20.77,0,0
TXN101131,114.08,Bank Transfer,0.859,3128,6,0,0.504,0,0,7,25.09,0,0
TXN101132,74.75,POS,0.333,3287,2,0,0.647,0,0,11,90.59,0,1
TXN101133,590.94,ATM,0.322,2923,5,0,0.268,0,0,5,17.19,0,0
TXN101134,125.85,Online,0.425,3393,1,1,0.665,0,0,0,63.54,0,1
TXN101135,538.32,ATM,0.99,2830,2,1,0.478,0,0,6,32.61,0,1
TXN101136,157.86,POS,0.555,3216,6,0,0.128,0,0,10,20.76,0,0
TXN101137,154.04,Online,0.547,433,4,1,0.331,1,0,7,9.9,0,0
TXN101138,135.8,POS,0.81,1575,2,0,0.265,0,0,19,7.76,0,0
TXN101139,148.98,Bank Transfer,0.178,1762,2,0,0.841,0,0,18,8.44,1,0
TXN101140,827.82,POS,0.405,3322,6,0,0.548,0,0,6,3.42,0,0
TXN101141,14.59,POS,0.641,1790,4,2,0.262,0,0,7,57.64,0,0
TXN101142,20.05,Bank Transfer,0.988,1622,3,0,0.612,1,0,14,12.21,0,0
TXN101143,86.21,POS,0.154,2880,2,2,0.493,0,0,2,33.53,0,0
TXN101144,150.59,Online,0.452,2383,2,0,0.485,0,0,19,8.27,0,0
TXN101145,295.92,POS,0.906,2151,9,0,0.281,1,1,16,89.47,0,1
TXN101146,238.19,Online,0.726,3337,5,1,0.675,0,0,3,33.92,0,0
TXN101147,101.06,POS,0.614,2997,1,0,0.838,0,0,20,27.47,1,0
TXN101148,411.19,Online,0.257,2604,2,0,0.537,0,0,0,40.17,0,0
TXN101149,415.8,Online,0.187,3492,2,0,0.234,1,0,6,5.77,0,0
TXN101150,178.41,POS,0.374,204,1,0,0.335,1,0,13,1.97,2,0
TXN101151,388.64,POS,0.255,2037,2,0,0.383,0,1,18,40.49,0,0
TXN101152,194.93,POS,0.808,142,1,0,0.895,0,0,7,7.22,0,0
TXN101153,84.65,Online,0.721,2895,4,0,0.661,0,0,7,35.04,1,0
TXN101154,298.22,POS,0.835,490,5,2,0.934,0,0,10,89.82,0,0
TXN101155,165.77,POS,0.171,2059,2,0,0.39,0,0,10,23.23,0,0
TXN101156,148.61,POS,0.31,2862,4,0,0.886,0,0,15,4.78,0,0
TXN101157,647.39,Online,0.769,2295,1,0,0.813,0,0,9,3.95,0,0
TXN101158,12.8,Online,0.164,242,2,1,0.954,0,0,0,12.47,0,0
TXN101159,35.96,Online,0.146,1753,5,0,0.318,0,1,6,24.33,0,0
TXN101160,45.28,Bank Transfer,0.383,2852,5,2,0.952,0,0,15,20.46,0,0
TXN101161,103.21,Online,0.186,3503,4,0,0.693,0,0,1,32.92,0,0
TXN101162,115.05,ATM,0.079,3281,1,1,0.761,1,0,22,9.86,1,0
TXN101163,32.87,Online,0.313,2989,5,1,0.267,0,0,18,24.7,0,0
TXN101164,55.41,POS,0.876,1141,5,0,0.294,0,1,6,26.98,0,0
TXN101165,62.75,Bank Transfer,0.057,2752,1,0,0.995,0,0,18,5.7,0,0
TXN101166,1732.68,ATM,0.566,634,0,0,0.806,0,0,7,14.97,0,0
TXN101167,899.41,Online,0.563,1223,5,0,0.9,0,0,5,30.63,0,0
TXN101168,98.32,POS,0.531,1055,3,0,0.336,0,0,5,10.12,0,0
TXN101169,103.17,POS,0.506,1787,3,0,0.546,0,0,16,43.48,0,0
TXN101170,47.03,Online,0.017,3198,2,0,,0,0,15,50.57,0,0
TXN101171,22.02,Online,0.047,3153,2,0,0.34,0,0,3,5.14,0,0
TXN101172,132.04,Online,0.511,3261,3,0,0.23,0,1,6,19.72,0,0
TXN101173,54.72,POS,0.968,3419,3,2,0.267,0,0,0,10.53,0,0
TXN101174,136.34,Online,0.408,131,3,0,0.387,0,0,22,16.26,0,0
TXN101175,29.96,POS,0.472,3641,2,0,0.48,0,0,10,19.42,0,0
TXN101176,69.27,POS,0.982,3206,1,0,0.117,0,0,16,13.48,0,1
TXN101177,172.19,POS,0.779,2688,2,0,0.529,0,0,15,22.61,0,0
TXN101178,214.05,ATM,0.77,321,2,2,0.576,0,1,12,17.33,0,0
TXN101179,225.31,Online,0.505,2675,3,0,0.528,0,0,6,13.85,0,0
TXN101180,39.63,Bank Transfer,0.898,2475,4,1,0.633,0,0,20,32.47,0,0
TXN101181,348.87,ATM,0.581,369,3,0,0.181,0,0,18,37.64,0,1
TXN101182,66.67,ATM,0.657,760,5,0,0.893,0,0,18,42.0,0,0
TXN101183,279.46,Online,0.788,2750,2,1,0.31,0,0,10,20.3,1,0
TXN101184,146.84,ATM,0.407,634,0,0,0.494,1,1,6,17.94,1,0
TXN101185,37.47,Bank Transfer,0.953,1285,4,1,0.871,0,0,17,28.16,0,0
TXN101186,108.18,ATM,0.988,2231,1,0,0.744,0,0,11,36.17,0,0
TXN101187,213.87,POS,0.587,3159,2,0,0.75,0,0,20,26.73,0,0
TXN101188,273.96,Online,0.222,1059,3,0,0.82,0,0,0,21.84,0,0
TXN101189,128.9,POS,0.775,70,1,0,0.97,0,0,6,176.34,0,1
TXN101190,686.62,POS,0.322,3111,3,1,0.137,1,0,9,25.24,0,1
TXN101191,406.47,Online,0.577,3412,1,1,0.998,0,0,7,21.17,0,0
TXN101192,114.82,ATM,0.087,3122,5,0,0.941,0,0,3,49.44,1,0
TXN101193,314.23,POS,,1781,4,1,0.228,1,0,17,41.06,0,1
TXN101194,1026.38,POS,0.959,2637,1,0,0.365,1,0,21,81.85,0,1
TXN101195,1054.14,Bank Transfer,0.094,493,4,0,0.693,0,1,9,27.79,0,0
TXN101196,43.47,POS,0.732,2337,6,0,0.892,0,0,13,28.12,0,0
TXN101197,58.76,POS,0.861,2205,4,0,0.588,0,0,19,63.4,0,0
TXN101198,655.19,ATM,0.11,2330,6,0,0.562,0,0,14,64.56,0,0
TXN101199,51.51,ATM,0.247,2535,3,1,0.208,0,0,9,17.4,0,0
TXN101200,39.55,Online,0.392,3249,3,0,0.751,0,0,19,2.58,0,0
TXN101201,91.27,Online,0.837,2852,1,1,0.549,0,0,0,30.51,0,0
TXN101202,225.93,POS,0.493,162,5,0,0.194,0,0,6,40.87,0,0
TXN101203,133.97,POS,0.137,2570,3,0,0.921,0,0,5,14.7,0,0
TXN101204,77.43,ATM,0.256,2670,1,0,0.314,0,1,16,36.17,0,0
TXN101205,75.63,ATM,0.467,2033,3,0,0.579,0,0,0,6.16,0,0
TXN101206,72.8,POS,0.039,2288,2,0,0.851,0,0,3,11.87,0,0
TXN101207,61.59,POS,0.631,326,7,0,0.707,0,0,9,8.57,0,1
TXN101208,1453.36,POS,0.025,977,3,0,0.311,0,1,15,26.33,0,0
TXN101209,199.84,POS,0.781,3153,1,0,1.0,0,0,22,7.85,0,0
TXN101210,360.24,POS,0.734,38,3,0,0.184,0,1,8,48.07,0,0
TXN101211,91.01,POS,0.865,3589,5,0,0.825,0,0,10,14.58,0,0
TXN101212,123.23,ATM,0.158,835,2,0,0.518,0,1,21,16.38,1,0
TXN101213,72.71,POS,0.603,2846,2,0,0.165,0,0,12,20.23,1,0
TXN101214,10.47,Online,0.781,825,4,1,0.318,0,0,9,9.38,0,0
TXN101215,37.41,Online,0.516,155,1,0,0.175,0,0,23,22.59,0,0
TXN101216,24.27,ATM,0.131,2218,1,0,0.286,0,0,11,15.65,0,0
TXN101217,15.65,Bank Transfer,,2765,2,0,0.896,0,0,1,13.25,0,0
TXN101218,44.91,POS,0.606,338,2,0,0.363,0,1,20,28.49,1,0
TXN101219,558.33,POS,0.498,1006,4,0,0.65,0,1,9,9.37,0,1
TXN101220,141.96,ATM,0.93,1132,2,1,0.28,0,0,20,17.14,0,0
TXN101221,539.46,POS,0.834,3512,4,0,0.32,0,0,1,18.8,0,0
TXN101222,223.85,POS,0.724,1152,3,0,0.417,0,0,11,27.47,0,0
TXN101223,324.59,POS,0.982,259,1,0,0.953,0,0,2,23.1,1,1
TXN101224,60.29,Bank Transfer,0.695,3596,4,1,0.29,0,0,16,28.79,0,0
TXN101225,250.62,POS,0.092,363,7,2,0.691,0,0,8,13.3,0,0
TXN101226,307.57,Online,0.078,1794,7,0,0.435,1,0,19,14.48,0,0
TXN101227,83.38,Online,0.816,686,1,0,0.228,0,0,17,2.52,0,1
TXN101228,259.7,Online,0.361,943,3,0,0.599,0,0,16,15.7,0,0
TXN101229,261.44,POS,0.924,2756,1,0,0.436,0,0,1,17.82,1,0
TXN101230,85.67,Bank Transfer,0.118,522,6,0,0.885,0,0,5,23.73,1,0
TXN101231,48.29,ATM,0.199,2388,7,0,0.933,0,0,0,10.9,0,0
TXN101232,45.42,Online,0.773,2080,4,0,0.613,0,0,15,66.61,0,0
TXN101233,161.82,POS,0.847,2662,3,0,0.364,0,0,13,30.91,0,0
TXN101234,205.82,ATM,0.867,609,5,0,0.579,0,0,3,8.84,0,0
TXN101235,67.19,ATM,0.099,1311,2,0,0.897,0,0,13,12.2,0,0
TXN101236,152.41,Online,0.382,42,3,1,0.707,1,0,22,15.05,0,0
TXN101237,262.58,POS,0.646,3214,1,1,0.178,1,0,16,33.87,0,1
TXN101238,275.39,POS,0.919,3610,2,0,0.158,0,0,8,18.97,0,1
TXN101239,700.56,POS,0.239,1645,4,0,0.239,0,0,0,60.37,0,1
TXN101240,532.18,POS,0.6,1947,1,0,0.61,0,1,6,16.83,0,0
TXN101241,54.53,POS,0.144,515,3,0,0.251,0,0,12,30.29,0,0
TXN101242,799.18,POS,0.747,3201,3,0,0.329,0,0,16,23.71,0,0
TXN101243,87.27,ATM,0.128,2808,3,0,0.575,0,0,14,10.2,0,0
TXN101244,421.94,ATM,1.0,445,4,1,0.61,0,0,11,13.09,0,0
TXN101245,158.85,ATM,0.092,1946,2,0,0.842,0,0,20,7.97,0,0
TXN101246,98.28,Online,0.685,651,3,0,0.493,0,0,13,71.58,0,0
TXN101247,24.34,Online,0.777,2178,3,1,0.8,1,1,5,62.67,0,1
TXN101248,125.02,POS,0.258,2407,2,2,0.172,0,0,13,35.65,0,0
TXN101249,31.21,Online,0.255,1424,8,0,0.588,0,0,14,58.98,0,0
TXN101250,390.45,POS,0.596,1628,2,0,0.487,0,1,2,23.63,0,1
TXN101251,676.41,Online,0.63,2602,2,1,0.932,0,0,14,13.0,0,0
TXN101252,66.89,Bank Transfer,0.721,594,4,0,0.748,0,1,3,18.44,0,0
TXN101253,200.73,Bank Transfer,0.58,158,2,0,0.722,0,0,1,13.25,0,0
TXN101254,71.85,POS,0.174,1537,3,0,0.914,0,1,1,66.67,0,0
TXN101255,79.16,ATM,0.924,1808,3,0,0.323,0,0,20,12.51,0,1
TXN101256,321.98,POS,0.167,1066,3,0,0.782,0,0,9,50.84,0,0
TXN101257,142.8,POS,0.565,1576,1,0,0.88,0,0,18,5.8,0,0
TXN101258,845.26,POS,0.92,400,3,0,0.993,0,0,22,27.85,0,0
TXN101259,91.63,POS,0.913,2732,6,1,0.486,0,0,19,12.73,0,0
TXN101260,403.16,Online,0.168,2804,0,0,0.699,1,0,6,10.55,0,0
TXN101261,163.6,POS,0.239,992,3,0,0.27,0,0,0,33.13,0,0
TXN101262,328.91,POS,0.602,2389,1,0,0.603,0,0,12,22.7,0,0
TXN101263,94.9,Bank Transfer,0.337,876,2,1,0.501,0,0,1,44.52,0,0
TXN101264,141.24,Online,0.731,1460,3,1,0.224,0,0,14,21.53,0,1
TXN101265,132.22,Online,0.522,1187,2,1,0.926,0,0,0,57.91,0,0
TXN101266,64.32,Online,0.266,3544,4,0,0.912,0,1,18,20.68,0,0
TXN101267,287.75,Online,0.411,1769,1,0,0.963,0,0,18,31.43,0,0
TXN101268,284.36,Online,0.691,2321,5,1,0.262,0,0,20,6.29,0,1
TXN101269,268.69,Online,0.785,789,2,1,0.117,0,0,10,25.44,0,0
TXN101270,690.19,Bank Transfer,0.37,3387,4,1,0.769,0,1,11,6.12,0,0
TXN101271,632.29,POS,0.105,2506,3,0,0.344,0,0,8,40.13,0,0
TXN101272,102.01,Online,0.353,412,2,0,0.666,0,1,10,17.78,0,0
TXN101273,215.52,POS,,1230,7,0,0.58,0,0,14,1.17,0,1
TXN101274,79.55,ATM,0.76,1861,2,1,0.62,0,0,13,31.88,0,0
TXN101275,151.92,POS,0.88,1555,4,1,0.546,0,0,1,42.52,0,0
TXN101276,81.47,POS,0.962,2928,3,0,0.109,0,0,17,24.99,1,0
TXN101277,750.0,Bank Transfer,0.529,2048,1,0,0.341,0,1,17,16.46,0,0
TXN101278,213.51,Online,0.88,2046,2,0,0.93,0,0,22,56.71,0,0
TXN101279,119.34,POS,0.262,1394,3,0,0.48,0,0,21,11.7,0,0
TXN101280,489.61,POS,0.56,3086,2,0,0.385,1,0,5,47.15,0,0
TXN101281,16.94,POS,0.539,2568,3,0,0.121,0,0,8,38.11,0,0
TXN101282,19.8,Bank Transfer,0.769,2585,4,0,0.434,0,0,14,54.68,1,0
TXN101283,328.93,Online,0.773,2405,3,0,0.3,0,0,15,8.25,0,1
TXN101284,157.66,POS,0.285,2437,4,1,0.569,1,1,6,5.45,0,1
TXN101285,190.65,Online,0.886,2769,1,0,0.723,0,0,2,37.3,1,1
TXN101286,39.39,Online,0.891,877,3,1,0.155,0,0,9,53.45,0,0
TXN101287,145.0,POS,0.948,1923,4,0,0.741,0,0,15,28.22,0,0
TXN101288,1100.49,Bank Transfer,0.458,505,4,1,0.12,0,0,4,33.86,0,0
TXN101289,338.39,POS,0.987,1360,1,0,0.715,0,0,13,19.25,0,0
TXN101290,175.86,Bank Transfer,0.785,1084,3,0,0.239,0,0,12,74.73,0,0
TXN101291,95.67,ATM,0.653,758,4,0,0.413,1,0,16,33.47,0,0
TXN101292,100.03,POS,0.432,2011,5,0,0.211,0,0,5,14.38,0,0
TXN101293,17.65,ATM,0.842,1611,1,0,0.599,0,0,13,37.56,0,0
TXN101294,192.03,ATM,0.764,1673,3,0,0.813,0,0,0,73.17,0,0
TXN101295,345.67,Online,0.586,3190,0,0,0.604,0,1,18,24.75,1,0
TXN101296,30.7,Online,0.997,1340,7,0,0.913,0,0,12,111.4,0,1
TXN101297,76.6,POS,0.249,468,7,0,0.129,0,0,2,16.87,0,0
TXN101298,46.64,POS,0.642,2894,5,0,0.422,0,0,0,19.34,0,0
TXN101299,56.52,ATM,0.321,809,4,0,0.442,0,0,23,28.33,0,0
TXN101300,156.57,POS,0.458,3554,2,0,0.387,0,1,21,20.42,0,0
TXN101301,18.46,POS,0.339,2438,3,0,0.479,0,0,7,24.45,0,0
TXN101302,274.31,Online,0.335,955,6,1,0.614,0,0,15,29.71,0,0
TXN101303,315.4,POS,0.377,2111,0,1,0.275,0,0,15,13.28,0,0
TXN101304,115.46,ATM,0.057,3405,5,0,0.28,0,1,6,9.72,0,0
TXN101305,12.42,ATM,0.04,3346,0,0,0.228,0,0,5,38.9,0,0
TXN101306,54.79,ATM,0.725,1466,2,1,0.368,0,0,5,45.3,0,0
TXN101307,509.23,POS,0.311,135,3,0,0.681,1,0,14,10.68,0,1
TXN101308,9.23,Online,0.021,318,7,1,0.563,0,0,1,17.87,0,0
TXN101309,104.84,ATM,0.081,3210,6,0,0.358,0,0,14,7.73,0,0
TXN101310,45.6,POS,0.196,2423,3,0,0.964,0,0,20,,0,0
TXN101311,331.81,Online,0.048,2656,6,0,0.67,0,0,16,52.47,0,0
TXN101312,75.56,Online,0.946,2641,2,0,0.343,0,0,10,,0,0
TXN101313,222.28,POS,0.568,2837,2,0,0.141,0,0,14,45.26,1,0
TXN101314,261.25,POS,0.394,1871,1,0,0.312,0,1,4,18.16,0,0
TXN101315,930.97,Online,,1400,5,0,0.539,0,0,11,20.62,0,0
TXN101316,121.15,POS,0.113,881,7,0,0.286,0,0,13,24.6,0,0
TXN101317,216.17,Bank Transfer,0.702,1142,4,0,0.391,0,0,10,10.23,0,0
TXN101318,33.61,Online,0.97,2746,2,0,0.989,0,0,22,28.46,0,0
TXN101319,488.05,POS,0.131,82,2,0,0.942,0,0,16,10.01,0,0
TXN101320,69.37,Online,0.153,556,7,0,0.559,0,0,1,17.16,0,0
TXN101321,84.71,Online,0.629,2880,4,3,0.854,0,1,15,12.6,0,0
TXN101322,145.15,POS,0.152,2377,4,1,0.352,0,0,21,61.27,0,0
TXN101323,31.1,Bank Transfer,0.126,614,3,0,0.771,0,1,8,45.64,0,0
TXN101324,186.56,Online,0.67,161,2,0,0.906,0,1,21,14.49,1,0
TXN101325,390.51,Online,0.619,848,1,0,0.85,0,0,17,60.83,0,0
TXN101326,198.93,ATM,0.218,458,3,0,0.67,0,0,5,17.36,0,0
TXN101327,30.3,Online,0.823,1031,3,2,0.845,0,0,14,10.06,0,0
TXN101328,131.13,Online,,3045,2,0,0.106,0,0,23,2.88,0,0
TXN101329,311.7,POS,0.333,3178,6,1,0.447,0,0,17,27.46,1,0
TXN101330,22.69,POS,0.739,1067,2,0,0.792,0,0,3,36.67,0,0
TXN101331,50.66,Online,0.614,1072,4,0,0.466,1,0,15,48.62,0,1
TXN101332,356.57,Online,0.6,3022,3,1,0.268,0,0,8,42.47,0,0
TXN101333,194.43,ATM,,1570,1,1,0.797,0,0,11,151.57,0,0
TXN101334,224.07,Online,0.646,803,4,0,0.649,0,0,17,14.83,1,0
TXN101335,952.89,Online,0.874,2735,1,0,0.572,0,0,17,15.81,0,0
TXN101336,237.12,ATM,0.569,1806,5,0,0.405,0,0,8,40.89,0,0
TXN101337,286.54,Bank Transfer,0.401,3260,2,1,0.188,0,0,18,26.74,0,0
TXN101338,2232.21,POS,0.766,3205,3,0,0.877,0,0,16,43.95,0,0
TXN101339,119.84,Bank Transfer,0.259,2894,4,0,0.281,0,0,23,63.37,0,0
TXN101340,66.83,ATM,0.76,3549,3,0,0.671,0,1,21,6.62,1,0
TXN101341,227.65,POS,0.28,1968,4,0,0.364,1,0,14,17.93,0,0
TXN101342,230.21,POS,0.48,2011,5,0,0.307,0,1,12,8.78,0,0
TXN101343,87.64,POS,0.739,37,3,0,0.502,0,0,15,9.36,0,0
TXN101344,52.86,Online,0.628,638,4,1,0.759,0,0,15,23.21,0,0
TXN101345,1494.94,Online,0.086,601,3,0,0.308,1,0,5,16.82,0,0
TXN101346,205.79,Online,0.447,3365,3,0,0.183,0,0,23,24.66,1,0
TXN101347,71.36,ATM,0.812,948,1,0,0.537,0,0,13,33.69,0,0
TXN101348,370.9,POS,0.997,2282,7,0,0.593,0,1,3,31.24,0,1
TXN101349,133.07,Online,0.467,1527,1,1,0.691,0,0,16,31.57,0,1
TXN101350,115.25,Bank Transfer,0.086,2799,5,1,0.506,0,1,16,75.27,0,0
TXN101351,260.41,Bank Transfer,0.366,1341,6,0,0.449,0,1,10,18.84,0,0
TXN101352,40.78,ATM,0.49,3424,1,0,0.237,0,0,23,95.92,0,0
TXN101353,211.16,POS,0.073,1892,2,0,0.37,0,0,15,29.58,0,0
TXN101354,1005.21,POS,0.864,912,0,0,0.324,0,0,12,32.88,0,0
TXN101355,236.55,POS,0.539,1521,0,0,0.219,0,0,3,10.32,0,0
TXN101356,101.88,Online,0.416,1351,5,0,0.959,1,0,22,24.33,0,0
TXN101357,89.38,POS,0.397,2658,4,0,0.265,1,0,7,52.54,1,0
TXN101358,98.46,Bank Transfer,0.028,1202,5,0,0.615,0,0,1,31.79,0,0
TXN101359,115.13,Online,0.519,219,5,0,0.463,1,0,17,48.53,0,1
TXN101360,101.72,Online,0.476,2867,4,0,0.593,0,1,23,43.65,0,1
TXN101361,371.04,POS,0.346,3630,3,2,0.626,0,1,22,7.89,0,1
TXN101362,26.23,Online,0.659,938,2,1,0.568,1,0,13,36.61,0,0
TXN101363,351.43,Online,0.411,3081,3,0,0.397,0,1,12,36.17,0,1
TXN101364,101.53,Online,0.572,172,3,0,0.407,0,0,9,13.11,1,0
TXN101365,216.36,POS,0.885,1242,2,0,0.253,1,1,2,7.37,0,0
TXN101366,48.09,ATM,0.364,72,0,1,0.472,0,0,22,18.82,0,0
TXN101367,560.39,POS,0.398,1466,2,0,0.426,0,0,9,18.26,0,0
TXN101368,515.76,POS,0.866,2235,6,0,0.993,1,0,3,77.57,0,0
TXN101369,387.45,Bank Transfer,0.358,3518,2,0,0.184,1,0,23,53.38,0,0
TXN101370,32.63,POS,0.439,3073,5,0,0.62,0,0,1,29.38,0,0
TXN101371,340.06,POS,0.801,3417,2,0,0.991,0,1,5,25.89,1,1
TXN101372,222.48,Online,0.592,2391,2,0,0.935,0,1,4,18.06,0,0
TXN101373,29.81,Online,0.934,1453,7,0,0.724,1,0,19,51.72,0,0
TXN101374,144.85,POS,0.471,3311,2,0,0.457,0,0,18,19.34,0,0
TXN101375,213.69,POS,0.479,245,5,1,0.754,0,1,13,26.9,0,0
TXN101376,258.81,POS,0.043,2980,4,0,0.943,0,0,11,3.0,0,0
TXN101377,177.2,Online,0.197,3606,6,0,0.588,0,1,22,37.39,0,0
TXN101378,198.59,POS,0.54,110,3,1,0.409,0,0,4,16.54,0,0
TXN101379,647.82,ATM,0.187,2396,0,0,0.112,0,0,13,8.89,0,0
TXN101380,505.75,ATM,0.454,3200,7,0,0.556,0,0,5,10.15,0,0
TXN101381,8.44,POS,0.283,2538,4,1,0.184,0,1,19,24.2,0,0
TXN101382,108.05,POS,0.021,3562,2,1,0.387,0,0,6,71.56,0,0
TXN101383,125.88,POS,0.475,1024,0,0,0.66,0,0,14,36.95,0,0
TXN101384,25.74,POS,0.646,2341,1,0,0.35,0,0,23,14.18,0,0
TXN101385,163.07,POS,0.338,2993,6,0,0.301,0,0,3,41.88,1,0
TXN101386,517.37,ATM,0.777,281,2,0,0.63,0,1,3,25.51,0,1
TXN101387,50.07,POS,0.146,2048,1,0,0.166,0,0,12,33.18,0,0
TXN101388,207.76,Online,0.091,3506,2,2,0.936,0,0,2,23.22,0,0
TXN101389,59.39,Online,0.935,1732,3,0,0.985,0,0,11,17.47,0,0
TXN101390,75.8,ATM,0.922,2983,5,0,0.99,0,0,6,29.24,0,0
TXN101391,650.27,POS,0.407,2713,3,0,0.106,0,0,20,68.32,2,0
TXN101392,86.27,POS,0.42,1005,5,1,0.102,0,0,8,16.27,0,0
TXN101393,235.62,Bank Transfer,0.851,1376,5,0,0.193,0,1,22,18.31,0,1
TXN101394,22.85,POS,0.531,1806,3,0,0.926,1,1,17,23.09,0,0
TXN101395,955.58,Online,0.117,1584,5,0,0.882,0,0,17,19.94,0,0
TXN101396,271.14,Online,0.115,2184,3,0,0.116,0,0,18,16.27,0,0
TXN101397,123.66,Online,0.131,2391,3,2,0.164,0,0,10,31.77,0,0
TXN101398,263.89,POS,0.781,1525,5,0,0.373,0,0,12,70.77,0,0
TXN101399,36.24,POS,0.602,2345,0,0,0.351,1,0,5,66.31,0,0
TXN101400,484.22,Online,0.3,2416,4,1,0.101,0,0,1,5.96,0,1
TXN101401,107.34,Online,0.162,3545,3,0,0.173,1,1,7,9.56,0,0
TXN101402,121.02,ATM,0.123,2984,5,0,0.71,0,0,2,46.84,2,0
TXN101403,90.77,Online,0.741,2067,1,1,0.632,0,1,4,12.92,0,0
TXN101404,83.04,Bank Transfer,0.886,670,6,0,0.418,0,1,16,3.53,0,0
TXN101405,297.28,Bank Transfer,0.531,1191,2,0,0.32,0,1,3,10.23,0,1
TXN101406,191.7,ATM,0.773,1229,2,0,0.527,0,0,21,18.91,0,0
TXN101407,284.79,POS,0.283,1070,5,0,0.675,0,0,2,30.92,0,0
TXN101408,147.11,Online,0.586,3455,0,0,0.374,0,0,15,52.59,0,0
TXN101409,247.94,Online,0.438,1963,3,1,0.22,0,0,13,16.13,0,0
TXN101410,97.63,Online,0.088,3611,5,0,0.926,0,1,13,5.56,0,1
TXN101411,1379.85,POS,0.487,462,3,1,0.204,0,0,23,28.01,0,1
TXN101412,30.94,Online,0.847,2610,1,0,0.855,0,0,1,63.78,0,0
TXN101413,523.71,POS,0.052,2158,4,0,0.606,0,0,15,44.13,0,0
TXN101414,582.84,POS,0.477,2791,4,0,0.523,0,0,15,24.63,0,1
TXN101415,63.3,ATM,0.873,1442,5,0,0.33,0,0,22,23.89,0,0
TXN101416,1379.22,Online,0.79,1909,1,1,0.73,0,0,20,13.75,0,1
TXN101417,401.61,Online,0.493,1304,1,1,0.542,1,0,12,56.78,0,0
TXN101418,391.95,Online,0.171,2552,3,0,0.193,0,0,23,10.15,0,0
TXN101419,152.63,Online,0.849,726,1,0,0.839,0,0,15,49.47,0,0
TXN101420,119.44,POS,0.153,2419,2,1,0.717,0,0,1,7.42,1,0
TXN101421,120.37,Online,0.277,1823,5,0,0.793,0,0,4,14.76,0,0
TXN101422,219.32,POS,0.124,2916,1,0,0.305,0,0,16,5.37,0,0
TXN101423,602.56,Online,0.459,166,4,0,0.389,0,0,0,32.1,0,0
TXN101424,177.92,POS,0.629,689,3,0,0.396,0,0,16,13.49,0,0
TXN101425,59.65,Bank Transfer,0.827,2228,0,0,0.245,0,0,2,8.11,1,0
TXN101426,338.47,ATM,0.461,1383,3,0,0.894,1,0,23,59.12,0,0
TXN101427,372.84,Online,,1063,4,1,0.429,0,0,8,30.24,0,0
TXN101428,285.62,POS,0.596,3407,5,0,0.377,0,0,6,8.47,0,0
TXN101429,312.78,Online,0.604,3306,2,0,0.528,0,0,23,46.78,0,0
TXN101430,113.19,ATM,0.175,362,2,1,0.961,0,0,8,21.15,0,0
TXN101431,58.62,Online,0.19,1935,4,1,0.429,1,1,9,8.29,0,1
TXN101432,62.29,Online,0.577,2444,4,0,0.937,1,0,1,23.86,0,1
TXN101433,28.92,Bank Transfer,0.721,2855,1,0,0.939,0,0,1,2.04,0,0
TXN101434,188.1,Online,0.205,763,4,1,0.389,0,0,12,58.69,0,0
TXN101435,136.53,Online,0.484,3111,2,0,0.634,0,1,4,11.34,0,0
TXN101436,95.58,Online,0.356,2402,2,1,0.678,1,0,19,28.09,0,0
TXN101437,7.72,Online,0.439,3211,1,0,0.357,0,0,12,39.02,0,0
TXN101438,42.64,Online,0.222,2493,4,0,0.993,0,0,8,39.7,0,0
TXN101439,455.25,ATM,0.141,3181,2,0,0.637,0,0,14,44.74,0,0
TXN101440,76.35,POS,0.321,137,2,0,0.743,0,1,11,17.6,0,0
TXN101441,212.85,POS,0.869,846,1,1,0.722,0,1,21,8.93,0,0
TXN101442,36.94,POS,0.805,1956,6,1,0.301,0,0,21,24.87,1,0
TXN101443,625.6,Bank Transfer,0.102,1128,2,0,0.634,0,0,19,26.6,0,1
TXN101444,128.51,Online,0.088,746,5,0,0.878,0,0,22,67.15,0,1
TXN101445,198.35,POS,0.493,2592,2,0,0.786,1,0,9,17.61,0,1
TXN101446,1518.96,Online,0.277,3624,3,0,0.512,0,0,23,40.38,1,1
TXN101447,676.17,Online,0.823,1976,2,0,0.589,0,0,16,42.71,1,1
TXN101448,109.23,Bank Transfer,0.486,2232,2,0,0.677,0,1,1,6.38,0,0
TXN101449,82.0,Bank Transfer,0.853,2235,3,1,0.434,0,0,10,3.27,0,0
TXN101450,107.17,ATM,0.108,1539,1,0,0.4,0,0,19,19.29,0,0
TXN101451,247.13,ATM,0.97,2483,2,0,0.505,0,0,14,9.3,0,0
TXN101452,133.59,POS,0.767,2949,4,0,0.999,0,0,21,10.53,0,0
TXN101453,99.96,POS,0.732,443,3,0,0.73,0,1,17,2.74,0,0
TXN101454,643.67,Online,0.94,1026,2,0,0.22,0,0,10,22.22,0,1
TXN101455,132.4,Online,0.47,639,1,1,0.212,0,1,3,21.27,0,1
TXN101456,1479.69,POS,0.149,2898,1,0,0.223,0,1,14,1.31,1,1
TXN101457,162.51,ATM,0.497,2338,0,0,0.893,0,0,7,70.12,0,0
TXN101458,884.76,POS,0.815,2461,4,1,0.231,0,0,18,76.97,0,1
TXN101459,212.16,POS,0.86,2293,3,0,0.506,0,0,8,12.97,0,0
TXN101460,388.76,POS,0.489,1957,2,2,0.679,0,0,11,14.96,0,0
TXN101461,71.91,ATM,0.732,2989,2,0,0.83,0,0,7,73.58,0,0
TXN101462,63.2,ATM,0.247,599,4,0,0.39,0,1,23,19.36,0,1
TXN101463,235.03,Online,0.231,2541,1,0,0.308,0,0,20,6.47,0,0
TXN101464,398.84,ATM,0.586,3050,1,0,0.193,0,0,8,20.82,0,0
TXN101465,154.51,ATM,0.422,781,2,0,0.172,0,0,23,29.35,0,0
TXN101466,41.0,Online,0.161,2598,2,0,0.236,0,0,20,11.88,1,0
TXN101467,38.08,ATM,0.761,283,1,1,0.717,1,0,7,18.86,0,0
TXN101468,35.62,POS,0.532,621,4,0,0.163,0,0,10,49.45,0,0
TXN101469,25.34,Online,0.52,1445,2,0,0.684,0,0,0,8.16,0,0
TXN101470,165.59,POS,0.189,3649,2,1,0.873,0,0,16,19.73,0,0
TXN101471,457.16,Online,0.241,1374,1,0,0.566,0,0,18,54.06,0,0
TXN101472,146.44,Online,0.693,1582,4,1,0.947,0,0,1,66.91,0,0
TXN101473,15.48,POS,0.852,2808,4,0,0.518,0,1,10,22.59,0,0
TXN101474,122.64,Online,0.177,2919,2,2,0.523,0,0,0,49.96,1,0
TXN101475,126.12,Online,0.812,2460,2,0,0.243,0,0,12,46.91,0,0
TXN101476,1207.13,Online,0.788,139,2,0,0.671,0,0,5,49.94,0,0
TXN101477,34.57,POS,0.815,3187,6,0,0.785,0,0,10,22.36,1,0
TXN101478,100.42,POS,0.582,974,2,0,0.281,0,0,3,47.8,1,1
TXN101479,817.17,POS,0.352,1855,4,0,0.652,0,0,2,2.51,0,1
TXN101480,232.75,ATM,0.771,2678,2,1,0.474,0,0,10,24.5,0,0
TXN101481,260.69,Bank Transfer,0.48,1075,6,0,0.984,0,0,18,18.99,1,0
TXN101482,166.43,POS,,2511,3,0,0.167,0,0,2,30.89,0,0
TXN101483,206.43,Online,0.402,1855,4,1,0.453,0,0,21,32.83,0,0
TXN101484,322.99,Online,,595,5,1,0.472,1,0,22,8.94,0,1
TXN101485,66.06,Bank Transfer,0.505,810,3,0,0.521,0,1,12,5.79,0,0
TXN101486,357.12,POS,0.898,2791,2,0,0.372,1,0,4,31.78,0,0
TXN101487,37.6,Online,0.411,249,2,1,0.355,0,0,12,46.28,0,0
TXN101488,206.1,Online,0.285,1411,4,0,0.417,0,1,22,10.79,0,0
TXN101489,177.46,POS,0.962,1838,4,1,0.245,0,0,4,27.26,0,1
TXN101490,80.13,POS,0.242,1420,1,0,0.217,0,0,3,3.65,0,0
TXN101491,145.08,POS,0.011,1527,3,1,0.903,0,0,21,63.28,0,0
TXN101492,79.64,Online,0.85,3548,5,0,0.555,0,0,4,27.21,0,0
TXN101493,50.82,Online,0.954,146,1,0,0.803,0,0,16,6.21,0,0
TXN101494,104.21,Online,0.682,3583,2,1,0.408,0,0,14,32.85,0,0
TXN101495,49.21,POS,0.408,2641,3,2,0.936,0,0,17,45.39,0,0
TXN101496,204.96,ATM,0.544,3352,2,0,0.831,1,0,2,32.36,0,1
TXN101497,46.99,POS,0.832,2362,2,0,0.966,0,0,10,23.29,1,0
TXN101498,302.47,Bank Transfer,0.885,3446,4,0,0.793,1,0,21,37.45,1,0
TXN101499,45.54,POS,0.103,297,2,0,0.745,0,1,22,39.37,0,0
TXN101500,84.24,ATM,0.868,2630,3,1,0.634,1,0,2,44.21,0,1
TXN101501,79.47,Bank Transfer,0.617,2600,1,0,0.817,0,0,20,22.28,0,0
TXN101502,558.44,ATM,0.032,3403,1,0,0.384,1,0,10,22.07,0,0
TXN101503,206.5,ATM,0.108,329,8,0,0.161,0,0,5,56.35,1,1
TXN101504,120.09,POS,0.046,1869,5,1,0.423,0,0,21,2.4,0,0
TXN101505,244.38,Online,0.949,1903,3,1,0.796,0,0,16,37.24,0,0
TXN101506,18.04,Online,0.427,371,7,0,0.196,0,0,4,23.92,0,0
TXN101507,142.15,Online,0.716,2282,0,0,0.903,0,0,15,42.82,0,0
TXN101508,1093.91,Bank Transfer,0.002,1770,1,0,0.583,0,0,18,60.89,0,0
TXN101509,169.41,POS,0.793,1836,6,1,0.82,0,0,18,27.72,0,0
TXN101510,158.84,Online,0.482,2499,3,0,0.558,0,0,18,21.04,1,0
TXN101511,256.76,Bank Transfer,0.924,2735,4,0,0.857,0,0,3,25.96,0,0
TXN101512,363.44,POS,0.521,2427,3,0,0.995,0,1,9,33.58,0,0
TXN101513,20.14,POS,0.789,1425,2,1,0.828,0,0,12,42.05,0,0
TXN101514,27.6,POS,0.629,3518,3,0,0.889,0,1,18,17.41,0,0
TXN101515,183.15,ATM,0.521,800,2,0,0.841,0,0,11,6.58,1,0
TXN101516,72.61,ATM,0.948,1260,2,0,0.505,0,0,10,56.92,0,0
TXN101517,551.16,POS,0.496,1790,3,0,0.419,0,0,3,5.44,0,0
TXN101518,108.29,Online,0.892,1161,3,2,0.609,0,0,11,17.89,0,0
TXN101519,21.44,Online,0.036,1268,7,1,0.285,0,1,18,20.51,0,0
TXN101520,41.76,Online,0.657,3385,7,0,0.497,0,0,0,28.5,0,0
TXN101521,9.49,Online,0.912,577,4,2,0.219,0,0,0,21.59,0,0
TXN101522,117.43,Bank Transfer,0.899,1882,7,1,0.37,0,0,17,22.92,0,1
TXN101523,122.93,POS,0.485,1735,2,0,0.734,0,0,1,6.61,0,0
TXN101524,97.08,POS,0.472,344,7,0,0.167,0,1,13,15.36,0,0
TXN101525,436.54,Online,0.811,759,6,0,0.929,0,0,17,7.15,0,0
TXN101526,492.02,Online,0.335,1016,2,0,0.145,0,0,18,32.71,0,1
TXN101527,125.16,Online,0.937,1732,2,1,0.328,0,1,22,44.07,0,1
TXN101528,17.55,POS,0.251,1537,3,0,0.962,0,0,14,50.64,0,0
TXN101529,275.14,POS,0.074,2174,1,1,0.884,0,0,1,40.36,0,0
TXN101530,258.62,Bank Transfer,0.772,1393,2,1,0.187,0,0,1,13.33,0,0
TXN101531,202.23,POS,0.405,2861,4,0,0.885,0,0,13,8.28,0,0
TXN101532,396.03,Online,0.356,1357,3,0,0.863,0,0,2,16.64,0,0
TXN101533,46.3,ATM,0.321,3118,3,1,0.533,0,0,14,49.62,0,0
TXN101534,1106.28,POS,0.98,3649,5,0,0.882,1,0,3,20.22,0,1
TXN101535,56.86,POS,0.572,2448,6,0,0.536,0,1,10,4.32,0,0
TXN101536,313.95,POS,0.992,398,1,0,0.232,1,0,23,79.41,0,1
TXN101537,27.46,Online,0.344,3264,6,0,0.303,1,0,11,9.14,0,0
TXN101538,58.54,POS,0.414,2986,1,0,0.399,0,1,0,39.76,0,0
TXN101539,676.12,Online,0.212,2049,3,0,0.406,1,0,10,9.24,0,0
TXN101540,114.33,POS,0.43,1260,1,1,0.766,0,0,16,38.06,0,0
TXN101541,343.75,POS,0.062,2601,0,0,0.293,0,0,20,18.4,0,0
TXN101542,188.1,POS,0.001,2258,5,1,0.773,0,0,20,36.84,0,0
TXN101543,133.63,POS,0.453,2818,1,0,0.597,0,0,21,7.3,0,0
TXN101544,580.48,POS,0.746,2366,1,0,0.636,0,0,4,26.84,0,0
TXN101545,117.14,Bank Transfer,0.437,3015,1,2,0.74,0,0,1,3.18,0,0
TXN101546,25.01,POS,0.518,3531,6,0,0.81,0,0,20,25.3,0,0
TXN101547,66.47,Online,0.446,2751,3,0,0.446,0,0,2,9.61,0,0
TXN101548,257.54,Online,,1180,5,2,0.715,0,0,16,13.08,0,0
TXN101549,220.41,Online,0.776,3296,2,0,0.14,0,0,11,21.94,0,0
TXN101550,30.97,Online,0.804,3022,3,0,0.794,0,0,6,30.56,0,0
TXN101551,71.93,POS,0.838,1741,4,0,0.786,0,0,15,,0,0
TXN101552,82.95,Online,0.212,246,1,0,0.974,0,1,20,7.99,0,0
TXN101553,102.98,POS,0.458,3481,4,0,0.262,0,0,15,33.3,0,0
TXN101554,37.49,ATM,0.831,1986,3,0,0.219,0,0,15,2.45,0,0
TXN101555,79.17,POS,0.942,1479,1,1,0.93,0,1,19,37.05,0,0
TXN101556,71.62,Online,0.543,2227,7,0,0.4,0,0,1,21.11,0,0
TXN101557,321.03,Online,0.493,284,4,0,0.646,0,0,21,,0,0
TXN101558,333.33,Online,0.765,3019,2,0,0.959,0,0,18,24.12,0,0
TXN101559,128.28,POS,0.992,689,3,0,0.708,0,0,11,14.94,0,0
TXN101560,100.28,Online,0.426,962,2,0,0.338,0,0,1,44.93,0,1
TXN101561,170.7,ATM,0.165,2050,3,0,0.213,1,0,19,4.43,0,0
TXN101562,65.59,Online,0.834,2434,1,0,0.409,0,0,0,37.61,0,0
TXN101563,47.14,POS,0.71,82,2,1,0.7,0,0,11,19.67,0,0
TXN101564,57.96,POS,0.145,2133,5,1,0.955,1,0,5,63.11,0,0
TXN101565,78.66,POS,0.324,599,2,1,0.157,0,0,23,5.13,0,0
TXN101566,46.36,ATM,0.553,3483,3,1,0.49,0,1,11,9.32,0,0
TXN101567,174.52,Online,0.731,1384,4,0,0.823,0,0,9,9.87,0,0
TXN101568,307.88,Online,0.781,1805,3,0,0.887,0,0,22,8.67,0,1
TXN101569,30.35,ATM,0.156,2289,2,0,0.871,0,0,7,29.12,0,0
TXN101570,152.19,Online,0.217,597,0,0,0.8,0,0,10,21.71,0,0
TXN101571,119.11,Online,0.744,629,3,0,0.266,0,1,18,84.26,0,1
TXN101572,208.83,Online,0.116,3501,4,0,0.416,0,0,9,26.39,0,0
TXN101573,146.51,Online,0.498,2111,3,0,0.629,1,0,2,40.76,0,1
TXN101574,34.69,POS,0.546,851,5,0,0.221,0,0,23,1.57,0,0
TXN101575,42.0,ATM,0.339,2430,1,0,0.453,0,0,21,12.03,0,0
TXN101576,152.84,Bank Transfer,0.796,3262,1,0,0.29,0,0,3,75.44,0,1
TXN101577,415.21,Online,0.055,2794,3,1,0.367,0,1,19,15.92,0,0
TXN101578,16.21,Bank Transfer,0.777,1478,6,0,0.815,0,0,17,17.77,0,1
TXN101579,209.71,Bank Transfer,0.646,2420,5,0,0.716,0,0,18,7.96,0,0
TXN101580,487.66,Online,0.507,3272,1,0,0.105,0,0,20,15.25,0,0
TXN101581,127.35,ATM,0.872,935,3,0,0.942,0,0,8,25.4,1,0
TXN101582,257.29,Online,0.202,2890,1,0,0.573,0,0,14,5.68,0,0
TXN101583,73.47,POS,0.801,3640,2,0,0.689,0,0,13,42.03,0,0
TXN101584,131.71,POS,0.188,1279,0,0,0.658,0,1,3,27.17,0,0
TXN101585,29.34,Online,0.99,3245,4,0,0.164,0,0,23,35.31,0,1
TXN101586,14.23,ATM,0.033,110,5,0,0.9,0,0,13,11.56,0,0
TXN101587,380.99,POS,0.553,1382,3,0,0.716,1,0,3,49.41,0,1
TXN101588,55.42,ATM,0.168,1030,3,1,0.332,0,1,8,12.63,0,0
TXN101589,94.11,Online,0.408,135,1,0,0.177,0,0,7,20.3,0,0
TXN101590,37.1,Online,0.148,2211,4,2,0.994,0,1,19,22.64,0,0
TXN101591,36.24,POS,0.194,1943,2,0,0.942,0,1,21,12.7,1,0
TXN101592,124.73,Online,0.061,1402,3,0,0.751,0,1,4,23.92,0,0
TXN101593,71.55,POS,0.008,3161,4,0,0.581,0,0,16,23.65,0,0
TXN101594,216.58,POS,0.719,928,4,1,0.633,0,0,18,31.09,0,0
TXN101595,233.35,POS,0.453,3005,1,0,0.543,1,0,2,10.91,0,0
TXN101596,204.56,POS,0.046,2331,7,1,0.875,0,0,17,23.26,0,0
TXN101597,188.41,POS,0.939,3279,4,0,0.766,1,0,14,25.59,0,0
TXN101598,718.93,Online,0.666,55,3,0,0.163,0,0,23,32.93,1,0
TXN101599,51.03,Online,0.264,3539,8,0,0.395,0,0,6,69.55,0,1
TXN101600,140.48,POS,0.439,38,2,0,0.752,1,0,1,61.51,0,0
TXN101601,460.67,Bank Transfer,,2611,3,0,0.987,0,0,21,37.08,0,0
TXN101602,525.6,Online,0.57,2754,3,1,0.783,0,1,20,24.33,0,1
TXN101603,35.81,Bank Transfer,0.857,617,6,0,0.547,1,0,16,30.16,0,1
TXN101604,108.6,Online,0.59,157,1,1,0.792,0,0,12,9.07,0,0
TXN101605,577.16,POS,0.979,161,4,0,0.752,0,0,12,11.2,0,0
TXN101606,246.68,Bank Transfer,0.727,498,3,1,0.741,0,0,8,26.74,1,0
TXN101607,180.42,ATM,0.989,578,5,0,0.952,1,0,10,11.1,0,0
TXN101608,119.38,Online,0.551,3531,2,2,0.655,0,0,2,29.57,0,1
TXN101609,101.11,Online,0.678,757,1,1,0.566,0,0,15,44.27,0,0
TXN101610,197.99,Online,0.738,2945,1,0,0.769,0,1,7,18.53,0,0
TXN101611,115.31,Online,0.755,252,3,0,0.898,1,0,22,7.95,0,0
TXN101612,142.23,ATM,0.024,2398,3,0,0.663,0,0,11,44.74,0,0
TXN101613,160.55,Online,0.127,1671,3,0,,0,1,5,70.36,1,0
TXN101614,75.33,POS,0.228,1986,2,0,0.165,0,0,3,66.59,1,0
TXN101615,252.68,POS,0.271,2867,4,0,0.849,0,0,11,64.95,0,0
TXN101616,2735.98,POS,0.905,789,4,0,0.554,0,0,12,59.43,0,1
TXN101617,25.1,POS,0.723,45,0,0,0.99,0,0,10,23.07,1,0
TXN101618,205.21,POS,0.143,829,2,3,0.296,0,1,8,24.1,0,0
TXN101619,69.39,Bank Transfer,0.426,2939,2,2,0.737,0,0,23,11.44,1,0
TXN101620,264.38,POS,0.243,2170,4,0,0.476,0,0,20,69.87,0,0
TXN101621,155.49,POS,0.83,3379,4,0,0.118,0,0,5,12.67,0,0
TXN101622,317.94,POS,0.918,3050,6,0,0.43,1,0,23,11.65,0,1
TXN101623,480.83,Online,0.164,580,4,0,0.274,1,0,6,3.79,0,0
TXN101624,179.9,Online,0.417,239,4,1,0.589,0,1,0,8.16,0,0
TXN101625,460.38,Online,0.953,107,2,0,0.881,0,0,23,2.34,0,1
TXN101626,14.23,Bank Transfer,0.657,714,2,2,0.993,0,0,7,36.34,0,0
TXN101627,728.11,Bank Transfer,0.868,1765,3,2,0.596,0,1,14,,0,0
TXN101628,215.95,ATM,0.358,89,3,1,0.937,0,0,10,22.11,0,0
TXN101629,436.09,ATM,0.21,3174,2,1,0.885,0,0,20,5.65,0,0
TXN101630,43.82,POS,0.691,1762,7,0,0.277,0,0,19,16.3,1,1
TXN101631,64.67,Online,0.137,2697,1,1,0.124,0,0,22,18.68,0,0
TXN101632,171.73,POS,0.84,3189,2,1,0.874,0,0,22,7.74,0,0
TXN101633,145.91,ATM,0.755,155,1,0,0.616,0,0,3,41.37,0,0
TXN101634,196.97,POS,0.305,1600,2,0,0.799,0,0,0,31.22,0,0
TXN101635,439.01,POS,0.499,2467,1,1,0.681,0,0,21,38.08,0,1
TXN101636,25.4,POS,0.799,3638,6,0,0.304,0,0,22,37.44,0,0
TXN101637,393.0,Online,0.935,2990,3,1,0.507,0,0,19,20.26,0,1
TXN101638,149.65,Online,0.352,815,2,1,0.416,0,0,7,51.6,0,1
TXN101639,121.05,POS,0.79,1011,6,0,0.725,0,0,0,17.0,0,0
TXN101640,34.09,Online,0.194,2923,3,2,0.151,1,0,2,16.13,1,1
TXN101641,245.44,POS,0.904,2395,5,0,0.502,0,0,14,10.36,0,0
TXN101642,13.28,ATM,0.686,933,3,1,0.32,0,0,0,39.7,0,0
TXN101643,283.84,POS,0.153,1818,5,0,0.737,0,0,13,35.17,0,0
TXN101644,33.38,POS,0.74,3392,4,1,0.518,0,0,9,33.47,0,1
TXN101645,156.56,Online,0.724,774,2,1,0.731,1,0,5,17.26,0,0
TXN101646,131.74,Online,0.742,1223,1,1,0.814,0,0,15,49.4,0,0
TXN101647,477.97,ATM,0.345,3293,6,0,0.792,0,0,11,14.22,0,0
TXN101648,124.13,Online,0.74,2465,2,0,0.931,0,1,18,43.67,0,0
TXN101649,74.13,Bank Transfer,0.827,837,3,0,0.189,0,0,5,37.31,0,0
TXN101650,89.42,POS,0.347,1068,5,0,0.174,0,0,20,9.5,0,0
TXN101651,530.0,Online,0.208,3072,2,1,0.309,0,0,20,19.02,0,0
TXN101652,253.74,Bank Transfer,0.888,1044,1,0,0.509,0,1,8,34.15,0,1
TXN101653,100.92,POS,0.621,2569,4,0,0.549,0,1,0,22.05,0,0
TXN101654,117.16,ATM,0.46,1824,4,3,0.906,1,0,0,115.99,0,1
TXN101655,30.96,POS,0.88,829,4,0,0.989,0,0,18,38.75,0,0
TXN101656,218.87,Online,0.136,1362,0,0,0.405,0,0,11,19.06,1,0
TXN101657,25.54,POS,0.811,2604,5,0,0.955,0,0,5,10.27,0,0
TXN101658,314.76,Online,0.491,2933,3,0,0.329,0,0,20,63.68,1,0
TXN101659,168.78,ATM,0.043,124,4,3,0.266,0,1,18,60.78,0,1
TXN101660,1614.78,POS,0.973,3308,4,0,0.722,0,0,2,46.37,0,0
TXN101661,49.4,POS,0.778,885,7,0,0.441,0,0,21,0.74,0,0
TXN101662,133.93,POS,0.215,2378,2,0,0.819,0,0,16,29.88,0,0
TXN101663,896.31,POS,0.924,1063,3,1,0.916,0,1,21,30.17,0,0
TXN101664,488.52,Online,0.935,999,1,0,0.613,0,1,0,17.61,0,1
TXN101665,73.98,Bank Transfer,0.8,3248,2,1,0.885,0,0,9,33.81,0,0
TXN101666,185.67,POS,0.127,2567,3,1,0.384,0,0,9,18.79,1,0
TXN101667,148.71,Online,0.186,3343,3,0,,0,0,2,14.68,0,0
TXN101668,196.75,Online,0.754,105,5,1,0.593,0,0,5,47.28,0,0
TXN101669,73.8,POS,0.914,1010,3,0,0.968,0,0,19,10.7,0,0
TXN101670,135.73,POS,0.215,205,8,0,0.657,0,0,19,18.83,0,1
TXN101671,30.02,Online,0.461,1748,1,0,0.755,0,0,7,33.8,0,0
TXN101672,169.89,Online,0.155,1701,4,0,0.92,0,0,19,15.36,0,0
TXN101673,232.76,ATM,0.478,3583,3,1,0.8,0,0,21,54.59,0,0
TXN101674,118.22,Online,0.643,866,2,1,0.642,0,0,2,40.66,0,0
TXN101675,29.52,Online,0.019,2440,3,0,0.831,1,1,4,27.94,0,0
TXN101676,398.83,Bank Transfer,0.643,3629,2,0,0.401,0,0,8,41.71,0,0
TXN101677,213.69,ATM,0.64,282,4,1,0.624,0,0,7,15.53,0,1
TXN101678,71.81,Bank Transfer,0.455,1641,6,0,0.897,0,0,19,1.32,0,0
TXN101679,112.1,POS,0.895,1446,0,0,0.477,0,0,14,24.4,0,0
TXN101680,33.09,Bank Transfer,0.135,125,2,0,0.84,1,0,14,33.97,0,0
TXN101681,53.23,ATM,0.051,1555,4,1,0.757,0,0,12,21.42,1,0
TXN101682,86.68,ATM,0.496,947,4,0,0.398,0,0,22,16.59,0,0
TXN101683,506.95,Online,0.533,1139,5,1,0.683,0,0,14,7.92,0,0
TXN101684,78.3,Bank Transfer,0.267,799,4,0,0.497,0,0,19,30.75,0,0
TXN101685,281.52,Online,0.962,1912,2,1,0.415,0,0,17,32.59,0,1
TXN101686,86.63,ATM,0.254,1472,6,1,0.727,0,0,13,5.86,0,0
TXN101687,190.18,Online,0.27,2694,4,0,0.24,0,0,11,21.39,0,1
TXN101688,128.84,ATM,0.811,1309,5,0,0.693,0,0,2,24.53,1,0
TXN101689,355.33,ATM,0.923,2533,0,1,0.238,0,0,22,54.17,0,0
TXN101690,86.94,POS,0.536,1939,4,0,0.54,0,0,6,48.13,0,0
TXN101691,30.8,POS,0.019,1302,4,0,0.784,0,1,15,63.25,0,0
TXN101692,37.26,Online,0.355,3011,2,0,0.698,0,0,4,17.22,1,0
TXN101693,87.19,ATM,0.224,2696,3,0,0.442,0,0,1,28.06,0,0
TXN101694,42.56,Online,0.511,1933,2,0,0.505,0,0,4,42.97,0,0
TXN101695,223.68,ATM,0.683,1963,3,0,0.321,0,0,22,32.13,0,0
TXN101696,93.15,ATM,0.392,2794,1,0,0.473,0,0,7,42.74,0,0
TXN101697,1594.96,Online,0.537,2815,2,0,0.914,0,0,2,12.06,0,1
TXN101698,26.11,POS,0.76,2608,2,3,0.859,0,1,19,69.07,0,1
TXN101699,181.93,Online,0.246,442,3,1,0.188,0,0,22,59.67,0,0
TXN101700,48.04,Bank Transfer,0.196,862,3,0,0.265,1,0,7,19.47,0,0
TXN101701,90.61,Online,0.806,1495,2,0,0.133,0,0,0,25.53,0,1
TXN101702,170.96,Bank Transfer,0.037,2112,2,1,0.474,0,1,14,48.37,1,0
TXN101703,14.51,Bank Transfer,0.151,1458,4,2,0.846,0,0,10,12.85,0,0
TXN101704,188.07,POS,0.012,3029,1,1,0.621,0,0,15,6.72,0,0
TXN101705,995.16,ATM,0.555,1303,4,0,0.312,0,0,12,25.15,0,0
TXN101706,94.31,Online,0.6,1999,1,0,0.454,0,0,19,25.9,0,0
TXN101707,192.44,Online,0.531,2556,2,2,0.184,0,0,8,9.69,0,1
TXN101708,413.61,POS,0.414,1396,5,0,0.446,0,0,16,7.41,0,0
TXN101709,125.97,POS,0.529,2046,7,0,0.437,0,0,5,2.84,1,0
TXN101710,83.02,POS,0.194,2660,3,2,0.341,0,0,13,14.38,0,0
TXN101711,15.25,Online,0.826,1426,4,0,0.289,0,0,8,43.76,0,1
TXN101712,281.74,POS,0.981,3544,3,0,0.294,0,0,2,3.21,0,0
TXN101713,132.53,Online,0.541,1971,4,1,0.229,0,0,9,16.05,0,0
TXN101714,53.91,Online,0.374,2877,2,0,0.224,0,0,6,45.6,0,0
TXN101715,168.44,Online,0.792,2579,4,0,0.981,1,0,5,,0,0
TXN101716,82.79,ATM,0.193,2977,3,0,0.688,0,1,0,21.29,0,0
TXN101717,87.49,Online,0.321,2473,2,0,0.677,0,0,10,23.1,0,0
TXN101718,272.13,POS,0.94,1980,3,0,0.454,0,0,21,48.69,0,1
TXN101719,38.92,Bank Transfer,0.186,2783,2,0,0.251,0,0,15,9.93,1,0
TXN101720,422.98,ATM,0.112,1719,3,0,0.539,0,1,11,3.86,0,0
TXN101721,36.68,Online,0.546,3112,1,2,0.438,0,1,7,71.01,0,0
TXN101722,76.5,ATM,0.587,1846,3,0,0.319,0,0,0,62.87,0,0
TXN101723,1015.31,POS,,2706,4,0,0.784,0,0,21,39.38,0,0
TXN101724,458.22,ATM,0.164,778,3,0,0.31,0,0,22,2.78,0,0
TXN101725,163.63,POS,0.721,682,3,0,0.747,0,0,20,58.51,0,0
TXN101726,57.94,Online,0.242,2074,2,0,0.214,0,0,5,2.82,0,0
TXN101727,87.42,POS,0.948,3094,5,1,0.549,0,0,22,22.47,0,0
TXN101728,159.7,ATM,0.228,2686,4,0,0.71,0,1,23,18.94,0,0
TXN101729,154.09,POS,0.017,1231,3,0,0.719,0,0,4,12.48,0,0
TXN101730,135.52,POS,0.568,3128,4,0,0.982,0,1,17,24.98,0,0
TXN101731,143.91,POS,0.203,2440,5,1,0.507,1,0,21,33.02,0,0
TXN101732,119.78,ATM,0.629,2044,3,0,0.44,0,0,19,65.93,1,0
TXN101733,35.09,POS,0.229,3617,4,0,0.77,0,0,8,38.29,0,0
TXN101734,88.54,Online,0.428,2850,0,0,0.158,0,0,9,32.94,0,1
TXN101735,370.42,POS,0.18,1096,3,1,0.543,0,0,8,11.01,0,0
TXN101736,37.78,ATM,0.429,265,4,1,0.884,0,0,1,9.99,0,0
TXN101737,122.79,POS,0.137,1008,1,1,0.339,0,1,9,23.83,0,0
TXN101738,65.38,Bank Transfer,0.338,669,4,0,0.552,0,0,8,42.02,0,0
TXN101739,165.89,POS,0.199,689,0,2,0.246,0,1,13,42.68,0,0
TXN101740,100.62,POS,0.816,1921,1,1,0.95,0,0,18,49.04,0,0
TXN101741,650.27,POS,0.729,3592,2,0,0.864,1,0,1,86.51,0,0
TXN101742,246.31,POS,0.167,2379,3,1,0.79,0,0,19,9.65,0,0
TXN101743,39.97,Online,0.083,1575,1,0,0.232,0,0,22,15.72,0,0
TXN101744,290.39,POS,0.026,928,2,0,0.553,0,0,9,,0,1
TXN101745,68.4,Bank Transfer,0.227,2867,1,0,0.293,0,0,1,10.4,0,0
TXN101746,83.35,Online,0.48,2016,2,1,0.926,1,0,2,80.52,0,0
TXN101747,203.12,POS,0.4,208,2,1,0.937,0,0,2,68.97,0,0
TXN101748,90.76,Online,0.971,1717,3,0,0.757,0,0,19,29.03,0,0
TXN101749,362.44,POS,0.792,683,2,0,0.692,0,0,13,11.14,0,0
TXN101750,68.41,POS,0.078,1832,4,1,0.319,0,0,20,54.07,0,0
TXN101751,79.92,POS,0.159,258,5,0,0.166,0,0,6,21.68,0,0
TXN101752,76.99,POS,0.027,802,4,2,0.854,0,0,18,77.12,0,0
TXN101753,84.3,POS,0.138,2982,1,0,0.314,0,0,10,14.14,0,0
TXN101754,445.5,Bank Transfer,0.529,641,2,0,0.34,0,0,2,28.19,0,0
TXN101755,278.33,Online,0.077,415,0,0,0.331,0,0,11,23.54,1,0
TXN101756,820.52,Bank Transfer,0.06,829,3,0,,0,0,8,9.85,1,0
TXN101757,1433.17,POS,0.118,3371,3,2,0.392,0,0,10,28.19,0,0
TXN101758,52.95,ATM,0.669,3461,3,0,0.331,1,0,18,44.5,0,0
TXN101759,159.24,POS,0.019,2432,5,0,0.215,0,0,0,42.79,0,0
TXN101760,45.78,POS,0.97,2855,6,0,0.799,0,0,10,18.21,1,0
TXN101761,68.2,ATM,0.381,3322,5,0,0.949,0,0,1,12.69,0,0
TXN101762,79.04,POS,0.337,1101,6,0,0.236,0,0,19,43.88,1,0
TXN101763,51.57,Online,0.475,1510,2,0,0.619,0,0,9,38.96,0,0
TXN101764,51.84,ATM,0.518,130,1,0,0.496,0,0,21,15.72,0,0
TXN101765,128.47,Online,0.42,1932,2,0,0.504,0,0,15,59.06,0,1
TXN101766,43.96,Online,0.486,3381,4,2,0.78,0,0,16,25.42,0,0
TXN101767,344.51,POS,0.34,129,5,0,0.779,0,0,16,15.41,0,0
TXN101768,59.28,POS,0.322,2605,6,1,0.156,0,0,11,15.12,0,0
TXN101769,2464.07,Bank Transfer,0.027,1716,0,0,0.903,1,0,11,32.91,0,0
TXN101770,94.5,POS,0.672,3523,2,0,0.112,0,0,21,7.68,0,1
TXN101771,159.5,POS,0.617,2168,0,0,0.495,0,0,10,62.05,0,0
TXN101772,40.64,POS,0.669,1497,1,1,0.184,0,1,18,39.3,0,0
TXN101773,817.37,Bank Transfer,0.941,394,4,1,0.7,0,0,12,36.65,0,1
TXN101774,454.64,ATM,0.473,2060,1,0,0.475,0,0,23,43.33,0,0
TXN101775,199.72,Online,0.882,3582,7,1,0.226,0,0,23,17.81,0,1
TXN101776,38.6,Bank Transfer,0.444,76,5,1,0.404,0,0,14,20.78,0,0
TXN101777,183.22,POS,0.478,45,4,0,0.334,0,1,11,11.03,0,1
TXN101778,48.35,Bank Transfer,0.633,3252,1,0,0.688,0,0,19,24.26,0,0
TXN101779,640.57,POS,0.216,998,3,0,0.702,0,1,20,14.8,0,0
TXN101780,333.35,Online,0.217,2230,3,1,0.594,0,0,5,10.2,0,1
TXN101781,163.28,POS,0.51,2258,4,0,0.801,0,0,23,57.92,0,0
TXN101782,12.98,Bank Transfer,0.069,1767,0,0,0.12,0,0,21,11.2,0,0
TXN101783,55.51,Bank Transfer,0.237,1831,1,0,0.69,0,0,7,35.88,0,0
TXN101784,295.23,Online,0.793,2520,1,0,0.688,0,0,0,33.45,0,0
TXN101785,499.14,POS,0.464,895,2,0,0.516,0,0,8,8.64,0,0
TXN101786,449.97,POS,0.027,680,3,0,0.854,0,0,22,42.87,0,0
TXN101787,30.2,Online,0.061,3602,4,1,0.167,0,1,17,7.95,0,1
TXN101788,200.65,POS,0.92,61,3,0,0.785,1,0,0,39.68,0,1
TXN101789,409.74,POS,0.957,713,1,0,0.383,0,0,16,35.48,0,0
TXN101790,28.27,Online,0.641,2670,8,0,0.128,0,0,7,30.04,0,0
TXN101791,147.24,Online,0.185,2087,5,0,0.121,1,0,5,79.08,0,1
TXN101792,195.16,Bank Transfer,,1196,2,1,0.32,0,0,2,27.94,0,1
TXN101793,109.86,Online,0.305,449,5,0,0.628,0,0,15,23.67,0,0
TXN101794,23.29,POS,0.785,1358,6,0,0.655,0,0,16,19.97,0,0
TXN101795,107.16,Online,0.537,233,5,1,0.203,0,0,11,77.28,0,0
TXN101796,106.99,POS,0.78,2034,4,1,0.361,0,0,4,15.61,0,0
TXN101797,127.99,Online,0.361,1796,6,0,0.193,0,0,21,27.41,0,0
TXN101798,84.48,ATM,0.87,3359,4,0,0.853,0,0,21,10.25,0,0
TXN101799,95.3,POS,0.429,2943,5,0,0.868,0,0,23,20.39,0,0
TXN101800,142.64,POS,0.417,1730,2,0,0.284,0,0,8,19.4,0,0
TXN101801,231.01,Bank Transfer,0.489,1953,3,0,0.909,0,0,3,16.81,1,0
TXN101802,109.46,Online,0.592,2525,3,1,0.174,0,1,16,26.38,1,1
TXN101803,98.53,Online,0.894,1092,1,0,0.584,0,0,4,,0,0
TXN101804,162.77,ATM,0.458,2205,2,0,0.746,0,0,1,27.78,0,0
TXN101805,21.74,Online,0.93,90,1,0,0.46,0,1,8,39.44,1,0
TXN101806,239.14,POS,0.394,3428,4,0,0.186,0,1,19,5.71,1,1
TXN101807,148.33,ATM,0.325,3434,4,1,0.788,0,0,20,17.33,1,0
TXN101808,154.42,Bank Transfer,0.295,3250,2,0,0.808,0,0,12,31.87,0,0
TXN101809,387.89,POS,0.021,797,1,0,0.395,0,1,23,37.85,0,1
TXN101810,21.06,POS,0.849,2883,1,0,0.12,0,0,22,37.02,0,0
TXN101811,20.62,Online,0.079,2109,3,0,0.928,0,0,15,28.5,1,0
TXN101812,195.16,Online,0.334,3589,1,1,0.173,0,0,17,11.77,0,0
TXN101813,147.36,Online,0.25,86,6,2,0.335,1,0,20,32.35,1,0
TXN101814,175.95,Online,0.744,1468,3,0,0.492,0,0,21,28.52,0,0
TXN101815,93.49,Online,0.933,381,3,0,0.501,0,0,9,17.57,0,0
TXN101816,288.4,Online,0.817,3454,5,0,0.57,0,0,20,28.94,0,0
TXN101817,377.15,POS,0.32,646,1,0,0.29,0,0,6,18.83,0,0
TXN101818,240.8,POS,0.456,170,5,0,0.449,0,0,7,11.12,1,0
TXN101819,114.34,Online,0.247,436,2,1,0.939,0,0,3,38.42,0,0
TXN101820,18.03,Bank Transfer,0.924,3523,4,1,0.897,0,0,7,16.08,0,0
TXN101821,320.29,Online,0.119,1951,6,1,0.182,1,0,3,10.25,0,1
TXN101822,503.57,POS,0.952,419,6,0,0.803,0,0,1,17.46,0,0
TXN101823,282.75,Bank Transfer,0.814,1467,2,0,0.596,0,0,9,11.31,2,1
TXN101824,61.58,Online,0.712,1570,2,2,0.13,0,1,21,15.42,0,1
TXN101825,291.14,Online,0.774,2930,3,0,0.81,0,0,2,11.21,0,0
TXN101826,350.91,POS,0.339,825,2,0,0.24,0,0,11,15.31,0,0
TXN101827,705.44,ATM,0.296,450,0,0,0.319,0,1,4,32.31,0,0
TXN101828,61.8,Online,0.381,2744,6,1,0.168,0,0,19,6.12,0,0
TXN101829,118.34,ATM,0.182,1590,3,0,0.789,0,0,21,18.5,0,0
TXN101830,313.33,POS,0.746,479,6,0,0.736,0,0,9,21.4,0,0
TXN101831,157.18,Online,0.475,1580,6,0,0.852,0,0,17,89.0,0,0
TXN101832,48.55,POS,0.886,1572,4,0,0.556,0,0,13,93.17,0,0
TXN101833,224.67,Bank Transfer,0.878,865,1,1,0.488,0,1,5,29.99,0,1
TXN101834,264.72,POS,0.156,756,3,1,0.596,0,0,15,62.75,0,0
TXN101835,162.06,Online,0.219,377,3,1,0.107,1,0,2,24.12,0,1
TXN101836,184.86,Online,0.411,3072,2,1,0.8,0,0,10,33.4,0,0
TXN101837,114.58,POS,0.119,68,3,0,0.846,0,0,8,58.01,0,0
TXN101838,650.85,POS,0.689,1869,3,1,0.153,1,0,5,20.31,0,1
TXN101839,60.3,POS,0.738,98,2,0,0.919,0,0,2,35.57,0,0
TXN101840,82.49,Online,0.721,2940,1,0,0.47,0,0,11,69.22,1,0
TXN101841,150.05,Bank Transfer,0.47,1473,4,0,0.313,0,0,0,27.34,0,0
TXN101842,357.44,Online,0.843,3582,5,0,0.135,0,0,18,30.36,1,0
TXN101843,33.2,Bank Transfer,0.606,226,6,0,0.983,0,0,19,39.58,0,0
TXN101844,40.03,POS,0.994,1231,3,0,0.698,0,0,17,18.22,0,0
TXN101845,19.34,Online,0.815,1458,6,0,0.655,0,0,22,35.46,1,0
TXN101846,153.35,Bank Transfer,0.722,278,1,1,0.232,0,1,19,6.71,0,0
TXN101847,48.51,Bank Transfer,0.123,1613,3,0,0.823,1,0,12,74.51,0,0
TXN101848,101.03,POS,0.833,1692,1,0,0.631,0,0,14,6.54,0,0
TXN101849,287.54,Online,0.306,1642,3,1,0.42,0,1,20,14.08,0,1
TXN101850,78.14,Bank Transfer,0.419,1960,3,0,0.663,0,0,5,15.76,0,0
TXN101851,187.03,ATM,0.463,723,3,0,0.225,0,0,9,6.75,0,0
TXN101852,110.02,Online,0.331,894,4,0,0.482,0,0,2,20.06,0,0
TXN101853,290.65,POS,0.108,1835,1,0,0.242,0,0,22,25.19,0,0
TXN101854,238.68,POS,0.199,2361,2,0,0.203,0,0,12,18.53,0,0
TXN101855,74.3,Online,0.803,1450,2,0,0.995,0,1,18,17.36,0,0
TXN101856,125.38,Online,0.652,1684,2,1,0.357,0,0,7,35.67,0,1
TXN101857,421.47,POS,0.943,3612,5,2,0.11,0,1,20,41.35,0,1
TXN101858,219.94,POS,0.821,2368,4,1,0.297,0,0,6,21.77,0,0
TXN101859,36.71,Online,0.402,194,3,0,0.43,1,1,4,14.37,0,1
TXN101860,285.89,Online,0.786,1335,1,0,0.112,0,0,1,5.59,0,0
TXN101861,50.17,Online,0.576,225,1,0,0.665,1,0,16,28.09,0,0
TXN101862,609.42,Online,0.286,3198,2,0,0.57,0,0,0,55.05,0,0
TXN101863,413.27,POS,0.975,3014,4,0,0.407,0,0,23,19.76,1,0
TXN101864,198.32,Bank Transfer,0.928,1716,2,0,0.899,0,0,8,17.66,0,0
TXN101865,173.68,Online,0.112,992,4,1,0.319,0,0,21,10.34,0,0
TXN101866,120.42,POS,0.839,2633,7,1,0.182,0,0,21,27.6,0,0
TXN101867,292.52,Online,0.078,695,2,0,0.193,0,0,22,68.89,0,0
TXN101868,102.43,Online,0.929,2818,3,0,0.813,0,0,21,33.56,0,0
TXN101869,187.84,Online,0.624,3195,1,0,0.407,0,0,23,10.6,0,0
TXN101870,354.93,Online,0.167,680,1,0,0.912,0,0,5,29.44,0,0
TXN101871,84.62,Online,0.817,1958,0,1,0.173,0,0,9,34.16,0,1
TXN101872,80.14,Online,0.516,589,1,1,0.586,1,0,2,50.22,0,0
TXN101873,44.95,POS,0.06,2259,4,0,0.362,1,1,4,5.15,0,0
TXN101874,51.19,POS,0.798,2472,4,0,0.947,0,0,20,8.42,0,0
TXN101875,23.85,POS,0.788,58,3,0,0.529,0,0,6,8.41,0,0
TXN101876,307.92,Online,0.482,3450,2,0,0.345,0,0,12,4.96,0,0
TXN101877,905.89,Online,0.731,973,4,0,0.129,0,0,13,12.78,0,1
TXN101878,617.28,ATM,0.04,1707,4,1,0.54,0,0,15,16.32,0,0
TXN101879,29.19,POS,0.318,968,4,1,0.239,0,0,18,9.17,0,0
TXN101880,306.39,Online,0.673,3307,3,0,0.167,0,0,20,75.69,0,1
TXN101881,615.3,POS,0.231,2784,3,1,0.235,0,0,8,70.66,0,0
TXN101882,93.99,Online,0.45,3612,2,0,0.57,0,0,15,16.15,0,0
TXN101883,164.26,Online,0.932,1425,5,0,0.322,0,0,5,35.96,0,1
TXN101884,19.93,POS,0.827,2066,4,0,0.481,0,0,19,52.56,0,0
TXN101885,193.78,POS,0.558,2120,2,1,0.571,0,0,0,60.52,1,0
TXN101886,51.24,Online,0.577,862,4,0,0.144,0,0,2,48.58,0,1
TXN101887,181.21,Online,0.887,3403,2,0,0.601,0,0,7,46.95,0,0
TXN101888,31.15,POS,0.863,3158,3,0,0.504,0,1,2,15.75,0,1
TXN101889,255.41,Bank Transfer,0.088,3594,3,1,0.6,0,1,5,15.15,0,0
TXN101890,413.44,Bank Transfer,0.466,1685,1,1,0.729,0,0,8,37.27,0,0
TXN101891,67.82,ATM,0.191,490,1,3,0.739,0,0,22,68.54,0,0
TXN101892,47.61,POS,0.083,604,0,1,0.726,0,1,9,8.43,0,0
TXN101893,17.18,Online,0.292,2042,2,0,0.168,0,0,21,11.36,0,0
TXN101894,113.7,POS,0.611,2992,1,0,0.914,0,1,17,19.7,0,0
TXN101895,82.96,Bank Transfer,0.794,2560,2,1,0.829,1,0,6,36.33,0,0
TXN101896,31.47,Online,0.912,2681,4,0,0.891,0,0,12,38.54,0,0
TXN101897,233.46,POS,0.423,2861,2,0,0.254,0,0,8,41.64,0,0
TXN101898,94.64,POS,0.422,3080,4,1,0.628,0,0,14,21.91,0,0
TXN101899,50.62,ATM,0.153,3360,3,0,0.939,1,0,6,46.55,0,0
TXN101900,85.24,Bank Transfer,0.195,1344,2,0,0.94,0,0,22,24.75,0,0
TXN101901,433.25,Online,0.102,2666,1,0,0.434,0,0,8,33.52,0,0
TXN101902,271.22,Online,0.976,1038,4,0,0.868,0,0,23,36.66,1,1
TXN101903,130.32,ATM,0.128,2527,3,0,0.516,0,0,9,25.32,0,1
TXN101904,275.64,ATM,0.757,230,3,0,0.174,0,0,2,9.15,0,0
TXN101905,46.48,ATM,0.318,225,5,0,0.976,0,0,5,33.63,0,0
TXN101906,153.3,Online,0.537,753,9,0,0.378,0,0,7,35.67,1,0
TXN101907,171.97,Online,0.873,2002,4,0,0.359,0,0,1,11.15,0,1
TXN101908,92.77,ATM,0.936,3326,1,0,0.91,0,0,4,22.64,0,1
TXN101909,229.4,POS,0.24,2197,3,1,0.769,0,0,18,35.13,0,0
TXN101910,68.0,Online,0.911,2061,4,0,0.427,0,0,18,71.84,1,1
TXN101911,247.11,POS,0.252,2551,4,1,0.819,0,0,4,42.48,0,0
TXN101912,257.72,Online,0.805,3238,2,0,0.118,0,0,23,6.42,0,0
TXN101913,8.03,ATM,0.015,2141,3,0,0.623,0,0,20,65.86,0,0
TXN101914,488.0,POS,0.535,2701,0,0,0.344,0,0,18,10.82,0,1
TXN101915,7.05,Online,0.726,1512,1,2,0.599,0,0,22,26.59,0,1
TXN101916,80.15,POS,0.839,3632,4,0,0.397,1,0,7,9.9,0,1
TXN101917,413.79,Bank Transfer,0.841,1794,5,0,0.748,0,0,13,5.3,0,0
TXN101918,108.06,ATM,0.299,3262,2,0,0.672,0,0,21,31.58,0,0
TXN101919,34.25,Online,0.853,3531,4,0,0.747,0,0,13,26.4,0,1
TXN101920,49.71,Online,0.324,3225,2,0,0.739,0,0,5,12.5,0,0
TXN101921,414.43,POS,0.234,1221,3,0,0.773,0,0,4,59.57,0,0
TXN101922,21.73,ATM,0.001,1381,4,0,0.985,0,0,2,16.77,0,0
TXN101923,458.97,Online,0.236,2869,1,0,0.499,0,0,10,64.76,0,1
TXN101924,140.46,POS,0.118,3392,3,2,0.781,0,0,21,11.11,0,0
TXN101925,45.04,Bank Transfer,0.675,2228,3,0,0.299,0,0,10,36.95,0,0
TXN101926,82.84,POS,0.145,2843,1,2,0.966,0,0,4,16.77,0,0
TXN101927,53.67,Online,0.585,1636,1,0,0.866,0,1,19,47.83,0,0
TXN101928,352.91,POS,0.126,3132,3,0,0.187,0,0,18,15.75,0,0
TXN101929,308.72,Online,0.704,1529,1,0,0.821,0,1,8,35.03,1,0
TXN101930,26.6,POS,0.286,2281,2,0,0.626,0,0,8,34.33,0,0
TXN101931,99.13,POS,0.309,1974,6,0,,0,0,7,13.22,0,0
TXN101932,62.6,Online,0.64,3057,2,0,0.2,1,0,11,52.95,2,0
TXN101933,541.05,Bank Transfer,0.939,2925,3,0,0.661,0,0,23,99.29,0,0
TXN101934,38.47,POS,0.992,3068,1,0,0.571,0,0,16,16.87,0,0
TXN101935,738.21,Online,0.357,472,3,2,0.852,0,0,13,8.32,0,0
TXN101936,143.55,Online,0.946,918,1,1,0.457,0,0,16,35.87,0,0
TXN101937,46.44,ATM,0.612,3326,3,0,0.569,0,0,17,6.24,0,0
TXN101938,75.39,POS,0.906,501,1,0,0.488,0,0,17,35.2,0,0
TXN101939,66.58,Online,0.028,2832,4,1,0.172,0,1,15,,0,1
TXN101940,41.49,Bank Transfer,0.033,2326,0,0,0.516,0,0,7,51.81,0,0
TXN101941,163.18,POS,0.075,1293,3,2,0.962,0,1,14,9.48,2,0
TXN101942,43.47,Online,0.804,167,2,0,0.115,0,0,9,78.0,0,1
TXN101943,16.77,Bank Transfer,0.138,66,4,1,0.761,0,0,12,25.13,0,0
TXN101944,101.53,POS,0.177,3260,5,0,0.481,0,0,16,14.58,0,0
TXN101945,24.46,Online,0.585,410,5,0,0.26,0,0,5,22.24,0,0
TXN101946,69.95,POS,0.957,2726,2,0,0.714,0,1,23,43.23,0,0
TXN101947,59.79,ATM,0.567,552,4,0,0.432,0,0,6,40.59,0,0
TXN101948,62.1,Bank Transfer,0.733,1466,3,1,0.992,0,0,15,6.75,0,0
TXN101949,1097.69,Online,0.188,404,3,0,0.566,0,0,21,10.67,0,0
TXN101950,157.03,Online,0.914,2335,3,0,0.472,0,1,17,6.63,0,0
TXN101951,189.69,Online,0.056,402,1,1,0.967,0,0,15,28.67,0,0
TXN101952,25.12,POS,0.283,2297,1,0,0.357,0,0,16,43.36,0,0
TXN101953,77.17,POS,0.454,3505,3,1,0.973,0,0,17,13.32,0,0
TXN101954,184.07,POS,0.226,2715,1,0,0.797,0,0,15,34.0,0,0
TXN101955,53.28,POS,0.664,2413,1,0,0.592,0,0,22,10.35,0,0
TXN101956,367.99,Online,0.679,3310,3,0,0.434,0,0,3,12.47,0,0
TXN101957,44.58,POS,0.212,3000,1,0,0.162,0,1,5,25.81,0,0
TXN101958,111.46,POS,0.009,2683,2,0,0.948,0,0,12,10.29,0,0
TXN101959,82.59,Online,0.074,2067,3,0,0.674,0,1,23,2.83,0,0
TXN101960,174.92,POS,0.0,1441,2,0,0.573,1,0,1,14.63,0,0
TXN101961,78.22,POS,0.905,2272,5,1,0.688,0,0,6,81.3,0,0
TXN101962,113.19,POS,0.622,415,3,1,0.899,0,0,11,30.73,0,0
TXN101963,117.2,POS,0.138,3219,0,0,0.368,1,0,5,63.47,0,0
TXN101964,71.21,Online,0.093,3234,5,0,0.567,1,0,12,18.26,0,0
TXN101965,241.07,ATM,0.818,978,7,0,0.836,0,1,3,9.56,0,0
TXN101966,188.37,ATM,0.811,2770,5,0,,0,0,23,21.31,0,1
TXN101967,135.83,ATM,0.927,2544,2,0,0.74,0,0,17,3.14,0,0
TXN101968,96.5,Online,0.159,3121,2,0,0.629,1,0,7,19.95,0,1
TXN101969,329.16,Bank Transfer,0.522,3285,3,1,0.45,0,0,13,3.94,0,0
TXN101970,117.23,Online,0.121,2721,6,0,0.319,0,1,4,21.91,0,0
TXN101971,109.21,Online,0.796,3419,3,0,0.679,0,1,22,24.62,0,0
TXN101972,164.79,Online,0.412,1206,1,0,0.743,0,0,17,8.99,0,0
TXN101973,809.64,POS,0.696,1637,1,0,0.535,0,0,5,6.25,0,0
TXN101974,38.85,POS,0.03,569,4,0,0.951,0,0,22,99.84,0,0
TXN101975,320.49,POS,0.778,3131,5,3,0.241,0,0,8,31.69,0,1
TXN101976,22.35,ATM,0.229,1034,4,1,0.566,0,0,15,33.09,0,0
TXN101977,184.43,POS,0.843,1853,5,0,0.706,0,0,4,105.68,0,0
TXN101978,717.01,Online,0.186,619,1,0,0.948,0,0,22,11.58,0,0
TXN101979,241.93,Bank Transfer,0.79,963,5,0,0.336,0,0,8,62.53,0,0
TXN101980,176.02,Online,0.134,2473,8,0,0.32,0,1,23,58.25,0,0
TXN101981,84.74,POS,0.663,938,1,0,0.536,0,0,9,18.83,0,0
TXN101982,153.09,Online,0.779,1896,2,0,0.733,0,1,23,36.77,0,0
TXN101983,115.35,POS,0.386,1665,2,1,0.383,0,1,0,55.77,0,0
TXN101984,67.63,Bank Transfer,0.244,2255,2,0,0.558,0,0,1,22.35,0,0
TXN101985,111.07,Online,0.345,963,2,2,0.215,0,0,6,33.84,1,0
TXN101986,180.98,ATM,0.297,1784,4,1,0.938,0,0,23,2.96,0,0
TXN101987,68.91,Online,0.633,138,2,0,0.277,0,0,20,31.48,0,0
TXN101988,66.27,Online,0.045,1906,1,0,0.328,1,0,1,6.29,0,0
TXN101989,38.08,ATM,0.041,412,5,0,0.482,0,0,2,96.23,0,0
TXN101990,219.36,POS,0.288,2666,1,2,0.225,0,0,2,28.33,0,0
TXN101991,256.04,POS,0.277,3104,1,0,0.96,0,0,17,78.02,0,0
TXN101992,187.1,POS,0.177,1483,2,0,0.689,0,0,19,13.41,0,0
TXN101993,389.62,Online,0.717,3224,4,0,0.694,0,0,3,20.34,0,0
TXN101994,162.04,Bank Transfer,0.024,1450,4,0,0.281,0,0,17,25.02,0,0
TXN101995,219.64,Online,0.924,3190,3,0,0.406,0,0,16,9.14,0,0
TXN101996,201.11,Online,0.757,1911,3,0,0.274,0,0,4,24.25,0,1
TXN101997,135.43,Bank Transfer,0.403,2034,4,0,0.171,0,0,4,3.08,0,0
TXN101998,87.28,POS,0.859,1509,3,0,0.486,0,0,10,20.26,0,0
TXN101999,1358.52,POS,0.618,3415,4,1,0.513,0,0,17,43.09,0,1
TXN102000,94.45,Bank Transfer,0.57,2586,3,0,0.708,0,0,15,26.84,0,0
TXN102001,76.26,Bank Transfer,0.313,1836,4,0,0.498,0,0,5,9.28,0,0
TXN102002,229.07,Online,0.663,2910,2,0,0.99,0,1,9,20.03,0,0
TXN102003,190.92,POS,0.14,1704,0,2,0.539,0,0,0,42.0,0,1
TXN102004,36.42,Bank Transfer,0.525,3202,3,0,0.504,0,0,11,34.44,0,0
TXN102005,456.08,ATM,0.116,1747,4,0,0.34,0,0,9,28.83,0,0
TXN102006,135.07,Online,0.445,2962,2,1,0.653,0,0,9,8.59,0,0
TXN102007,48.87,POS,0.616,949,3,1,0.831,0,0,3,14.9,0,0
TXN102008,487.25,Online,0.156,2080,3,1,0.97,0,0,7,21.84,0,0
TXN102009,277.46,ATM,0.222,2250,0,0,0.229,0,0,1,50.69,0,1
TXN102010,41.91,Bank Transfer,0.813,1939,1,0,0.124,0,0,2,30.59,0,1
TXN102011,877.59,Online,0.256,1655,2,0,0.98,0,0,15,17.07,0,0
TXN102012,286.8,Online,0.096,34,5,0,0.475,0,0,15,29.0,0,1
TXN102013,146.91,Online,0.331,3558,6,1,0.706,0,0,13,10.44,1,0
TXN102014,727.94,Online,0.935,811,6,1,0.955,0,0,22,26.3,0,1
TXN102015,174.04,Online,0.694,652,2,0,0.122,0,0,17,35.71,1,1
TXN102016,144.3,POS,0.575,2966,0,0,0.255,0,0,22,28.86,1,0
TXN102017,76.68,POS,0.84,307,2,0,0.814,0,0,1,73.91,0,0
TXN102018,265.56,ATM,0.66,2793,1,1,0.714,0,0,7,1.58,0,0
TXN102019,239.03,POS,0.811,1301,2,0,0.502,0,0,5,50.74,1,1
TXN102020,150.61,POS,0.657,2637,4,0,0.963,0,1,18,16.11,0,0
TXN102021,67.36,Bank Transfer,0.864,810,2,0,0.693,0,0,14,121.92,0,0
TXN102022,169.01,Online,0.624,2574,2,0,0.126,0,0,23,13.5,0,0
TXN102023,138.41,POS,0.265,3620,2,0,0.191,1,1,19,13.65,0,0
TXN102024,39.12,POS,0.041,1855,2,1,0.896,0,0,17,21.66,0,0
TXN102025,34.06,ATM,0.105,2052,3,0,0.963,0,0,9,50.36,0,0
TXN102026,261.17,Online,0.512,2248,2,0,0.321,0,0,20,14.41,0,0
TXN102027,11.0,Online,0.972,1332,3,2,0.302,0,1,11,51.83,0,0
TXN102028,182.26,Online,0.759,2024,3,1,0.139,0,0,14,33.12,0,1
TXN102029,92.01,POS,0.775,2356,3,0,0.204,0,0,8,30.37,0,0
TXN102030,549.08,ATM,0.664,119,5,1,0.318,0,0,10,32.22,0,0
TXN102031,90.61,POS,0.903,1670,3,1,0.919,0,0,17,46.41,2,0
TXN102032,287.0,Online,0.735,1937,3,0,0.221,0,0,0,30.11,0,1
TXN102033,99.79,POS,0.258,785,2,0,0.169,0,0,1,82.92,0,0
TXN102034,166.29,POS,0.499,1734,4,0,0.981,0,0,18,4.93,1,0
TXN102035,310.08,POS,0.404,1458,4,0,0.198,0,1,21,54.31,0,0
TXN102036,93.45,Bank Transfer,0.165,2035,4,0,0.254,0,0,15,7.42,0,0
TXN102037,402.04,POS,0.222,1066,2,0,0.575,0,0,22,31.42,0,0
TXN102038,54.94,POS,0.285,3280,2,0,0.344,0,0,17,29.67,0,1
TXN102039,199.26,POS,0.174,2338,5,1,0.474,0,0,7,42.26,0,0
TXN102040,373.4,ATM,0.217,2299,2,0,0.475,0,0,14,10.66,0,0
TXN102041,287.16,Online,0.916,2985,2,0,0.617,0,0,18,11.14,1,0
TXN102042,1008.73,Bank Transfer,0.343,107,2,0,0.118,0,1,1,69.55,0,0
TXN102043,69.17,Online,0.828,980,1,1,0.83,0,0,11,23.26,0,0
TXN102044,37.37,Online,0.064,684,1,0,0.42,0,0,12,24.73,0,0
TXN102045,54.91,Online,0.982,2279,2,0,0.997,0,0,9,87.55,0,0
TXN102046,287.28,POS,0.765,1268,7,0,0.87,0,0,0,42.37,0,1
TXN102047,244.18,Bank Transfer,0.907,2594,3,1,0.116,0,0,4,21.77,0,1
TXN102048,164.39,Bank Transfer,0.526,3440,2,0,0.855,0,0,20,28.1,0,0
TXN102049,48.28,POS,0.635,1369,5,2,0.281,0,0,23,21.54,0,0
TXN102050,319.54,Online,0.361,1226,3,0,0.1,0,0,15,29.18,0,0
TXN102051,43.61,POS,0.432,1794,5,1,0.141,0,0,17,55.2,0,0
TXN102052,472.93,Online,0.751,1800,4,1,0.874,0,0,18,35.34,1,1
TXN102053,2584.89,ATM,0.05,1328,5,1,0.417,0,0,20,31.76,0,0
TXN102054,214.1,Bank Transfer,0.037,1282,4,1,0.397,0,0,17,36.67,0,0
TXN102055,265.9,POS,0.875,1379,0,1,0.823,0,0,12,41.75,0,0
TXN102056,90.66,Online,0.11,1794,3,0,0.994,1,0,18,21.38,1,0
TXN102057,24.28,Online,0.721,1645,3,1,0.909,0,1,12,17.99,0,0
TXN102058,81.23,POS,0.2,1682,2,0,0.967,0,0,1,90.17,0,0
TXN102059,49.75,Online,,1099,2,0,0.179,1,0,20,14.36,0,0
TXN102060,34.92,Online,0.294,2323,5,1,0.468,0,0,19,36.26,0,0
TXN102061,830.78,ATM,0.49,1797,2,0,0.319,0,0,10,17.5,0,0
TXN102062,194.97,Bank Transfer,0.827,859,4,0,0.656,0,0,3,12.17,0,0
TXN102063,216.95,POS,0.876,2753,2,0,0.972,0,0,23,24.03,0,0
TXN102064,108.96,POS,0.222,3217,2,0,0.97,0,1,21,45.39,0,0
TXN102065,124.85,POS,0.338,1457,3,0,0.698,0,1,16,40.68,0,0
TXN102066,389.38,POS,,1921,7,3,0.798,0,0,13,9.26,1,0
TXN102067,143.69,Online,0.09,3452,2,0,0.886,0,0,13,45.13,0,0
TXN102068,252.32,Bank Transfer,0.117,1173,2,0,0.497,0,0,1,41.1,0,0
TXN102069,122.0,Online,0.48,819,3,0,0.598,0,1,21,29.09,0,0
TXN102070,105.41,Online,0.79,1283,3,2,0.888,0,0,0,12.71,0,0
TXN102071,36.35,POS,0.336,1657,3,0,0.453,0,1,5,61.17,0,0
TXN102072,20.54,POS,0.069,1636,0,0,0.438,0,1,1,33.94,0,0
TXN102073,114.26,ATM,0.968,2208,3,0,0.85,0,0,1,21.12,0,0
TXN102074,157.04,Online,0.939,1030,1,0,0.886,0,0,5,14.62,0,1
TXN102075,41.01,POS,0.652,1996,4,1,0.785,0,0,9,9.65,1,0
TXN102076,143.38,Bank Transfer,0.682,419,1,0,0.521,0,0,19,11.44,0,0
TXN102077,156.61,Online,0.934,3457,5,1,0.471,0,0,3,11.91,0,0
TXN102078,17.18,POS,0.644,1096,1,0,0.206,0,1,1,29.82,0,0
TXN102079,59.43,Online,0.788,1204,2,0,0.39,0,0,3,22.49,1,1
TXN102080,223.02,Online,0.464,613,2,0,0.309,0,0,21,29.82,0,0
TXN102081,218.56,POS,0.228,1397,0,1,0.267,0,1,1,53.05,0,1
TXN102082,46.82,ATM,0.833,3557,3,2,0.776,0,0,6,10.87,1,0
TXN102083,173.89,Online,0.684,2186,2,0,0.694,0,0,20,16.89,0,0
TXN102084,412.57,Online,0.29,2444,0,0,0.162,0,0,17,21.55,0,1
TXN102085,322.81,ATM,0.623,2188,3,1,0.247,0,0,10,48.95,0,0
TXN102086,134.92,Online,0.816,1239,5,1,0.423,0,0,21,37.1,0,0
TXN102087,92.95,Online,0.27,2880,5,1,0.495,0,0,7,5.97,0,0
TXN102088,79.1,POS,0.768,1270,1,1,0.865,0,1,12,52.1,0,0
TXN102089,236.94,POS,0.072,2906,1,1,0.135,0,0,21,10.15,0,0
TXN102090,180.39,Online,0.625,3599,1,0,0.301,0,0,19,36.05,0,0
TXN102091,278.5,POS,0.999,69,5,1,0.897,0,0,6,17.98,0,0
TXN102092,169.33,Online,0.866,635,1,0,0.433,0,0,4,43.84,0,1
TXN102093,336.56,POS,0.876,2796,3,0,0.301,0,1,0,21.55,0,1
TXN102094,163.14,POS,0.68,468,2,1,0.625,0,1,3,43.71,0,1
TXN102095,325.28,Online,0.461,2628,2,0,0.965,0,1,16,4.97,0,0
TXN102096,354.54,POS,0.677,921,5,0,0.941,0,1,1,38.11,0,0
TXN102097,66.39,Online,0.321,2150,5,0,0.573,0,0,4,14.86,0,0
TXN102098,24.33,Online,0.553,2391,2,1,0.193,0,0,19,45.33,0,0
TXN102099,694.71,POS,0.54,1177,3,2,0.232,0,0,21,14.53,0,0
TXN102100,191.84,POS,0.544,3134,2,1,0.382,0,1,6,12.16,0,0
TXN102101,26.72,Online,0.412,3313,5,1,0.875,0,0,18,29.14,0,0
TXN102102,72.69,POS,0.353,821,3,1,0.819,0,0,3,54.33,0,0
TXN102103,321.14,Online,0.33,2702,0,0,0.979,1,0,2,38.1,0,0
TXN102104,112.2,ATM,0.225,2466,1,0,0.556,0,0,0,20.79,2,0
TXN102105,88.94,Online,0.439,961,4,0,0.622,0,0,21,29.89,0,1
TXN102106,602.38,Online,0.118,2983,4,0,0.385,0,0,12,8.43,0,0
TXN102107,52.08,Bank Transfer,0.902,1134,3,1,0.56,0,0,5,24.82,0,0
TXN102108,66.81,POS,0.07,956,6,0,0.751,0,0,3,32.77,0,0
TXN102109,183.35,Bank Transfer,0.837,2601,7,1,0.136,0,1,0,54.01,0,1
TXN102110,219.3,ATM,0.241,461,4,0,0.899,1,0,11,15.45,0,0
TXN102111,243.8,Online,0.853,3351,4,0,0.652,0,0,4,13.88,0,0
TXN102112,369.16,POS,0.72,1422,1,2,0.382,0,1,19,24.81,0,0
TXN102113,181.01,POS,0.921,1805,1,0,0.39,0,0,5,23.23,0,0
TXN102114,242.11,Bank Transfer,0.87,2489,1,0,0.992,0,0,18,72.94,0,0
TXN102115,114.52,POS,0.701,3212,0,0,0.369,0,0,9,49.23,0,0
TXN102116,158.02,Bank Transfer,0.152,2817,6,0,0.603,0,0,16,26.33,0,0
TXN102117,165.26,Online,0.549,1413,4,0,0.424,0,1,6,54.51,0,0
TXN102118,184.03,Online,0.34,2744,3,2,0.599,0,0,7,6.46,1,0
TXN102119,321.35,Online,0.886,1460,3,0,0.481,0,0,15,24.88,0,0
TXN102120,258.56,POS,0.872,1900,2,0,0.539,0,0,8,48.57,0,0
TXN102121,155.12,Online,0.314,2513,1,1,0.172,0,0,9,41.57,0,0
TXN102122,66.08,Bank Transfer,0.672,2022,2,0,0.157,1,0,22,13.17,0,1
TXN102123,158.8,POS,0.338,212,3,0,0.868,0,0,10,11.33,0,0
TXN102124,144.31,Bank Transfer,0.678,191,3,0,0.865,0,0,16,21.65,1,0
TXN102125,180.04,Bank Transfer,0.614,532,2,0,0.981,0,0,16,,0,0
TXN102126,1348.2,POS,0.511,333,3,0,0.652,0,0,13,48.01,1,0
TXN102127,87.9,Online,0.878,2666,2,0,0.372,0,0,13,16.15,0,0
TXN102128,226.4,POS,0.246,725,4,0,0.888,0,0,21,24.51,0,0
TXN102129,432.02,Online,0.797,906,1,0,0.953,0,0,5,10.53,0,0
TXN102130,163.69,Bank Transfer,0.69,1167,3,1,0.364,0,0,22,82.49,0,0
TXN102131,1537.4,Bank Transfer,0.281,663,0,0,0.475,0,0,21,25.84,0,0
TXN102132,101.69,Bank Transfer,0.422,3171,0,0,0.555,0,0,6,47.64,0,0
TXN102133,205.22,POS,0.069,352,2,0,0.49,0,0,1,24.97,0,0
TXN102134,66.77,Online,0.598,723,5,0,0.626,1,0,5,22.43,0,0
TXN102135,104.43,POS,0.888,843,4,0,0.913,0,0,13,67.15,0,0
TXN102136,190.36,Bank Transfer,0.118,335,5,1,0.924,0,0,20,79.26,0,0
TXN102137,345.95,POS,0.132,936,5,0,0.193,0,1,9,15.06,0,0
TXN102138,204.2,POS,0.475,704,2,0,0.745,0,0,9,16.71,0,0
TXN102139,522.76,POS,0.281,1265,3,0,0.215,0,0,18,25.55,0,0
TXN102140,134.97,POS,0.277,584,1,0,0.394,0,0,20,20.44,0,0
TXN102141,106.47,POS,0.639,3426,3,1,0.458,0,1,23,11.86,0,0
TXN102142,2217.17,POS,0.41,2876,3,0,0.918,0,0,1,44.3,0,0
TXN102143,220.13,Bank Transfer,0.845,2363,2,1,0.427,0,0,14,38.83,0,0
TXN102144,72.28,ATM,0.429,2176,3,1,0.641,0,0,9,11.7,0,0
TXN102145,74.12,POS,0.615,2539,2,0,0.671,0,0,10,15.12,0,0
TXN102146,57.82,ATM,0.398,3437,4,2,0.425,0,0,2,3.07,0,0
TXN102147,378.63,Online,0.256,510,2,1,0.728,0,1,12,12.95,1,0
TXN102148,103.09,ATM,0.471,1953,3,0,0.574,0,0,10,7.04,0,0
TXN102149,168.57,POS,0.72,727,2,0,0.391,0,0,11,54.71,0,0
TXN102150,139.28,Online,0.953,1667,3,1,0.511,0,0,19,58.21,0,1
TXN102151,308.43,Online,0.042,3283,2,0,0.283,0,0,17,9.7,0,0
TXN102152,63.64,POS,0.532,2315,5,0,0.13,0,0,3,5.27,1,1
TXN102153,50.62,Online,0.636,2326,0,1,0.428,0,0,0,13.07,0,0
TXN102154,185.73,ATM,0.086,377,3,0,0.925,1,0,6,14.4,1,0
TXN102155,270.69,ATM,0.829,2960,5,2,0.442,0,0,19,7.3,0,1
TXN102156,206.96,POS,0.276,2617,5,1,0.897,0,0,23,41.73,0,0
TXN102157,66.06,Online,0.875,1324,2,0,0.173,0,0,11,50.05,0,0
TXN102158,292.21,ATM,0.553,1237,2,0,0.524,0,1,0,17.37,0,1
TXN102159,70.54,POS,0.152,2119,2,1,0.365,0,1,12,24.84,0,0
TXN102160,88.1,POS,0.739,2776,6,2,0.475,0,0,17,33.02,0,0
TXN102161,57.75,POS,0.157,1847,2,1,0.729,0,0,20,7.44,0,0
TXN102162,545.2,POS,0.72,3130,2,1,0.379,0,0,2,33.4,0,0
TXN102163,279.62,POS,0.808,773,3,0,0.224,1,0,0,22.46,0,1
TXN102164,271.78,POS,0.576,2528,7,0,0.137,0,0,22,17.28,0,0
TXN102165,516.57,Online,0.271,3015,1,2,0.371,0,1,22,82.96,0,0
TXN102166,2471.67,Online,0.437,2589,1,1,0.745,0,0,19,34.36,0,0
TXN102167,26.86,ATM,0.528,1238,5,0,0.523,0,1,1,16.46,0,0
TXN102168,70.93,Online,0.666,1708,2,1,0.988,0,0,6,29.49,0,0
TXN102169,80.14,Online,0.634,1720,2,0,0.305,0,0,9,7.82,0,0
TXN102170,63.38,Bank Transfer,0.4,1147,0,0,0.921,1,0,19,26.14,0,0
TXN102171,50.52,ATM,0.758,511,5,0,0.841,1,0,21,32.43,0,0
TXN102172,109.99,Online,0.771,706,5,0,0.798,0,1,13,33.46,0,1
TXN102173,43.97,POS,0.696,2340,3,0,0.726,0,0,21,9.23,0,0
TXN102174,207.48,Online,0.272,843,1,1,0.119,0,1,12,29.26,0,0
TXN102175,156.29,Online,0.469,2893,4,0,0.793,0,0,7,24.84,0,0
TXN102176,240.09,Online,0.433,2898,3,0,0.287,0,1,16,23.82,0,0
TXN102177,246.59,ATM,0.817,1515,2,0,0.37,0,0,1,26.38,0,0
TXN102178,271.24,Bank Transfer,0.808,1350,3,2,0.298,0,0,11,15.43,0,0
TXN102179,102.17,Bank Transfer,0.866,3570,0,0,0.487,1,1,14,3.56,2,0
TXN102180,1237.87,Online,0.231,76,3,1,0.293,1,0,11,16.32,0,1
TXN102181,187.62,Bank Transfer,0.748,962,3,0,0.868,0,0,17,50.64,0,0
TXN102182,23.05,Bank Transfer,0.87,2530,2,1,0.712,0,0,9,2.94,0,0
TXN102183,54.47,POS,0.166,3190,4,0,0.68,0,0,21,49.82,0,0
TXN102184,26.04,Online,0.04,1691,1,1,0.767,1,0,16,22.47,0,0
TXN102185,151.01,POS,0.106,2640,5,1,0.385,0,0,0,0.34,0,0
TXN102186,131.39,POS,0.606,818,2,0,0.597,0,0,4,4.33,0,0
TXN102187,92.9,POS,0.422,3386,2,0,0.679,0,0,7,58.73,0,0
TXN102188,1108.68,Online,0.195,2138,1,0,0.607,0,0,4,11.2,0,1
TXN102189,256.98,POS,0.528,2711,6,0,0.621,0,1,19,59.63,0,0
TXN102190,306.77,POS,0.786,668,0,1,0.155,0,1,0,34.39,0,1
TXN102191,58.49,POS,0.856,1821,4,0,0.51,1,0,19,27.78,1,0
TXN102192,54.64,Online,0.752,2665,1,0,0.621,0,0,9,27.39,0,1
TXN102193,153.98,Bank Transfer,0.886,1526,3,0,0.198,1,0,13,35.42,0,1
TXN102194,176.44,Bank Transfer,0.604,3506,2,0,0.264,0,0,4,32.27,0,0
TXN102195,23.19,Online,0.837,3032,3,0,0.612,0,1,1,12.34,0,0
TXN102196,123.93,POS,0.417,496,0,1,0.257,1,0,23,70.07,1,0
TXN102197,150.52,ATM,0.852,3072,3,0,0.561,0,1,14,60.58,0,0
TXN102198,119.68,POS,0.896,1416,3,0,0.299,0,0,12,16.77,0,1
TXN102199,65.8,Bank Transfer,0.686,2161,2,0,0.259,0,0,19,14.01,0,0
TXN102200,86.53,Online,0.431,1508,2,0,0.814,0,0,7,50.82,0,0
TXN102201,124.36,Online,0.282,2571,3,0,0.829,0,0,0,17.17,0,0
TXN102202,162.52,POS,0.325,1584,2,0,0.397,1,0,10,41.38,0,0
TXN102203,271.73,POS,0.132,1705,1,1,0.391,0,0,5,10.98,0,0
TXN102204,437.4,Online,0.047,2139,4,0,0.472,0,0,0,77.51,0,0
TXN102205,110.57,Online,0.414,820,1,0,0.279,0,1,20,23.75,0,1
TXN102206,94.05,ATM,0.043,1574,5,0,0.595,0,0,18,14.84,0,0
TXN102207,229.9,Online,0.881,210,6,0,0.975,0,1,5,12.98,0,0
TXN102208,273.38,Online,0.65,241,4,0,0.786,0,0,22,12.32,1,1
TXN102209,96.14,POS,0.844,2396,3,0,0.351,0,0,1,10.8,0,0
TXN102210,327.14,Online,0.444,1036,0,0,0.416,0,0,1,42.4,0,0
TXN102211,395.28,POS,0.224,2452,5,0,0.275,0,0,17,36.94,1,1
TXN102212,540.06,Online,0.29,2780,5,1,0.73,0,1,5,20.17,0,1
TXN102213,878.59,Online,0.855,2438,2,2,0.404,0,0,18,61.71,0,0
TXN102214,62.4,ATM,0.122,1553,3,1,0.888,1,0,14,29.1,0,0
TXN102215,150.49,Online,0.698,2065,2,1,0.75,0,0,9,7.74,1,0
TXN102216,150.1,POS,0.226,2863,8,0,0.423,0,0,11,58.96,0,0
TXN102217,134.55,ATM,0.353,1269,2,0,0.446,0,0,17,47.01,0,0
TXN102218,77.54,Online,0.003,1541,2,0,0.22,0,1,22,42.67,0,0
TXN102219,33.6,Online,0.479,906,6,0,0.523,0,0,13,13.39,0,0
TXN102220,162.83,Online,0.128,757,1,1,0.94,0,0,16,25.03,0,0
TXN102221,68.83,Bank Transfer,0.86,267,2,0,0.674,0,0,5,56.81,0,0
TXN102222,161.74,POS,0.098,286,4,0,0.534,0,0,5,7.57,0,0
TXN102223,67.08,Online,0.25,565,4,0,0.467,0,0,9,38.21,0,0
TXN102224,49.42,ATM,0.015,2813,2,0,0.651,0,0,9,6.99,0,0
TXN102225,187.6,POS,0.993,2304,4,0,0.916,0,0,14,18.55,0,0
TXN102226,172.59,ATM,0.641,349,1,2,0.456,0,1,22,8.12,0,0
TXN102227,264.88,POS,0.644,2810,5,0,0.653,0,0,20,78.5,0,0
TXN102228,1320.63,POS,0.519,2745,4,0,0.983,0,1,21,5.31,1,0
TXN102229,195.84,POS,0.868,3315,4,1,0.636,0,0,5,64.46,0,0
TXN102230,241.07,ATM,0.144,3536,5,0,0.723,0,0,6,41.67,0,1
TXN102231,50.52,ATM,0.793,333,5,0,0.891,1,0,3,18.23,0,0
TXN102232,40.98,POS,0.807,1924,0,0,0.51,0,0,18,19.86,0,0
TXN102233,722.58,POS,0.036,2976,2,0,0.154,1,0,20,18.26,0,0
TXN102234,58.94,POS,0.133,896,3,0,0.494,0,0,8,44.95,0,0
TXN102235,52.25,POS,0.547,2192,4,0,,0,1,22,10.5,0,0
TXN102236,142.72,ATM,0.09,358,2,1,0.9,0,1,21,9.12,0,0
TXN102237,135.61,POS,0.282,1120,5,0,0.814,0,0,1,50.65,0,0
TXN102238,60.19,POS,0.404,3576,5,0,0.787,0,0,14,13.82,0,0
TXN102239,109.4,POS,0.157,2657,4,0,0.474,0,0,23,11.53,0,0
TXN102240,507.44,Online,0.704,975,2,0,0.778,0,0,0,28.66,0,0
TXN102241,66.29,Online,0.495,3611,7,0,0.62,0,0,17,21.83,0,0
TXN102242,36.83,Online,0.64,763,1,0,0.195,0,0,4,16.37,0,0
TXN102243,380.92,Online,0.474,1403,2,2,0.239,0,0,22,10.86,1,1
TXN102244,242.81,Bank Transfer,0.412,1638,2,0,0.844,0,0,23,33.97,0,0
TXN102245,79.8,Online,0.492,2301,3,1,0.889,0,0,0,15.31,0,1
TXN102246,30.5,Bank Transfer,0.9,979,6,0,0.679,1,0,17,21.25,0,1
TXN102247,70.48,Online,0.396,974,9,0,0.323,0,0,22,16.96,0,0
TXN102248,140.51,POS,0.642,2458,4,0,0.914,0,0,10,13.15,0,0
TXN102249,476.12,ATM,0.834,772,2,0,0.888,0,0,4,13.68,0,0
TXN102250,52.64,Online,0.621,545,2,1,0.737,0,0,17,16.35,0,0
TXN102251,136.38,Online,0.226,569,4,0,0.787,0,0,1,21.3,0,0
TXN102252,291.53,POS,0.122,1217,2,0,0.198,0,0,23,44.54,0,1
TXN102253,13.72,Online,0.591,146,4,0,0.78,0,0,20,27.81,0,0
TXN102254,417.29,Bank Transfer,0.727,157,2,0,0.888,0,0,23,52.46,0,0
TXN102255,45.49,POS,0.769,2650,2,0,0.711,0,0,19,39.19,0,0
TXN102256,206.85,POS,0.694,1989,5,0,0.94,1,0,16,12.61,0,1
TXN102257,189.94,POS,0.003,558,2,0,0.182,0,0,10,15.02,0,0
TXN102258,439.04,Online,0.774,954,5,0,0.242,1,0,1,11.78,0,0
TXN102259,257.48,ATM,0.605,2478,4,0,0.99,0,0,20,36.27,0,1
TXN102260,13.77,Online,,2933,3,0,0.891,0,0,8,27.56,1,0
TXN102261,67.71,Bank Transfer,0.765,3177,2,1,0.333,0,0,21,43.33,0,0
TXN102262,170.41,Online,0.43,817,2,0,0.937,0,0,5,20.55,0,0
TXN102263,122.12,Online,0.676,3094,4,0,0.146,0,0,0,18.99,0,0
TXN102264,239.27,POS,0.616,1574,2,0,0.508,0,0,7,53.1,0,0
TXN102265,326.81,POS,0.337,1112,3,0,0.274,1,0,1,19.62,0,0
TXN102266,272.72,ATM,0.534,2118,3,2,0.932,0,0,18,16.67,0,0
TXN102267,119.79,POS,0.204,480,3,0,0.997,0,0,14,5.66,0,0
TXN102268,23.42,POS,0.088,1707,1,0,0.2,0,0,4,22.7,0,0
TXN102269,94.12,Bank Transfer,0.733,1633,3,0,0.895,0,0,1,8.71,0,0
TXN102270,225.06,Online,0.384,2187,1,0,0.159,0,1,0,33.79,0,0
TXN102271,49.88,POS,0.756,686,3,0,0.945,0,0,15,15.1,0,0
TXN102272,279.02,Online,0.488,254,1,0,0.929,0,0,16,53.58,1,0
TXN102273,368.11,Online,0.81,1382,6,1,0.82,1,1,8,42.95,0,1
TXN102274,168.49,ATM,0.74,3590,2,1,0.124,0,0,20,30.03,0,0
TXN102275,6.93,Online,0.764,2089,4,0,0.341,0,0,12,8.44,0,1
TXN102276,41.34,POS,0.429,2012,0,1,0.582,0,0,15,67.2,0,0
TXN102277,978.66,POS,0.961,2362,1,1,0.503,0,0,22,31.71,0,1
TXN102278,85.92,POS,0.405,1869,3,0,0.497,0,0,2,11.29,0,0
TXN102279,20.41,Online,0.793,820,2,0,0.721,0,0,17,15.85,0,0
TXN102280,510.43,Online,0.49,3595,3,0,0.231,0,0,11,101.58,0,0
TXN102281,150.41,ATM,0.235,852,3,1,0.669,1,0,8,79.31,0,0
TXN102282,448.07,Online,0.629,2347,2,1,0.234,0,1,15,2.16,0,0
TXN102283,195.77,POS,0.469,3164,3,0,0.338,0,1,21,23.89,0,1
TXN102284,234.76,POS,0.264,2412,3,0,0.632,0,0,22,27.21,0,0
TXN102285,213.37,POS,0.383,3450,5,2,0.721,0,1,11,34.34,0,0
TXN102286,298.12,Online,0.16,674,4,0,0.307,0,1,12,37.23,0,0
TXN102287,1447.26,Online,0.987,2355,3,0,0.379,0,0,9,21.65,0,0
TXN102288,391.9,Bank Transfer,0.643,364,3,1,0.786,0,0,22,54.61,1,1
TXN102289,30.56,POS,0.174,2045,3,1,,0,0,22,28.92,0,0
TXN102290,231.98,Online,0.765,694,3,0,0.38,0,0,12,7.64,0,0
TXN102291,464.74,POS,0.602,2412,4,0,0.593,1,0,0,15.63,0,0
TXN102292,494.08,Online,0.723,1211,4,1,0.217,0,0,8,2.75,1,1
TXN102293,96.87,POS,0.584,495,5,0,0.479,0,1,13,23.92,0,0
TXN102294,475.77,Online,0.06,3164,2,0,0.809,0,0,19,29.8,0,0
TXN102295,375.31,POS,0.203,3277,4,0,0.892,0,0,22,37.46,0,0
TXN102296,1944.03,POS,0.769,647,3,0,0.107,0,0,1,47.98,0,1
TXN102297,70.11,Online,0.754,785,2,0,0.731,0,0,22,6.9,0,0
TXN102298,89.35,POS,0.754,166,1,1,0.11,0,0,5,21.38,1,1
TXN102299,109.28,Online,0.015,2454,2,1,0.77,0,1,3,65.89,0,1
TXN102300,90.9,POS,0.805,3264,5,0,0.865,0,0,22,31.08,0,0
TXN102301,60.95,Bank Transfer,0.439,833,1,1,0.931,0,0,19,16.12,0,0
TXN102302,9.37,POS,0.694,1664,4,0,0.184,0,0,21,28.49,0,0
TXN102303,96.09,Online,0.272,2584,3,0,0.111,0,0,8,15.61,0,0
TXN102304,214.72,ATM,0.77,1631,5,1,0.432,0,0,12,31.03,0,1
TXN102305,90.63,Online,0.982,2757,0,0,0.329,0,0,18,57.89,0,0
TXN102306,1028.01,POS,0.254,2759,2,0,0.47,0,0,15,75.48,0,0
TXN102307,150.41,Online,0.784,2712,4,0,0.249,0,1,0,51.18,0,1
TXN102308,539.71,POS,0.605,2617,3,2,0.793,0,0,19,15.08,0,0
TXN102309,192.76,Online,0.273,1581,4,0,0.689,0,0,0,27.82,0,0
TXN102310,339.14,Online,0.294,1454,3,0,0.455,0,0,2,13.71,0,0
TXN102311,196.22,ATM,0.732,2227,9,0,0.733,0,0,5,39.82,1,0
TXN102312,583.35,ATM,0.284,418,2,0,0.41,0,0,16,26.02,0,0
TXN102313,156.95,POS,0.048,2194,4,0,0.614,0,0,13,28.15,0,0
TXN102314,243.74,POS,0.874,147,3,1,0.507,0,0,20,15.69,0,1
TXN102315,214.08,Online,0.589,2637,4,0,0.399,0,1,22,43.03,0,0
TXN102316,111.24,Online,0.758,2221,5,1,0.152,0,1,2,9.06,0,1
TXN102317,222.51,POS,0.603,1836,1,1,0.384,0,0,19,18.26,0,0
TXN102318,1386.29,Online,0.516,1126,0,0,0.52,0,0,18,73.65,0,0
TXN102319,113.25,Online,0.77,1866,6,0,0.372,0,0,4,17.57,0,1
TXN102320,225.76,Bank Transfer,0.032,2330,1,0,0.974,0,0,0,6.79,0,0
TXN102321,522.06,Online,0.312,2507,3,1,0.268,0,0,4,8.36,2,1
TXN102322,464.17,POS,0.627,3371,0,0,0.448,0,0,16,34.25,0,0
TXN102323,150.16,POS,0.944,645,4,0,0.717,0,0,21,60.46,0,0
TXN102324,13.69,Online,0.394,189,2,0,0.343,0,0,6,7.26,0,0
TXN102325,248.81,POS,0.975,2391,4,1,0.555,0,0,17,63.7,0,0
TXN102326,16.13,POS,0.755,619,4,0,0.747,0,1,5,25.17,0,1
TXN102327,645.44,POS,0.485,566,4,1,0.965,0,1,13,43.83,0,0
TXN102328,175.82,ATM,0.429,1024,5,0,0.587,0,0,21,38.64,0,0
TXN102329,403.3,Bank Transfer,0.129,2653,2,0,0.757,0,0,1,45.85,0,0
TXN102330,60.21,POS,0.615,256,3,1,0.827,0,0,5,27.2,0,0
TXN102331,31.42,POS,0.052,1437,4,1,0.413,0,0,3,9.85,0,0
TXN102332,192.63,Online,0.429,412,3,0,0.512,0,0,9,14.01,0,0
TXN102333,143.51,POS,0.238,3069,4,0,0.879,0,0,13,31.32,0,0
TXN102334,90.78,Bank Transfer,0.956,2789,3,0,0.675,0,0,16,2.13,0,0
TXN102335,161.53,Online,0.363,350,3,0,0.116,0,0,20,41.14,0,0
TXN102336,2362.41,Online,0.489,1021,3,0,0.908,0,0,3,11.83,0,0
TXN102337,341.9,Bank Transfer,0.375,1697,3,0,0.464,0,0,15,21.23,0,0
TXN102338,423.9,Online,0.137,1684,2,0,0.746,0,1,19,56.32,0,0
TXN102339,345.14,POS,0.353,635,1,0,0.408,0,0,11,16.03,0,0
TXN102340,651.62,Online,0.779,1719,2,0,0.574,0,0,14,26.65,0,0
TXN102341,122.72,Online,0.621,3175,1,0,0.537,0,0,22,8.98,1,0
TXN102342,19.02,Online,0.437,829,4,1,0.161,0,0,21,20.43,0,0
TXN102343,122.91,Bank Transfer,0.821,483,5,1,0.454,0,0,1,17.51,0,0
TXN102344,334.2,POS,0.004,1426,1,0,0.324,0,1,14,52.41,0,0
TXN102345,56.27,Online,0.827,1786,9,1,0.639,1,0,3,45.38,0,1
TXN102346,124.42,POS,0.06,1061,4,2,0.963,0,0,0,,0,0
TXN102347,74.31,POS,0.87,411,2,0,0.801,0,0,5,15.07,0,0
TXN102348,666.49,Online,0.948,338,2,0,0.922,0,0,4,19.15,0,0
TXN102349,314.02,ATM,0.819,2917,2,0,0.543,1,1,0,44.78,0,1
TXN102350,284.73,Online,0.02,506,4,0,0.146,0,0,11,71.16,1,0
TXN102351,276.33,POS,0.526,1050,7,2,0.32,1,0,10,43.34,1,1
TXN102352,142.99,POS,0.829,2789,3,0,0.533,1,0,11,20.15,0,0
TXN102353,180.83,Online,0.545,2180,3,1,0.423,0,0,9,20.8,0,0
TXN102354,45.37,Online,0.36,120,1,0,0.514,0,0,14,26.51,0,0
TXN102355,16.67,ATM,0.471,645,2,0,0.884,0,0,3,57.35,0,0
TXN102356,172.45,Online,0.081,1735,1,1,0.112,0,1,4,48.77,0,0
TXN102357,205.2,Bank Transfer,0.496,1302,3,0,0.29,0,0,1,23.2,0,0
TXN102358,497.34,ATM,0.028,3609,2,0,0.971,0,0,7,33.64,0,0
TXN102359,714.32,POS,0.644,441,4,0,0.644,0,0,1,11.73,0,0
TXN102360,713.37,Online,0.39,125,1,0,0.431,0,1,15,56.56,0,1
TXN102361,54.71,ATM,0.191,2024,4,0,0.282,0,0,10,32.34,0,0
TXN102362,104.35,Bank Transfer,0.017,3501,4,0,0.486,0,1,12,68.59,0,0
TXN102363,239.93,Online,0.922,42,3,0,0.828,0,1,17,30.26,0,0
TXN102364,1866.66,Online,0.556,3030,4,0,0.982,0,0,6,23.84,0,0
TXN102365,652.04,Online,0.647,3624,2,0,0.337,0,0,3,30.02,1,1
TXN102366,454.59,ATM,0.779,1536,2,0,0.825,0,0,8,29.15,1,0
TXN102367,100.71,Bank Transfer,0.627,1536,1,0,0.135,1,0,17,15.21,0,0
TXN102368,61.36,Bank Transfer,0.413,3622,4,0,0.776,0,0,2,15.15,0,0
TXN102369,326.66,POS,0.628,2308,2,0,0.858,0,0,4,17.39,0,0
TXN102370,49.37,POS,0.253,2009,5,0,0.375,0,1,22,22.29,0,0
TXN102371,116.93,ATM,0.561,1068,4,1,0.735,1,0,13,37.57,0,0
TXN102372,132.32,Online,0.206,3402,6,1,0.966,0,0,20,5.29,0,0
TXN102373,729.9,Bank Transfer,0.917,946,1,0,0.698,0,0,7,6.97,0,0
TXN102374,104.09,POS,0.51,1451,2,2,0.633,0,0,16,49.03,0,0
TXN102375,12.95,ATM,0.234,3093,4,1,0.174,0,1,2,39.96,0,0
TXN102376,245.78,Online,0.64,1878,4,0,0.296,0,0,22,30.09,0,0
TXN102377,73.77,POS,0.09,2774,3,0,0.345,0,0,17,18.83,0,0
TXN102378,154.88,POS,0.434,3631,5,0,0.249,0,0,23,11.83,0,0
TXN102379,136.09,Online,0.866,2358,3,0,0.183,0,1,11,15.27,0,1
TXN102380,112.88,POS,0.768,618,5,1,0.893,0,0,1,50.46,0,0
TXN102381,327.12,ATM,0.703,2753,1,0,0.276,0,0,11,30.02,0,0
TXN102382,32.04,Online,0.471,2201,5,0,0.877,0,0,8,25.03,0,0
TXN102383,88.5,Online,0.447,664,2,0,0.944,1,1,11,8.73,0,0
TXN102384,294.13,POS,0.011,430,1,0,0.474,0,0,19,34.15,0,0
TXN102385,80.31,Bank Transfer,0.6,3411,6,0,0.354,0,1,5,21.64,0,1
TXN102386,29.7,ATM,0.577,413,0,0,0.82,0,0,12,29.3,0,0
TXN102387,289.62,ATM,0.005,1676,0,1,0.981,0,0,9,31.8,0,0
TXN102388,456.27,ATM,0.137,3596,7,1,0.232,0,1,17,21.5,0,1
TXN102389,141.88,Online,0.012,3174,2,0,0.404,0,0,14,11.71,0,0
TXN102390,20.89,Bank Transfer,0.253,3067,4,0,0.793,0,0,16,21.11,0,0
TXN102391,300.66,Online,0.004,2694,6,1,0.105,0,0,0,74.05,0,1
TXN102392,28.22,Online,0.417,1757,5,0,0.441,1,0,21,28.82,0,1
TXN102393,202.11,POS,0.476,1065,2,0,0.211,0,0,23,23.13,0,0
TXN102394,61.1,POS,0.437,3277,2,1,0.833,0,1,7,9.16,0,0
TXN102395,46.53,ATM,,2090,1,1,0.333,0,0,2,8.81,0,0
TXN102396,95.4,POS,0.524,1463,2,0,0.657,0,0,1,21.69,0,0
TXN102397,123.56,ATM,0.814,3529,5,0,0.617,0,1,22,15.88,0,1
TXN102398,77.93,Bank Transfer,0.291,1369,5,0,0.936,0,0,20,8.53,0,0
TXN102399,267.39,Online,0.313,164,4,0,0.17,0,0,23,24.18,1,1
TXN102400,95.01,POS,0.543,2205,5,0,0.533,1,0,14,8.12,1,0
TXN102401,395.52,Online,0.234,1573,2,1,0.905,0,0,23,8.15,0,0
TXN102402,196.6,POS,0.338,2284,2,0,0.576,0,0,14,29.93,1,0
TXN102403,73.88,ATM,0.452,2276,2,0,0.965,0,0,21,55.43,0,0
TXN102404,62.43,Online,0.386,2310,3,0,0.317,0,0,23,4.37,0,1
TXN102405,28.57,Online,0.818,1260,2,0,0.532,0,0,15,4.44,0,0
TXN102406,198.49,Online,0.849,942,2,0,0.823,0,1,9,48.09,0,1
TXN102407,104.11,Online,0.403,1180,3,0,0.502,0,0,6,12.35,0,0
TXN102408,13.84,POS,0.448,3523,3,0,0.325,0,0,9,13.13,0,0
TXN102409,86.86,POS,0.957,2740,1,0,0.199,0,0,8,11.18,0,0
TXN102410,60.28,Online,0.503,1451,2,0,0.863,0,0,8,19.78,1,0
TXN102411,717.43,Bank Transfer,0.993,3347,2,0,0.228,0,1,20,18.1,0,1
TXN102412,27.04,POS,0.763,2798,4,0,0.22,0,0,18,55.22,1,0
TXN102413,35.12,POS,0.264,1976,4,0,0.448,0,0,4,50.4,0,0
TXN102414,450.33,POS,0.229,2926,4,0,0.936,0,1,13,89.61,0,0
TXN102415,576.38,Online,0.159,3462,3,1,0.62,0,0,2,26.11,0,0
TXN102416,70.46,POS,0.806,2085,2,0,,1,0,12,21.02,0,1
TXN102417,78.88,ATM,0.307,396,1,1,0.926,0,0,3,2.12,0,0
TXN102418,274.85,POS,0.676,1589,2,0,0.354,0,0,10,25.95,0,0
TXN102419,14.48,Online,0.54,853,3,0,0.123,0,0,22,8.94,0,0
TXN102420,23.08,POS,0.826,2561,4,0,0.422,0,0,21,15.15,0,0
TXN102421,112.09,Online,0.751,347,6,2,0.667,0,0,11,27.06,0,0
TXN102422,699.17,POS,0.064,1723,5,0,0.904,0,0,19,18.84,0,0
TXN102423,95.99,ATM,0.338,1606,2,0,0.661,0,0,22,39.04,0,0
TXN102424,164.18,Bank Transfer,0.52,1426,4,0,0.626,0,0,21,30.99,0,0
TXN102425,461.18,POS,0.804,2298,1,0,0.749,0,0,14,75.08,0,0
TXN102426,1220.34,Bank Transfer,0.714,2004,5,0,0.288,0,0,9,20.47,0,1
TXN102427,83.36,POS,0.549,755,2,0,0.899,0,0,10,71.84,0,0
TXN102428,145.94,Online,0.808,2926,4,0,0.631,0,0,0,17.5,0,0
TXN102429,917.87,Online,0.435,1653,5,2,0.578,0,1,6,29.19,0,0
TXN102430,32.39,POS,0.056,598,3,1,0.676,0,0,5,29.99,0,0
TXN102431,414.71,Online,0.871,2507,3,0,0.187,0,0,8,23.39,0,1
TXN102432,53.61,POS,0.527,1451,2,0,0.668,0,0,19,24.91,0,0
TXN102433,164.43,Online,0.808,2344,2,0,0.207,0,0,7,96.15,0,1
TXN102434,116.44,Online,0.392,2762,4,0,0.551,0,0,17,2.42,0,0
TXN102435,56.94,Bank Transfer,0.589,2308,2,0,0.84,0,0,6,16.92,0,0
TXN102436,55.53,POS,0.331,3436,4,0,0.232,1,0,7,48.69,0,0
TXN102437,195.67,Bank Transfer,0.41,2223,4,0,0.462,0,0,3,33.93,1,1
TXN102438,401.63,POS,0.147,1409,2,1,0.668,0,0,10,18.42,0,0
TXN102439,130.36,Online,0.742,3601,5,0,0.683,0,0,3,80.37,0,0
TXN102440,159.19,POS,0.28,1893,2,1,0.247,0,0,16,21.81,0,0
TXN102441,262.74,POS,0.302,2614,2,1,0.399,0,0,13,94.84,0,0
TXN102442,56.17,POS,0.354,1228,2,0,0.115,0,0,4,32.24,0,0
TXN102443,310.97,Online,0.432,3315,2,0,0.817,0,0,16,50.12,0,0
TXN102444,336.75,POS,0.576,3432,3,0,,0,0,20,46.66,0,0
TXN102445,2005.46,Online,0.683,3475,4,0,0.58,0,1,0,7.79,0,0
TXN102446,101.89,Bank Transfer,0.676,1435,6,0,0.98,0,0,4,25.85,0,0
TXN102447,93.87,POS,0.424,3142,4,1,0.199,0,0,8,33.43,1,0
TXN102448,320.21,POS,0.482,2463,3,0,0.675,0,0,5,63.47,0,0
TXN102449,336.67,POS,0.14,374,3,1,0.281,1,0,6,45.51,0,0
TXN102450,86.91,POS,0.522,3350,5,0,0.414,0,1,23,15.04,0,0
TXN102451,99.17,Online,0.877,1945,5,0,0.14,0,0,14,26.19,0,0
TXN102452,254.97,ATM,0.46,1957,2,0,0.224,0,0,5,7.56,0,0
TXN102453,64.87,POS,0.938,1411,3,0,0.429,0,0,16,11.22,0,0
TXN102454,98.44,POS,0.156,3117,3,1,0.614,0,0,21,20.13,0,0
TXN102455,162.32,Online,0.737,381,3,1,0.538,0,0,17,1.37,0,0
TXN102456,401.79,POS,0.708,1421,2,0,0.979,0,0,18,16.55,0,0
TXN102457,81.08,Online,0.682,2072,4,0,0.82,0,0,13,11.18,0,0
TXN102458,23.51,Bank Transfer,0.663,739,1,0,0.147,0,0,12,18.42,0,0
TXN102459,21.83,POS,0.022,800,4,1,0.125,0,0,7,31.16,0,1
TXN102460,42.12,Online,0.742,2259,3,0,0.916,0,0,0,56.44,0,0
TXN102461,39.92,ATM,0.5,2135,4,0,0.575,0,0,22,20.5,1,0
TXN102462,127.15,Online,0.524,2990,2,1,0.988,0,0,12,21.58,0,0
TXN102463,45.2,ATM,0.051,2988,1,1,0.135,1,0,7,38.4,0,0
TXN102464,73.5,ATM,0.188,95,0,0,0.927,1,0,7,33.84,0,1
TXN102465,68.44,Online,0.911,1455,4,1,0.703,0,0,10,10.9,0,0
TXN102466,95.53,Online,0.316,3095,3,0,0.53,0,0,10,22.02,0,1
TXN102467,556.97,Online,0.394,3468,3,0,0.342,0,0,15,22.24,0,0
TXN102468,287.71,Online,0.189,373,4,0,0.559,0,1,15,46.17,0,1
TXN102469,150.83,Online,0.632,2804,2,0,0.728,0,0,15,11.89,0,0
TXN102470,93.59,Online,0.741,870,3,0,0.302,0,0,7,41.6,0,0
TXN102471,96.23,ATM,0.921,2941,0,1,0.846,0,0,12,13.84,0,0
TXN102472,205.97,POS,0.562,1645,5,0,0.866,0,0,3,51.83,0,0
TXN102473,266.18,POS,0.276,436,2,0,0.676,0,0,5,26.64,0,0
TXN102474,59.88,POS,0.071,769,3,0,0.563,0,0,5,10.39,1,0
TXN102475,153.93,POS,0.266,3439,5,0,0.915,0,0,22,19.71,1,0
TXN102476,19.46,Online,0.618,2809,2,0,0.425,0,0,8,9.65,0,0
TXN102477,183.41,POS,0.974,154,4,1,0.659,0,0,8,15.75,0,0
TXN102478,318.03,Online,0.079,3461,1,1,0.501,0,0,8,16.54,1,0
TXN102479,112.16,Online,0.388,3084,1,1,0.382,0,1,16,24.5,0,0
TXN102480,912.81,POS,0.667,2003,3,2,0.934,0,0,13,127.91,0,1
TXN102481,61.48,POS,0.575,137,2,0,0.329,0,1,9,14.49,0,0
TXN102482,184.46,Online,0.652,1604,4,0,0.673,0,1,20,11.14,1,0
TXN102483,143.19,ATM,0.463,618,5,0,0.35,0,0,4,15.7,1,0
TXN102484,134.25,Online,0.267,1353,3,0,0.643,0,0,6,48.62,0,0
TXN102485,132.38,POS,0.483,1171,2,0,0.784,0,0,4,7.94,0,0
TXN102486,165.19,POS,0.382,2610,3,0,0.507,0,0,8,26.28,0,0
TXN102487,346.53,POS,0.709,2700,4,0,0.491,0,1,6,64.18,0,1
TXN102488,588.59,POS,0.172,655,3,1,0.543,0,0,16,43.75,0,0
TXN102489,148.08,Bank Transfer,0.496,3285,3,1,0.582,0,0,2,29.06,0,1
TXN102490,335.4,POS,0.959,2456,3,1,0.56,0,0,1,17.83,0,0
TXN102491,73.57,POS,0.532,2442,2,0,0.244,0,0,15,17.41,0,0
TXN102492,319.24,Bank Transfer,0.237,2839,1,0,0.638,0,0,4,36.9,0,0
TXN102493,69.27,Online,0.936,2664,7,0,0.784,0,0,21,62.5,0,0
TXN102494,441.71,Online,0.244,2885,7,0,0.759,0,0,15,7.95,0,0
TXN102495,1353.76,Online,0.751,1078,3,2,0.696,0,0,14,11.97,0,1
TXN102496,131.36,Bank Transfer,0.11,2515,3,0,0.455,0,0,10,34.54,0,0
TXN102497,16.57,POS,0.852,3560,5,0,0.58,0,0,18,17.42,0,0
TXN102498,85.79,POS,0.181,2760,3,0,0.81,0,0,15,4.97,0,0
TXN102499,508.71,Bank Transfer,0.394,1505,1,1,0.225,0,1,10,34.97,2,0
TXN102500,258.03,ATM,0.966,2318,0,0,0.532,0,0,22,21.37,0,0
TXN102501,190.36,Bank Transfer,0.579,3334,5,0,0.52,0,1,6,10.78,1,0
TXN102502,406.94,POS,0.264,2402,3,1,0.669,0,0,16,43.47,0,0
TXN102503,240.92,Bank Transfer,0.001,2850,2,1,0.749,0,0,4,19.65,0,0
TXN102504,501.56,POS,0.007,3251,6,0,0.296,0,1,2,27.3,0,0
TXN102505,372.2,Online,0.275,1359,5,0,0.267,0,1,15,86.69,0,1
TXN102506,679.73,Bank Transfer,0.527,1243,2,1,0.237,0,0,0,29.46,0,1
TXN102507,212.47,POS,0.485,1272,2,0,0.674,0,0,0,45.56,0,0
TXN102508,366.96,POS,0.922,1365,3,0,0.638,0,0,12,,0,0
TXN102509,109.17,Online,0.764,2489,4,0,0.261,0,0,2,36.0,0,1
TXN102510,81.33,ATM,0.925,1788,2,0,0.639,0,0,19,17.57,0,0
TXN102511,817.92,POS,0.512,3434,3,0,0.806,0,0,18,46.86,0,0
TXN102512,184.23,ATM,0.447,2515,4,0,0.234,0,0,8,14.99,0,1
TXN102513,331.92,POS,0.566,2463,1,0,0.287,0,0,19,18.03,0,0
TXN102514,167.96,Online,0.372,3469,3,0,0.299,0,1,22,40.8,0,0
TXN102515,82.56,POS,0.211,3133,4,0,0.697,1,0,16,68.13,1,0
TXN102516,150.05,Bank Transfer,0.837,147,3,0,0.906,0,0,5,29.21,0,0
TXN102517,623.9,POS,0.681,3527,2,0,0.148,0,0,5,35.05,0,0
TXN102518,258.59,Online,0.326,3222,2,0,0.873,0,0,20,33.74,0,0
TXN102519,26.8,POS,0.446,1224,3,0,0.472,0,0,10,8.18,0,0
TXN102520,119.67,Bank Transfer,0.225,882,5,0,0.85,0,0,5,21.2,0,0
TXN102521,882.09,ATM,0.563,1979,0,0,0.849,0,0,3,5.61,0,0
TXN102522,119.85,POS,0.358,3647,2,0,0.68,0,0,15,17.36,2,0
TXN102523,24.52,POS,0.876,2234,0,0,0.319,0,1,14,9.65,0,0
TXN102524,985.4,Online,0.528,2125,5,0,0.126,0,0,12,6.21,0,0
TXN102525,293.65,Online,0.412,816,1,0,0.253,0,0,12,16.08,0,0
TXN102526,138.38,ATM,0.75,3279,0,0,0.389,0,0,12,3.27,0,0
TXN102527,102.37,Online,0.905,2917,1,0,0.794,0,0,20,19.3,0,0
TXN102528,438.06,Online,0.817,236,4,2,0.742,0,1,4,57.39,0,1
TXN102529,86.32,Online,0.495,977,3,0,0.571,0,0,18,29.27,0,0
TXN102530,467.9,Online,0.356,3220,2,1,0.129,0,1,11,4.08,0,0
TXN102531,255.24,POS,0.662,2588,3,0,0.206,0,0,6,37.1,0,1
TXN102532,189.56,POS,0.817,1490,2,0,0.935,0,0,12,26.07,0,0
TXN102533,171.66,POS,0.979,1926,5,0,0.747,0,1,1,7.25,1,0
TXN102534,124.59,Online,0.457,486,3,0,0.923,0,0,9,42.44,0,0
TXN102535,422.27,POS,0.668,3058,4,0,0.586,0,0,11,73.21,0,1
TXN102536,62.47,Online,0.293,2314,5,0,0.15,0,0,6,11.73,0,0
TXN102537,29.31,POS,0.087,1881,3,0,0.803,1,0,16,20.02,0,0
TXN102538,274.36,Online,0.253,2245,1,0,0.991,0,0,15,46.54,0,0
TXN102539,279.01,POS,0.014,2153,6,0,0.56,0,0,9,39.57,0,0
TXN102540,239.9,Online,0.509,1601,6,1,0.179,0,0,18,67.01,0,0
TXN102541,223.12,POS,0.373,685,5,0,0.675,0,0,23,26.74,0,0
TXN102542,107.71,POS,0.678,1770,1,1,0.782,0,0,9,32.72,0,0
TXN102543,326.19,POS,0.615,2955,3,0,0.848,0,1,14,2.41,1,1
TXN102544,141.8,Online,0.168,223,5,0,0.776,0,0,9,29.82,0,0
TXN102545,91.18,ATM,0.674,1485,1,0,0.981,0,0,22,49.14,0,0
TXN102546,108.65,POS,0.187,3001,2,0,0.445,0,0,0,15.92,0,0
TXN102547,1119.5,ATM,0.006,2128,1,0,0.766,0,0,21,39.07,1,0
TXN102548,26.18,Online,0.97,119,0,0,0.75,0,0,23,11.83,1,0
TXN102549,244.64,Online,0.027,3092,2,0,0.445,0,0,12,65.64,1,0
TXN102550,27.68,Online,0.342,223,4,0,0.903,0,1,3,37.31,0,0
TXN102551,133.19,POS,0.638,1765,3,0,0.315,0,1,21,2.13,0,0
TXN102552,96.19,Online,0.37,443,3,0,0.711,0,0,1,12.62,0,0
TXN102553,18.45,ATM,0.381,1023,0,0,0.466,0,0,11,20.02,0,0
TXN102554,218.99,ATM,0.723,1454,6,0,0.352,1,0,13,39.03,0,0
TXN102555,101.49,POS,0.602,990,5,0,0.202,1,1,19,44.35,1,1
TXN102556,18.19,Online,,3199,0,2,0.107,0,0,17,5.07,0,0
TXN102557,343.63,POS,0.886,2080,5,1,0.301,0,0,12,15.94,0,0
TXN102558,623.29,Online,0.108,1337,5,0,0.747,0,0,8,13.39,0,0
TXN102559,658.61,POS,0.47,1084,2,0,0.523,0,0,19,5.93,1,0
TXN102560,212.5,POS,0.239,1831,2,0,0.788,0,0,21,9.66,0,0
TXN102561,155.41,Online,0.037,1255,3,0,0.973,0,0,16,23.04,1,0
TXN102562,560.12,Bank Transfer,0.979,2948,0,0,0.237,0,0,23,31.6,0,1
TXN102563,798.22,POS,0.734,879,3,0,0.412,0,0,8,63.16,0,0
TXN102564,461.08,Online,0.216,2527,2,0,0.286,0,0,18,55.75,0,0
TXN102565,57.89,Online,0.402,1645,3,0,0.627,0,1,7,39.25,0,0
TXN102566,181.52,Bank Transfer,0.226,984,3,1,0.79,0,0,17,13.22,0,0
TXN102567,230.33,Online,0.685,1717,1,0,0.293,0,0,18,1.06,0,0
TXN102568,24.3,POS,0.35,463,3,2,0.819,1,0,21,36.0,0,0
TXN102569,237.31,POS,0.92,1933,2,0,0.135,0,1,23,27.61,0,1
TXN102570,1440.85,Online,0.208,2626,2,1,0.684,0,0,15,9.19,0,0
TXN102571,281.44,POS,0.35,2176,3,0,0.863,0,0,9,7.54,0,0
TXN102572,647.69,Bank Transfer,0.932,85,3,0,0.926,0,0,0,37.38,0,0
TXN102573,178.2,Bank Transfer,0.885,2158,2,1,0.42,0,0,20,10.01,0,0
TXN102574,137.93,Bank Transfer,0.293,122,5,0,0.197,0,0,23,33.86,0,1
TXN102575,217.3,POS,0.483,1359,1,0,0.551,0,0,13,36.31,0,0
TXN102576,65.64,Online,0.884,2328,3,0,0.519,0,0,15,15.17,0,0
TXN102577,56.61,Online,0.671,3290,4,0,0.663,1,0,21,20.55,1,1
TXN102578,526.53,POS,0.637,3565,8,0,0.622,1,0,14,56.65,1,0
TXN102579,585.43,POS,0.661,1882,1,1,0.279,0,0,22,81.8,0,0
TXN102580,55.09,POS,0.921,801,3,0,0.141,0,0,1,9.74,0,0
TXN102581,390.72,POS,0.517,3042,1,0,0.973,0,0,19,9.92,0,0
TXN102582,136.05,Bank Transfer,0.182,1318,4,0,0.471,1,0,3,8.69,0,0
TXN102583,208.47,ATM,0.473,2047,2,0,0.617,0,0,2,20.9,0,0
TXN102584,235.15,POS,0.729,747,0,0,0.133,0,1,17,69.96,1,0
TXN102585,401.16,Online,0.492,1371,3,0,0.256,0,0,12,10.27,0,1
TXN102586,161.21,POS,0.313,1766,4,0,0.543,0,0,2,27.56,0,0
TXN102587,607.99,POS,0.666,2703,4,1,0.508,0,0,22,24.98,0,0
TXN102588,202.23,POS,0.45,3287,3,0,0.323,0,0,10,37.68,0,0
TXN102589,277.05,Online,0.963,670,3,0,0.822,0,0,13,80.91,0,0
TXN102590,64.5,Online,0.352,2054,4,1,0.916,0,1,9,4.04,0,0
TXN102591,1285.19,ATM,0.717,3540,3,0,0.362,0,1,2,39.88,0,1
TXN102592,237.42,Bank Transfer,0.555,89,1,0,0.722,0,0,12,49.88,0,0
TXN102593,302.78,POS,0.078,2101,2,3,0.244,0,0,14,51.92,0,0
TXN102594,29.72,ATM,0.47,2809,2,0,0.194,0,0,0,33.62,0,1
TXN102595,65.19,POS,0.029,407,4,0,0.261,1,1,22,42.6,0,0
TXN102596,511.77,POS,0.79,2448,8,0,0.233,1,0,21,10.03,0,1
TXN102597,197.73,Online,0.735,1555,5,2,0.54,0,0,11,18.25,0,0
TXN102598,21.89,POS,0.051,2206,3,0,0.288,0,0,3,24.61,0,0
TXN102599,419.18,POS,0.5,2609,3,0,0.331,0,0,20,32.01,0,0
TXN102600,86.16,POS,0.962,552,1,2,0.301,0,0,14,16.82,0,1
TXN102601,608.69,POS,0.285,276,0,0,0.678,0,0,0,10.74,0,0
TXN102602,135.93,Bank Transfer,0.904,1175,5,0,0.93,0,0,0,30.11,0,1
TXN102603,182.13,POS,0.151,976,2,0,0.35,0,0,15,44.94,1,0
TXN102604,482.49,Online,0.007,1075,4,1,0.32,0,0,21,25.71,0,0
TXN102605,60.49,Bank Transfer,0.531,3376,4,0,0.211,0,0,23,13.4,0,0
TXN102606,54.99,Online,0.239,2518,2,0,0.986,0,0,22,36.93,0,0
TXN102607,121.94,Online,0.879,1319,2,0,0.842,0,0,3,58.17,0,0
TXN102608,339.4,Bank Transfer,0.674,2221,5,0,0.429,0,0,3,27.96,0,1
TXN102609,39.22,POS,0.687,606,2,0,0.12,0,0,12,64.76,0,0
TXN102610,27.99,POS,0.673,692,3,0,0.576,0,0,20,9.81,0,0
TXN102611,338.23,Online,0.679,386,2,0,0.275,0,1,2,57.28,0,1
TXN102612,81.21,Online,0.747,1573,0,0,0.113,1,0,3,24.7,1,0
TXN102613,100.26,ATM,0.67,2271,3,1,0.453,0,0,9,24.82,0,0
TXN102614,23.18,POS,0.834,1870,4,2,0.695,0,0,23,30.23,0,0
TXN102615,75.27,Online,0.558,2050,1,0,0.807,0,0,17,39.14,0,0
TXN102616,147.29,Online,0.351,620,3,0,0.333,1,0,12,26.74,0,0
TXN102617,376.3,Bank Transfer,0.467,2374,3,1,0.536,0,0,20,32.4,0,0
TXN102618,68.63,POS,0.44,2030,3,0,0.755,0,0,13,33.87,0,0
TXN102619,778.51,POS,0.333,3498,4,0,0.991,0,0,20,37.34,0,0
TXN102620,74.85,Bank Transfer,0.415,924,5,0,0.929,0,0,12,40.44,0,0
TXN102621,74.96,Online,0.385,247,4,0,0.382,0,0,18,23.71,0,0
TXN102622,690.46,POS,0.111,1677,2,0,0.471,0,0,17,28.51,1,0
TXN102623,183.36,POS,0.831,745,3,1,0.935,0,1,20,23.84,0,1
TXN102624,85.45,ATM,0.756,663,6,0,0.607,1,1,5,0.75,0,0
TXN102625,127.09,Online,0.338,876,4,1,0.11,0,1,11,11.06,0,0
TXN102626,574.26,Online,0.945,2491,2,0,0.745,0,0,12,54.38,0,1
TXN102627,643.04,Bank Transfer,0.949,1576,3,0,0.517,0,0,19,23.83,0,0
TXN102628,65.58,POS,0.857,3194,4,1,0.784,0,0,1,16.6,0,0
TXN102629,142.25,POS,0.029,468,4,2,0.923,0,0,18,10.28,0,0
TXN102630,162.42,Online,,3403,3,0,0.434,0,0,5,24.73,0,0
TXN102631,55.35,Bank Transfer,0.457,1513,2,1,0.518,0,1,13,21.19,0,0
TXN102632,140.37,POS,0.719,1962,6,0,0.496,0,0,2,4.92,0,0
TXN102633,149.21,Online,0.635,2984,3,0,0.447,0,0,0,2.42,0,0
TXN102634,464.15,POS,0.678,1809,2,1,0.535,0,0,23,38.93,0,0
TXN102635,496.42,POS,0.767,622,2,0,0.659,0,0,6,33.75,0,0
TXN102636,106.78,Bank Transfer,0.948,900,3,0,0.107,0,1,3,37.4,0,1
TXN102637,119.83,POS,0.552,3348,1,0,0.88,0,0,11,36.66,0,0
TXN102638,288.38,POS,0.904,282,4,0,0.884,0,0,9,32.39,1,0
TXN102639,82.67,ATM,0.815,3328,3,0,0.266,0,0,16,28.58,0,0
TXN102640,267.37,POS,0.338,2473,4,0,0.207,0,1,1,57.81,1,1
TXN102641,135.92,Online,0.814,1887,3,0,0.737,0,0,1,7.75,1,0
TXN102642,56.29,ATM,0.117,1174,4,0,0.957,0,0,4,47.06,0,0
TXN102643,57.01,POS,0.159,3143,5,2,0.234,0,0,8,14.74,1,0
TXN102644,630.84,Online,0.992,147,3,0,0.839,0,0,4,40.12,1,0
TXN102645,126.92,POS,0.429,2605,7,0,0.955,1,0,8,18.74,0,0
TXN102646,765.37,POS,0.461,789,5,0,0.838,0,0,6,28.92,0,0
TXN102647,88.8,Online,0.951,1321,2,0,0.595,0,0,3,64.82,0,0
TXN102648,198.58,POS,0.362,261,5,1,0.93,0,0,22,5.28,0,0
TXN102649,1624.05,Bank Transfer,0.237,2063,2,0,0.111,0,0,10,20.84,0,0
TXN102650,51.55,Bank Transfer,0.078,563,4,0,0.876,0,0,16,49.34,1,0
TXN102651,22.25,ATM,0.523,452,4,0,0.724,0,1,17,26.01,0,0
TXN102652,537.32,POS,0.2,1220,3,0,0.451,0,0,22,10.82,0,0
TXN102653,64.92,POS,0.065,1824,1,0,0.875,0,0,23,41.33,0,0
TXN102654,145.37,Bank Transfer,0.813,3450,3,1,0.764,0,0,0,29.0,0,0
TXN102655,82.61,Online,0.329,3034,1,0,0.817,0,0,19,33.9,0,0
TXN102656,194.06,Online,0.579,1479,3,1,0.357,0,0,23,15.36,0,0
TXN102657,57.37,ATM,0.105,2148,5,0,0.618,0,0,20,94.05,0,0
TXN102658,123.97,POS,0.506,2817,5,1,0.423,0,0,18,59.88,0,1
TXN102659,232.72,POS,0.632,1412,2,1,0.69,0,0,8,30.74,0,0
TXN102660,54.15,Online,0.45,2810,7,0,0.766,0,0,0,19.89,0,0
TXN102661,73.69,Online,0.337,2432,3,0,0.682,0,0,19,10.2,0,0
TXN102662,104.86,POS,0.311,2574,6,1,0.891,0,0,22,37.07,0,0
TXN102663,35.56,Online,0.109,3566,1,0,0.215,0,0,16,30.87,0,0
TXN102664,97.26,ATM,0.116,1393,0,0,0.597,0,0,8,4.35,0,0
TXN102665,167.13,POS,0.496,274,5,0,0.583,0,0,7,19.46,0,0
TXN102666,99.53,POS,0.139,1971,3,1,0.774,0,0,19,14.4,0,0
TXN102667,113.14,ATM,0.223,1225,3,0,0.535,0,0,9,47.28,0,0
TXN102668,145.49,ATM,0.165,243,3,0,0.328,0,0,13,14.9,0,0
TXN102669,77.03,Bank Transfer,0.802,594,3,1,0.329,0,0,19,55.46,0,1
TXN102670,296.21,POS,0.45,1961,4,0,0.401,0,0,22,15.61,0,0
TXN102671,623.89,Bank Transfer,0.553,3494,5,0,0.474,0,0,4,25.68,0,0
TXN102672,93.28,ATM,0.583,1255,10,0,0.717,1,1,7,34.59,0,0
TXN102673,241.1,Online,0.396,2006,2,1,0.478,0,0,17,16.27,0,0
TXN102674,116.79,POS,0.298,671,1,0,0.298,0,0,3,63.9,0,0
TXN102675,213.9,POS,0.382,499,2,0,0.222,0,0,12,6.5,0,0
TXN102676,710.37,Online,0.535,2862,3,1,0.734,0,0,19,79.22,0,1
TXN102677,246.82,POS,0.359,2246,4,0,0.2,0,0,4,31.32,0,0
TXN102678,25.19,POS,0.137,716,5,0,0.367,0,0,18,35.54,0,0
TXN102679,233.69,Bank Transfer,0.914,1841,3,2,0.291,0,0,10,58.54,0,1
TXN102680,509.21,POS,0.732,2130,7,0,0.176,0,0,22,16.52,0,1
TXN102681,118.91,Bank Transfer,0.066,244,0,0,0.896,0,1,15,20.8,0,0
TXN102682,401.67,Online,0.906,1116,3,0,0.165,0,0,9,61.93,0,1
TXN102683,74.43,ATM,0.17,3159,4,1,0.313,0,0,12,60.04,0,0
TXN102684,33.6,POS,0.098,1343,3,1,0.253,1,1,0,21.77,0,0
TXN102685,170.92,Online,0.173,2597,2,0,0.868,0,0,0,17.58,0,0
TXN102686,25.62,Online,0.933,2221,4,1,0.906,0,0,18,2.66,0,0
TXN102687,116.77,Bank Transfer,0.221,48,2,0,0.599,0,0,19,7.32,0,0
TXN102688,537.45,POS,0.787,3460,3,0,0.731,0,0,8,50.82,0,0
TXN102689,21.98,POS,0.643,3504,4,0,0.859,0,0,17,12.14,0,0
TXN102690,41.29,Bank Transfer,0.518,2449,3,1,0.378,0,0,11,27.26,0,0
TXN102691,52.88,POS,0.366,606,7,1,0.566,0,0,7,18.84,0,0
TXN102692,139.31,Online,0.093,3086,6,0,0.107,0,0,21,24.69,0,0
TXN102693,102.95,POS,0.711,30,4,0,0.324,0,0,14,14.53,0,1
TXN102694,601.33,POS,0.395,1876,2,0,0.571,0,1,23,18.6,0,0
TXN102695,385.43,Online,0.535,1576,2,0,0.401,1,0,15,3.02,0,0
TXN102696,243.54,Online,0.052,2555,7,0,0.228,0,0,9,25.51,0,0
TXN102697,171.68,Online,0.776,539,5,0,0.184,0,0,5,17.73,0,0
TXN102698,219.91,Online,0.692,3198,5,0,0.866,0,0,11,6.58,0,0
TXN102699,62.68,ATM,0.529,2093,2,1,0.776,0,0,13,25.34,0,0
TXN102700,349.75,Bank Transfer,0.496,972,5,0,0.807,0,1,22,39.51,0,0
TXN102701,48.81,POS,0.337,1157,2,1,0.713,0,0,2,21.91,0,0
TXN102702,342.19,POS,0.342,2514,0,0,0.257,0,0,2,75.94,0,0
TXN102703,485.97,POS,0.068,700,4,0,0.763,0,0,15,29.32,1,0
TXN102704,183.25,ATM,0.687,1104,1,0,0.601,0,0,15,26.62,0,0
TXN102705,124.44,POS,0.045,3596,3,1,0.114,0,0,20,14.71,0,0
TXN102706,221.48,Online,0.001,3215,1,0,0.145,0,1,7,32.25,0,0
TXN102707,8.49,Online,0.031,1234,0,1,0.297,0,1,2,64.32,0,0
TXN102708,200.79,Online,0.203,2041,5,0,0.809,0,0,3,18.56,0,0
TXN102709,132.51,ATM,0.57,1531,8,0,0.64,0,0,22,58.6,0,0
TXN102710,141.09,Online,0.681,756,2,0,0.638,0,0,11,9.19,0,0
TXN102711,300.83,Online,0.421,1095,4,1,0.988,0,0,3,16.05,0,0
TXN102712,137.72,POS,0.409,421,3,0,0.546,1,0,2,12.46,1,0
TXN102713,47.46,Online,0.577,3059,3,0,0.514,0,0,11,29.79,0,1
TXN102714,128.84,POS,0.597,921,1,1,0.516,0,0,21,15.09,0,0
TXN102715,158.79,ATM,0.845,742,4,0,0.38,0,0,7,6.87,0,0
TXN102716,166.49,Online,0.819,2339,3,1,0.297,0,0,11,29.49,0,0
TXN102717,174.5,POS,0.824,492,3,0,0.164,0,1,3,59.06,0,1
TXN102718,419.63,POS,0.844,3491,2,0,0.382,0,0,2,4.81,0,1
TXN102719,50.1,Online,0.88,3220,3,0,0.206,0,0,9,43.23,0,1
TXN102720,176.92,Bank Transfer,0.555,1524,9,0,0.234,0,0,5,27.77,1,0
TXN102721,539.12,POS,0.595,693,6,0,0.623,0,0,9,11.96,0,0
TXN102722,26.19,POS,0.727,537,1,2,0.301,0,0,23,51.19,0,0
TXN102723,177.62,Online,0.199,3135,2,0,0.251,0,0,23,59.2,0,0
TXN102724,82.65,Bank Transfer,0.36,1626,2,1,0.574,0,0,19,16.94,0,0
TXN102725,102.44,ATM,0.913,2123,1,1,0.108,0,0,13,26.49,0,0
TXN102726,60.05,POS,0.523,479,5,0,0.617,0,1,21,18.02,1,1
TXN102727,125.27,Online,0.052,3010,3,1,0.446,0,0,7,24.45,0,0
TXN102728,935.66,ATM,0.406,1904,4,0,0.358,0,1,10,25.39,0,0
TXN102729,41.91,ATM,0.161,283,1,0,0.157,0,0,2,14.66,0,0
TXN102730,46.08,Online,0.356,305,4,0,0.316,0,0,18,0.18,1,0
TXN102731,40.37,ATM,0.545,3518,1,0,0.782,0,0,17,21.08,0,0
TXN102732,834.99,Online,0.505,235,4,0,0.48,0,1,3,50.79,0,1
TXN102733,93.47,POS,0.49,1115,2,0,0.678,0,0,22,23.08,0,0
TXN102734,144.66,POS,0.018,76,3,2,0.861,0,0,15,8.19,0,0
TXN102735,99.21,POS,0.445,242,6,0,0.859,1,0,0,13.14,0,0
TXN102736,57.72,POS,0.029,2971,6,0,0.829,0,1,15,8.23,1,0
TXN102737,117.31,Online,0.405,2798,5,1,0.226,0,0,23,2.18,0,0
TXN102738,1734.1,ATM,0.647,1228,2,1,0.729,0,0,5,20.93,1,0
TXN102739,597.09,ATM,0.126,676,5,1,0.264,0,0,1,4.97,0,0
TXN102740,63.25,POS,0.917,930,3,0,0.68,0,1,4,42.3,0,0
TXN102741,283.6,POS,0.631,1301,4,1,0.488,0,0,10,13.43,0,1
TXN102742,64.62,Online,0.218,2841,3,1,0.942,0,0,5,25.69,0,0
TXN102743,25.12,Online,0.394,2182,4,0,0.442,0,0,18,5.55,1,0
TXN102744,411.38,POS,0.097,1637,2,0,0.833,0,0,15,12.08,1,0
TXN102745,473.47,ATM,0.022,278,0,1,0.302,0,1,23,101.37,0,1
TXN102746,422.44,POS,0.916,448,1,0,0.123,0,1,8,23.06,0,1
TXN102747,92.77,POS,0.675,760,5,1,0.782,0,0,2,6.35,0,0
TXN102748,125.62,ATM,0.78,798,3,1,0.737,1,0,10,39.85,0,1
TXN102749,314.12,Online,0.622,1800,3,1,0.272,0,0,20,16.86,0,1
TXN102750,219.53,Online,0.907,3153,3,0,0.291,0,0,21,20.94,0,0
TXN102751,100.12,Online,0.896,1557,2,0,0.907,0,0,8,39.14,1,0
TXN102752,29.4,Bank Transfer,0.058,1220,2,3,0.491,0,0,2,28.48,0,0
TXN102753,166.31,POS,0.189,2048,5,1,0.612,0,0,21,80.52,0,0
TXN102754,436.6,Online,0.396,305,3,1,0.202,0,0,21,30.5,0,0
TXN102755,44.81,POS,0.341,2667,3,1,0.197,0,0,23,41.39,0,0
TXN102756,281.11,Online,0.526,231,2,0,0.78,0,0,10,36.98,0,1
TXN102757,206.76,Online,0.267,1307,3,0,0.381,0,0,10,23.26,0,0
TXN102758,314.24,Online,0.797,3479,2,0,0.76,0,0,21,27.68,0,0
TXN102759,354.95,POS,0.007,1493,6,0,0.19,0,0,22,6.88,1,0
TXN102760,74.11,ATM,0.792,2736,5,0,0.112,0,0,20,20.86,0,0
TXN102761,29.46,POS,0.393,1016,3,1,0.474,0,0,12,4.21,0,0
TXN102762,87.05,Bank Transfer,0.005,3114,2,1,0.453,0,0,19,53.55,0,0
TXN102763,361.09,POS,0.847,1259,2,0,0.969,0,0,8,54.81,1,1
TXN102764,86.31,ATM,0.447,852,3,0,0.128,0,0,11,21.67,1,0
TXN102765,74.14,Online,0.725,214,3,0,0.656,0,0,9,32.36,0,0
TXN102766,24.01,Online,0.878,1139,2,1,0.839,0,0,12,4.7,1,0
TXN102767,856.32,Online,0.034,2130,1,1,0.414,0,0,3,26.62,0,0
TXN102768,338.9,ATM,0.262,259,7,1,0.717,0,1,2,40.24,0,1
TXN102769,320.5,Online,0.119,655,3,1,0.81,0,0,15,76.02,0,0
TXN102770,390.62,Online,0.098,1286,4,0,0.362,0,0,4,55.61,0,0
TXN102771,264.2,Online,0.946,2622,2,0,0.819,0,0,10,65.82,0,0
TXN102772,116.24,Online,0.806,2190,5,0,0.972,0,0,11,20.57,1,0
TXN102773,125.99,Online,0.365,182,3,0,0.382,0,0,12,19.69,0,0
TXN102774,96.78,ATM,0.687,162,6,0,0.275,0,0,8,11.09,1,0
TXN102775,2068.83,Online,0.919,246,5,0,0.924,1,0,23,56.79,1,1
TXN102776,258.76,Online,0.221,1227,3,0,0.119,0,1,18,10.31,0,0
TXN102777,93.34,Online,0.014,1060,4,0,0.22,0,0,13,49.41,1,0
TXN102778,236.39,Bank Transfer,0.824,453,4,1,0.449,1,0,0,58.61,0,1
TXN102779,54.01,POS,0.723,1617,3,1,0.715,0,0,9,21.26,0,0
TXN102780,668.15,POS,0.16,2170,3,0,0.937,0,0,2,15.79,0,0
TXN102781,76.63,POS,0.49,2540,3,1,0.583,0,0,13,45.36,0,0
TXN102782,244.96,Online,0.16,3633,1,0,0.804,0,1,10,5.71,0,0
TXN102783,430.94,Online,0.603,2535,2,1,0.343,0,0,16,21.87,0,1
TXN102784,218.06,Online,0.648,3598,4,0,0.719,0,0,9,6.69,0,0
TXN102785,163.12,POS,0.277,3553,2,1,0.328,0,0,16,21.01,0,0
TXN102786,150.03,Bank Transfer,0.781,3095,1,0,0.874,0,0,1,22.35,0,0
TXN102787,140.27,Online,0.474,1302,2,0,0.423,0,0,7,33.72,1,0
TXN102788,83.37,Online,0.706,187,3,0,0.754,0,0,19,16.27,0,0
TXN102789,94.68,POS,0.64,244,4,0,0.448,0,0,6,47.89,0,0
TXN102790,651.7,POS,,3181,1,0,0.62,0,0,3,24.86,0,0
TXN102791,133.15,POS,0.293,3147,5,0,0.668,0,0,14,10.47,0,0
TXN102792,67.64,POS,0.204,1150,3,0,0.308,0,0,20,41.99,0,0
TXN102793,88.56,Online,0.746,2674,3,0,0.369,0,0,20,17.31,0,0
TXN102794,446.02,POS,0.642,1674,3,0,0.334,0,0,10,19.83,1,0
TXN102795,291.67,POS,0.281,276,3,1,0.493,0,0,2,7.25,1,0
TXN102796,259.91,POS,0.967,2398,1,0,0.144,0,0,17,29.76,0,1
TXN102797,114.72,POS,0.81,331,6,1,0.993,0,0,9,7.88,0,0
TXN102798,263.32,POS,0.127,503,5,0,0.361,0,0,18,23.43,0,0
TXN102799,77.98,POS,0.163,1755,2,1,0.493,0,0,6,5.08,0,0
TXN102800,114.48,POS,0.544,283,3,0,0.347,0,0,1,18.98,0,0
TXN102801,391.43,Online,0.102,1266,1,0,0.452,0,0,14,25.55,0,0
TXN102802,355.77,Bank Transfer,0.964,2755,1,1,0.915,0,0,23,46.73,0,0
TXN102803,55.59,Online,0.638,2188,2,1,0.725,0,0,18,24.89,0,0
TXN102804,63.08,POS,0.066,230,1,0,0.548,0,0,1,46.53,0,0
TXN102805,165.46,Bank Transfer,0.443,823,3,0,0.714,0,0,15,13.26,0,0
TXN102806,833.92,Bank Transfer,0.222,3627,1,2,0.546,0,0,23,48.91,0,0
TXN102807,21.86,Online,0.49,3502,4,1,0.284,0,0,5,15.86,0,0
TXN102808,196.04,POS,0.247,3357,8,0,0.366,1,0,18,17.94,0,0
TXN102809,37.49,ATM,0.832,1883,5,0,0.54,0,0,15,34.14,0,0
TXN102810,78.7,Bank Transfer,0.721,1588,5,1,0.763,0,0,14,46.1,0,0
TXN102811,103.09,ATM,0.907,2747,5,0,0.148,1,1,18,35.16,0,0
TXN102812,97.46,Online,0.198,3493,3,1,0.433,0,1,13,37.38,0,0
TXN102813,87.03,Online,0.385,485,1,0,0.218,1,1,8,5.21,0,1
TXN102814,149.49,Bank Transfer,0.805,3270,4,0,0.691,0,0,8,34.02,0,0
TXN102815,86.9,POS,0.374,2263,5,0,0.296,0,0,13,14.56,0,0
TXN102816,34.38,POS,0.379,540,1,0,0.414,0,0,17,18.8,0,0
TXN102817,323.72,ATM,0.986,3161,0,0,0.469,0,0,3,49.25,0,0
TXN102818,315.09,POS,0.771,146,3,0,0.481,0,0,12,33.8,0,0
TXN102819,344.87,Online,0.861,113,4,1,0.595,0,0,7,10.18,0,0
TXN102820,31.79,POS,0.407,1361,2,0,0.198,0,1,9,58.88,0,1
TXN102821,200.12,POS,0.586,1984,1,1,0.828,0,0,15,57.85,0,0
TXN102822,291.77,POS,0.451,1578,5,0,0.592,0,0,8,20.5,0,0
TXN102823,52.92,Online,0.45,923,7,0,0.583,0,0,13,68.42,0,0
TXN102824,149.78,Online,0.128,2409,2,0,0.352,0,0,2,23.18,0,0
TXN102825,132.12,Online,0.842,1761,1,0,0.105,0,0,23,48.56,0,0
TXN102826,936.5,POS,0.391,463,1,1,0.648,0,0,23,123.92,0,1
TXN102827,1016.88,Bank Transfer,0.582,2983,7,0,0.53,0,0,9,34.92,0,0
TXN102828,28.1,Online,0.857,1148,3,0,0.459,0,0,6,10.72,0,0
TXN102829,1797.1,Bank Transfer,0.773,2528,3,0,0.59,0,0,19,20.14,0,0
TXN102830,59.43,POS,0.198,1300,1,0,0.737,0,0,8,30.48,0,0
TXN102831,395.71,POS,0.619,2761,4,0,0.592,0,0,23,18.75,0,0
TXN102832,391.7,ATM,0.496,1051,3,0,0.488,0,0,2,4.53,0,0
TXN102833,54.83,ATM,0.26,796,5,0,0.992,0,1,10,8.36,0,0
TXN102834,243.05,POS,0.041,298,2,0,0.629,0,0,13,28.95,1,0
TXN102835,133.28,Online,0.63,3043,2,0,0.345,0,0,2,25.48,0,0
TXN102836,258.35,Online,0.78,2641,1,2,0.303,0,0,15,56.75,0,1
TXN102837,186.92,POS,0.942,2252,3,0,0.527,0,0,23,22.42,0,0
TXN102838,490.95,Online,0.355,2229,4,0,0.219,0,0,8,78.25,0,0
TXN102839,160.04,POS,0.399,280,2,0,0.126,0,1,3,25.17,0,1
TXN102840,125.48,POS,0.163,1521,4,0,0.603,0,0,17,21.51,0,0
TXN102841,444.11,Bank Transfer,0.985,3153,2,0,0.468,0,0,12,45.65,0,1
TXN102842,265.18,Online,0.85,1077,2,0,0.83,0,0,2,15.1,1,0
TXN102843,308.53,ATM,0.958,231,1,1,0.105,0,1,3,4.13,0,1
TXN102844,76.36,ATM,0.495,3068,3,0,0.743,0,0,21,31.06,0,0
TXN102845,52.18,Bank Transfer,0.21,134,2,0,0.743,0,0,23,30.33,0,0
TXN102846,84.12,Online,0.573,2523,5,0,0.852,0,0,4,10.23,0,0
TXN102847,79.77,Online,0.372,3048,7,1,0.833,0,0,0,58.74,0,0
TXN102848,325.77,POS,0.348,2727,4,0,0.975,0,0,13,46.57,0,0
TXN102849,393.86,Online,0.082,77,0,0,0.216,0,0,0,13.66,0,1
TXN102850,127.09,Online,0.073,3274,2,0,0.403,0,0,2,18.47,0,0
TXN102851,620.74,ATM,0.379,350,2,0,0.96,0,0,8,46.54,0,0
TXN102852,583.16,POS,0.926,3112,1,1,0.847,0,1,4,14.17,0,1
TXN102853,189.31,POS,0.723,91,5,0,0.829,0,0,20,34.42,0,0
TXN102854,65.24,Bank Transfer,0.761,1807,8,0,0.612,0,0,2,17.5,1,0
TXN102855,717.22,ATM,0.234,3216,8,0,0.955,1,0,1,30.39,1,0
TXN102856,139.63,POS,0.735,982,2,0,0.49,0,1,7,4.95,0,0
TXN102857,168.37,Online,0.406,191,3,0,0.41,0,0,0,7.9,0,1
TXN102858,105.68,Online,0.059,350,1,0,0.989,0,0,6,10.95,1,0
TXN102859,60.96,ATM,0.395,1379,1,0,0.408,0,0,1,4.23,0,0
TXN102860,34.17,Online,0.131,1334,7,0,0.914,0,0,14,23.75,1,0
TXN102861,279.46,Online,0.854,815,6,0,0.446,0,1,12,33.18,1,0
TXN102862,67.8,POS,0.84,1685,4,0,0.754,0,0,13,7.5,0,0
TXN102863,3163.81,POS,0.287,1266,0,1,0.537,0,0,14,23.04,0,0
TXN102864,50.1,ATM,0.612,2167,3,2,0.634,0,1,12,30.2,0,0
TXN102865,42.21,Online,0.364,1081,2,2,0.913,0,0,9,15.92,0,0
TXN102866,247.19,POS,0.154,1168,4,1,0.75,0,0,12,19.34,0,0
TXN102867,684.93,POS,0.649,3244,2,1,0.821,0,0,13,22.58,0,0
TXN102868,158.32,Online,0.76,2870,2,0,0.507,1,0,18,51.59,1,1
TXN102869,263.02,Online,0.775,2812,5,1,0.191,0,0,2,16.82,0,1
TXN102870,23.49,POS,0.149,1404,5,0,0.929,0,1,1,6.39,0,0
TXN102871,75.38,ATM,0.513,3233,2,2,0.979,0,1,3,14.05,0,0
TXN102872,50.72,ATM,0.024,1264,4,0,0.357,0,0,4,66.73,0,0
TXN102873,22.31,POS,0.09,2636,3,0,0.886,0,0,17,13.53,0,0
TXN102874,166.83,ATM,0.081,2749,2,1,0.603,1,1,23,27.55,1,1
TXN102875,15.76,POS,0.057,1225,2,0,0.424,0,0,11,32.58,1,0
TXN102876,39.56,Online,0.334,2258,7,0,0.123,0,0,21,73.68,0,0
TXN102877,86.73,POS,0.358,702,3,1,0.821,0,1,21,33.6,0,1
TXN102878,64.63,POS,0.698,1420,1,0,0.985,0,1,15,24.63,0,0
TXN102879,220.61,POS,0.33,1947,6,0,0.287,0,0,14,41.4,0,0
TXN102880,201.46,POS,0.14,2440,3,1,0.106,0,0,0,28.46,0,1
TXN102881,362.78,ATM,0.947,1321,3,0,0.394,0,0,14,56.93,0,1
TXN102882,314.94,Online,0.875,2606,2,0,0.921,0,1,14,16.57,0,1
TXN102883,464.43,Bank Transfer,0.124,2359,3,1,0.881,0,0,5,8.83,0,0
TXN102884,148.13,Online,0.363,3157,2,1,0.495,0,1,13,39.1,0,0
TXN102885,201.03,Online,0.168,170,1,0,0.835,1,0,20,40.27,0,0
TXN102886,247.53,POS,0.959,1888,4,0,0.363,0,0,1,9.74,0,0
TXN102887,171.0,Online,0.356,2610,1,0,0.618,0,1,20,5.22,1,0
TXN102888,99.76,Online,0.098,1558,3,0,0.704,0,0,14,39.73,1,0
TXN102889,106.44,Bank Transfer,0.727,1114,0,0,0.201,0,0,0,20.41,0,0
TXN102890,65.53,Bank Transfer,0.712,2135,3,0,,1,1,2,45.91,0,0
TXN102891,226.24,POS,0.241,1703,6,0,0.175,0,1,14,10.69,0,0
TXN102892,135.1,Online,0.321,1585,1,1,0.996,0,0,4,14.43,1,0
TXN102893,76.46,Online,0.415,3572,0,1,0.45,0,0,20,33.88,0,0
TXN102894,76.54,Online,0.268,1560,11,0,0.384,0,1,1,51.79,0,1
TXN102895,44.24,POS,0.289,810,3,0,0.411,0,0,18,17.89,0,0
TXN102896,394.98,Online,0.802,90,0,1,0.971,0,0,4,72.07,0,0
TXN102897,160.55,ATM,0.752,455,2,0,0.123,1,0,8,30.99,0,1
TXN102898,62.63,POS,0.693,1973,2,0,0.935,0,0,17,83.83,0,0
TXN102899,333.13,Online,0.687,789,2,0,0.617,0,0,9,10.16,0,0
TXN102900,84.74,POS,0.522,426,3,0,0.584,1,0,21,36.9,0,0
TXN102901,36.36,Bank Transfer,0.351,1302,4,0,0.412,0,0,6,20.25,0,0
TXN102902,412.08,POS,0.721,900,2,0,0.126,0,0,17,31.33,0,0
TXN102903,86.74,POS,0.116,1971,3,3,0.862,0,0,19,12.02,0,0
TXN102904,98.6,POS,0.141,233,4,0,0.574,0,0,18,18.78,0,0
TXN102905,154.65,ATM,0.126,3578,3,2,0.105,0,0,7,23.24,0,0
TXN102906,465.26,Online,0.733,3328,2,0,0.733,0,0,8,39.35,0,0
TXN102907,151.42,POS,0.592,3178,2,0,0.481,0,0,18,19.06,0,0
TXN102908,44.74,POS,0.45,650,5,0,0.455,0,0,19,34.91,0,0
TXN102909,255.67,ATM,0.476,2618,4,0,,0,0,21,44.51,0,0
TXN102910,91.38,Online,0.828,79,1,1,0.705,0,0,4,23.64,0,0
TXN102911,980.36,POS,0.122,2638,2,1,0.683,1,0,16,76.28,0,0
TXN102912,148.25,Bank Transfer,0.383,2917,2,0,0.972,0,0,6,22.23,0,0
TXN102913,15.88,POS,0.76,1057,5,0,0.197,0,0,6,10.37,0,0
TXN102914,212.17,Online,0.658,1708,4,0,0.951,1,0,7,4.12,0,0
TXN102915,1037.53,POS,0.435,3389,4,0,0.53,0,0,8,31.65,0,0
TXN102916,717.61,ATM,0.224,747,0,0,0.148,0,0,1,56.77,0,1
TXN102917,926.07,ATM,0.946,1983,2,1,0.78,0,0,21,16.66,0,0
TXN102918,53.53,Online,0.408,1129,3,0,0.472,0,0,17,16.35,0,0
TXN102919,369.5,Online,0.878,618,6,0,0.181,0,0,21,18.5,1,0
TXN102920,72.1,Bank Transfer,,2497,0,0,0.214,0,0,6,38.36,0,0
TXN102921,185.73,ATM,0.862,3470,3,0,0.967,0,0,13,51.21,0,0
TXN102922,41.56,Online,0.017,2076,4,0,,0,1,18,30.33,0,0
TXN102923,77.91,Online,0.477,1863,2,0,0.958,0,0,11,57.35,0,0
TXN102924,75.47,Bank Transfer,0.259,1962,3,1,0.799,0,0,20,25.85,0,0
TXN102925,364.51,POS,0.274,592,2,1,0.663,0,0,13,33.53,0,0
TXN102926,330.54,POS,0.27,758,4,0,0.207,0,1,19,5.64,0,1
TXN102927,195.75,POS,0.389,2691,3,0,0.505,0,0,14,47.33,0,0
TXN102928,38.46,ATM,0.411,2150,3,0,0.317,0,0,15,3.53,0,0
TXN102929,108.67,POS,0.634,876,4,1,0.244,0,1,11,24.84,0,0
TXN102930,70.38,POS,0.3,100,3,0,0.544,0,0,12,45.15,0,0
TXN102931,354.13,Online,0.273,709,3,0,0.382,0,0,5,20.88,0,0
TXN102932,482.12,POS,0.361,1858,3,0,0.958,0,0,3,22.66,1,1
TXN102933,426.83,POS,,998,3,1,0.126,1,0,17,21.33,0,0
TXN102934,69.74,Online,0.0,2676,3,0,0.126,0,0,4,37.32,0,0
TXN102935,9.59,POS,0.747,2123,3,0,0.662,0,0,16,19.26,0,0
TXN102936,25.36,Bank Transfer,0.339,563,9,0,0.184,1,0,12,15.65,0,0
TXN102937,615.0,POS,0.576,1089,4,0,0.599,0,0,1,28.41,2,0
TXN102938,99.36,ATM,0.762,159,4,0,0.834,0,0,13,78.75,0,0
TXN102939,70.05,Online,0.511,177,2,0,0.213,0,0,1,18.68,0,0
TXN102940,767.13,POS,0.647,2752,3,0,0.163,0,0,22,30.35,0,0
TXN102941,525.93,POS,0.92,1432,3,1,0.956,0,0,12,115.52,0,0
TXN102942,152.09,Online,,3221,1,0,0.874,0,0,5,42.88,0,0
TXN102943,110.67,POS,0.35,878,2,1,0.322,0,1,14,40.03,0,0
TXN102944,130.05,POS,0.927,1194,5,0,0.534,0,0,9,7.21,0,0
TXN102945,186.26,Bank Transfer,0.837,1881,3,0,0.239,0,0,21,20.29,0,0
TXN102946,735.13,Online,0.617,1046,4,0,0.855,0,0,8,45.64,0,0
TXN102947,226.44,Bank Transfer,0.229,1693,7,0,0.273,0,0,5,18.03,0,0
TXN102948,306.75,POS,0.331,473,4,0,0.847,0,0,11,13.75,0,0
TXN102949,477.84,POS,0.858,312,2,0,0.323,0,0,10,14.86,0,0
TXN102950,46.08,Online,0.698,3145,4,0,0.199,0,0,14,33.73,0,1
TXN102951,315.72,POS,0.286,918,5,0,0.292,0,0,7,33.88,0,0
TXN102952,110.55,POS,0.132,399,0,0,0.587,0,0,4,28.85,1,0
TXN102953,11.99,POS,0.781,1048,2,1,0.897,0,0,23,57.84,0,0
TXN102954,17.67,POS,0.576,1548,2,0,0.135,0,0,2,32.56,0,0
TXN102955,53.62,ATM,0.963,1784,4,0,0.229,0,0,15,23.78,0,0
TXN102956,252.45,POS,0.406,2802,0,1,0.598,0,0,4,46.76,0,0
TXN102957,166.3,Bank Transfer,0.349,3006,4,1,0.182,0,0,13,71.68,0,0
TXN102958,178.46,POS,0.291,1086,0,0,0.413,0,0,5,22.75,0,0
TXN102959,1044.13,POS,0.482,821,4,0,0.436,0,0,1,29.63,0,0
TXN102960,41.72,POS,0.323,478,2,0,0.539,0,0,13,14.73,0,0
TXN102961,144.4,Online,0.073,602,2,0,0.747,0,0,16,6.99,0,0
TXN102962,201.23,Bank Transfer,0.312,133,1,0,0.322,0,0,20,29.91,1,0
TXN102963,71.07,ATM,0.219,33,4,0,0.395,0,0,8,22.72,0,0
TXN102964,152.68,POS,0.815,1544,3,0,0.49,0,0,3,12.14,0,0
TXN102965,29.97,Online,0.236,2225,7,1,0.453,0,0,15,59.41,0,0
TXN102966,607.84,ATM,0.459,2995,3,0,0.745,1,0,6,32.5,0,0
TXN102967,75.07,POS,0.673,1208,1,1,0.141,0,1,1,65.49,0,0
TXN102968,1131.61,Online,0.149,1076,5,0,0.233,0,1,12,22.35,0,1
TXN102969,143.67,POS,0.531,2455,3,0,0.224,0,0,13,21.64,0,0
TXN102970,414.91,Online,0.847,2334,5,0,0.582,0,0,2,96.23,1,1
TXN102971,140.71,Online,0.584,2528,3,1,0.176,0,0,4,22.18,0,1
TXN102972,143.92,Online,0.482,645,3,0,0.167,0,0,8,30.5,0,0
TXN102973,82.76,Bank Transfer,0.839,191,2,1,0.803,0,1,22,67.17,0,0
TXN102974,167.19,Online,0.947,2002,3,1,0.982,0,0,5,60.39,0,0
TXN102975,203.98,Bank Transfer,0.821,1544,0,1,0.133,1,0,3,15.17,0,1
TXN102976,67.74,ATM,0.408,964,6,1,0.255,0,0,9,38.04,0,1
TXN102977,130.97,POS,0.612,3534,3,0,0.558,0,0,6,21.73,1,0
TXN102978,80.63,Online,0.527,606,4,0,0.91,0,1,22,16.37,0,0
TXN102979,1479.8,Online,0.303,1026,3,0,0.554,0,0,10,14.36,0,0
TXN102980,135.68,ATM,0.435,2744,3,0,0.442,0,0,5,3.62,0,0
TXN102981,695.92,POS,0.829,1946,3,0,0.855,0,0,11,64.54,0,1
TXN102982,122.04,Bank Transfer,0.3,867,3,0,0.794,0,0,4,24.45,0,0
TXN102983,192.34,Online,0.89,1976,4,0,0.82,0,0,21,17.07,0,0
TXN102984,39.59,Online,0.991,1547,4,0,0.311,0,0,3,22.22,1,1
TXN102985,94.91,Online,0.307,973,4,0,,0,0,20,24.68,0,0
TXN102986,183.19,Online,0.123,2459,3,0,0.265,1,0,7,7.58,0,0
TXN102987,724.88,Online,0.957,2850,5,0,0.511,0,0,4,8.4,0,0
TXN102988,185.3,Online,0.171,277,1,0,0.855,0,0,16,80.09,0,0
TXN102989,592.13,POS,0.771,43,2,0,0.816,0,0,12,29.05,0,0
TXN102990,281.67,Online,0.039,3299,1,0,0.6,0,0,10,4.99,0,0
TXN102991,755.52,POS,0.236,850,3,0,0.793,0,0,20,8.71,0,0
TXN102992,139.9,Online,0.26,342,0,0,0.161,0,0,7,35.4,0,0
TXN102993,1620.07,Online,0.297,2174,3,0,0.847,0,0,12,24.29,0,0
TXN102994,91.34,POS,0.919,1197,0,0,0.815,0,0,23,14.9,0,0
TXN102995,68.96,ATM,0.175,3350,6,0,0.767,0,0,7,9.37,0,0
TXN102996,44.25,Online,0.174,3506,1,0,0.23,0,0,13,10.1,0,0
TXN102997,1526.95,Online,0.692,64,4,1,0.292,0,0,11,30.9,0,0
TXN102998,336.79,Online,0.952,723,3,0,0.297,0,0,7,13.06,0,1
TXN102999,106.26,Online,0.389,2205,4,0,0.716,1,0,3,,0,0
TXN103000,517.51,ATM,0.773,1246,2,0,0.352,0,1,1,125.31,0,1
TXN103001,295.21,POS,0.031,42,7,0,0.219,0,0,11,37.17,0,0
TXN103002,1060.11,POS,0.824,1704,4,0,0.607,0,1,17,35.88,0,0
TXN103003,31.57,Online,0.723,2284,1,0,0.421,0,1,12,17.14,0,0
TXN103004,113.82,POS,0.897,3613,2,0,0.533,0,0,7,23.91,0,0
TXN103005,93.45,POS,0.637,1519,3,0,0.758,0,0,5,21.86,0,0
TXN103006,20.62,POS,0.941,2887,4,0,0.309,0,0,2,42.13,0,0
TXN103007,428.52,POS,0.39,1602,3,0,0.916,0,0,8,79.05,0,0
TXN103008,113.25,Bank Transfer,0.733,2460,3,0,0.747,0,1,18,32.58,1,0
TXN103009,310.95,POS,0.726,3532,3,0,0.836,0,0,6,21.69,0,0
TXN103010,1571.48,POS,0.269,2971,3,0,0.472,0,0,4,41.99,0,0
TXN103011,104.25,Bank Transfer,0.921,2499,1,1,0.628,0,0,23,25.07,0,1
TXN103012,97.4,Bank Transfer,0.779,3025,1,0,0.806,0,0,14,40.87,0,0
TXN103013,167.11,POS,0.866,741,2,2,0.142,0,0,1,62.87,0,0
TXN103014,398.32,Bank Transfer,0.363,2911,3,0,0.43,0,0,21,13.74,0,0
TXN103015,84.21,POS,0.841,3640,6,1,0.203,0,0,18,33.9,0,1
TXN103016,78.97,ATM,0.315,3552,1,0,0.821,0,0,15,47.99,0,0
TXN103017,427.17,POS,0.964,959,1,3,0.975,0,0,5,14.43,0,0
TXN103018,216.73,Online,0.024,1577,3,0,0.913,0,1,14,34.37,0,0
TXN103019,19.21,POS,0.619,2512,0,0,0.927,0,0,8,6.46,0,0
TXN103020,43.58,Online,0.112,296,5,1,0.438,0,1,6,10.26,0,0
TXN103021,665.96,POS,0.719,2492,4,0,0.569,1,0,16,40.98,0,1
TXN103022,221.83,Online,0.364,1027,2,1,0.45,0,0,10,17.16,0,0
TXN103023,69.26,Online,0.871,3106,0,1,0.429,0,0,20,24.97,0,0
TXN103024,125.16,POS,0.873,2252,1,0,0.113,0,0,10,2.82,0,0
TXN103025,150.39,Bank Transfer,0.368,1473,5,0,0.632,0,0,0,54.77,0,0
TXN103026,309.74,POS,0.81,211,1,0,0.832,0,0,10,18.23,0,0
TXN103027,38.16,POS,0.681,2549,4,1,0.458,0,0,2,20.19,0,0
TXN103028,64.01,POS,0.427,1971,2,0,0.866,1,0,1,14.54,0,0
TXN103029,194.99,POS,0.343,2295,2,0,0.502,0,1,8,24.38,0,1
TXN103030,134.31,POS,0.21,94,3,1,0.676,0,0,2,18.37,1,0
TXN103031,262.92,Online,0.063,1609,3,0,0.111,0,1,12,10.2,0,0
TXN103032,43.4,Online,0.517,2767,2,0,0.659,1,0,18,7.3,0,0
TXN103033,212.12,Online,0.54,3345,2,0,0.365,0,0,23,12.04,0,0
TXN103034,442.12,Online,0.444,1300,3,1,0.821,0,0,5,11.05,0,0
TXN103035,241.49,ATM,0.951,941,3,1,0.101,0,0,13,41.13,0,1
TXN103036,170.56,POS,0.014,2586,5,3,0.199,1,0,5,24.92,1,0
TXN103037,134.84,Online,0.85,841,4,1,0.836,0,0,13,30.23,0,1
TXN103038,64.4,Bank Transfer,0.801,3245,2,2,0.502,0,1,17,9.29,0,1
TXN103039,138.1,POS,0.759,2312,4,0,0.341,0,0,20,11.04,0,0
TXN103040,523.07,Online,0.525,3380,0,1,0.117,0,0,5,12.07,0,0
TXN103041,131.76,Bank Transfer,0.19,718,3,1,0.423,1,0,12,29.21,0,0
TXN103042,60.96,Online,0.863,334,3,0,0.815,0,0,11,59.43,0,0
TXN103043,90.72,Bank Transfer,0.745,3034,1,1,0.577,0,1,6,8.72,0,0
TXN103044,181.43,POS,0.833,1075,3,0,0.206,0,0,2,11.95,0,0
TXN103045,102.15,Online,0.236,1259,0,1,0.435,0,0,4,2.27,0,0
TXN103046,241.12,POS,0.554,1000,1,0,0.411,0,0,17,22.79,0,0
TXN103047,250.35,POS,0.416,1554,8,0,0.195,0,0,11,18.67,0,0
TXN103048,361.04,Bank Transfer,0.64,3283,3,0,0.432,0,0,16,41.44,0,0
TXN103049,616.19,POS,0.753,2499,1,0,0.225,0,0,7,62.58,1,0
TXN103050,401.76,Bank Transfer,0.174,291,5,1,0.741,0,0,5,16.31,0,0
TXN103051,58.31,Online,0.174,3234,0,2,0.304,0,0,6,37.2,0,0
TXN103052,60.13,Bank Transfer,0.044,1627,4,1,0.36,0,0,14,4.17,0,0
TXN103053,137.58,Bank Transfer,0.157,2527,2,1,0.236,1,0,10,22.69,1,0
TXN103054,94.52,Online,0.24,1352,9,0,0.815,0,0,17,59.73,0,0
TXN103055,47.54,Bank Transfer,0.073,371,3,0,0.937,0,0,7,51.29,0,0
TXN103056,95.42,ATM,0.356,1549,5,2,0.274,0,0,12,30.3,0,0
TXN103057,92.34,Online,0.675,1253,1,1,0.575,0,1,12,30.67,0,0
TXN103058,75.8,Online,0.793,94,3,0,0.919,1,1,8,21.1,0,0
TXN103059,108.22,POS,0.346,2745,2,0,0.949,1,1,22,31.41,0,0
TXN103060,482.24,POS,0.084,3149,5,1,0.225,0,0,16,19.5,0,0
TXN103061,181.13,POS,0.759,3316,3,1,0.639,0,0,10,61.23,0,0
TXN103062,1757.78,Online,0.391,914,3,1,0.554,0,0,10,27.42,0,0
TXN103063,176.0,POS,0.251,2324,4,1,0.468,0,0,4,,0,0
TXN103064,111.04,Online,0.471,1956,3,0,0.833,0,0,14,46.47,0,0
TXN103065,149.03,Online,0.97,2188,0,1,0.123,0,1,10,36.4,0,0
TXN103066,191.81,Online,0.373,2918,3,0,0.858,0,0,17,18.97,0,0
TXN103067,229.35,Bank Transfer,0.959,1402,2,0,0.311,0,0,16,2.56,0,1
TXN103068,1184.07,Bank Transfer,0.253,1024,2,0,0.23,0,0,5,30.4,0,0
TXN103069,63.73,Bank Transfer,0.106,1760,4,0,0.667,0,0,20,43.32,1,0
TXN103070,350.39,Online,0.157,2439,1,0,0.947,0,0,21,85.79,1,0
TXN103071,182.68,POS,0.774,1594,3,0,0.567,1,0,15,76.87,0,1
TXN103072,30.84,Bank Transfer,0.538,1128,4,0,0.967,0,0,14,39.32,0,0
TXN103073,320.76,POS,0.582,229,4,0,0.653,0,1,13,36.59,0,0
TXN103074,527.22,POS,0.968,2104,2,0,0.636,0,0,17,16.98,0,0
TXN103075,62.98,POS,0.505,109,2,0,0.267,0,0,11,18.91,0,0
TXN103076,147.09,Online,0.117,1733,3,0,0.233,0,0,3,21.36,0,0
TXN103077,26.43,Online,0.719,2265,3,1,0.667,0,0,13,7.69,1,0
TXN103078,42.15,POS,0.208,1699,1,0,0.156,0,1,1,0.79,0,1
TXN103079,423.28,ATM,0.582,1875,1,0,0.976,1,0,19,9.45,0,0
TXN103080,93.09,POS,0.854,1034,4,1,0.35,0,0,20,36.74,0,1
TXN103081,48.97,POS,0.477,916,1,0,0.517,0,0,7,4.28,0,0
TXN103082,186.69,POS,0.314,3088,3,0,0.264,0,1,7,4.52,0,1
TXN103083,88.02,POS,0.576,3261,0,1,0.505,0,0,17,31.51,0,0
TXN103084,92.68,ATM,0.127,610,3,0,0.308,0,0,13,12.77,0,0
TXN103085,310.85,POS,0.308,777,2,0,0.855,0,0,17,24.73,1,0
TXN103086,46.44,POS,0.504,1322,4,1,0.157,0,1,8,31.36,0,1
TXN103087,60.02,POS,0.254,2565,6,0,0.475,1,0,17,45.11,0,0
TXN103088,173.14,ATM,0.039,253,3,0,0.791,0,0,15,17.99,0,0
TXN103089,391.27,Bank Transfer,0.585,2883,5,0,0.896,0,0,14,28.37,0,0
TXN103090,511.92,Online,0.401,55,1,0,0.971,0,1,15,113.36,0,1
TXN103091,76.32,Online,0.391,3071,4,3,0.152,1,0,2,8.21,0,0
TXN103092,378.94,Bank Transfer,0.997,178,3,0,0.218,0,1,5,125.59,1,1
TXN103093,67.75,POS,0.112,3069,3,0,0.323,0,0,22,64.4,0,0
TXN103094,921.69,POS,0.154,3446,2,1,0.96,0,0,20,29.54,0,0
TXN103095,47.76,Online,0.876,2904,3,0,0.972,0,0,23,18.92,0,1
TXN103096,560.3,POS,0.13,3592,1,0,0.618,0,0,13,50.18,0,0
TXN103097,76.98,Online,0.918,1687,5,0,0.76,0,0,21,21.18,0,1
TXN103098,1111.26,Online,0.672,2352,5,0,0.522,0,0,19,19.03,0,0
TXN103099,268.09,POS,0.528,2288,4,0,0.914,0,0,21,84.42,0,0
TXN103100,53.73,Online,0.278,72,2,1,0.198,0,0,12,30.89,0,0
TXN103101,88.04,Online,0.359,3134,1,0,0.822,0,1,20,36.36,0,0
TXN103102,324.14,POS,0.826,2582,5,1,0.53,0,0,21,19.14,0,0
TXN103103,425.24,Bank Transfer,0.058,1551,0,1,0.509,1,0,5,37.33,0,0
TXN103104,138.28,Online,0.769,807,0,0,0.612,0,0,19,10.55,1,0
TXN103105,155.19,POS,0.828,2458,3,0,0.527,0,0,3,36.69,0,1
TXN103106,316.83,POS,0.706,3583,1,0,0.868,0,0,15,27.12,0,1
TXN103107,169.32,POS,0.055,607,3,0,0.316,0,0,2,16.87,0,0
TXN103108,40.71,POS,0.743,3360,2,0,0.214,0,0,16,26.85,0,0
TXN103109,65.83,POS,0.723,2074,2,0,0.676,0,0,2,43.61,0,1
TXN103110,187.75,POS,0.013,2885,7,0,0.776,0,0,13,17.53,0,0
TXN103111,500.44,ATM,0.892,540,5,0,0.546,0,1,17,14.47,1,0
TXN103112,746.94,ATM,0.132,408,1,0,0.686,0,0,15,16.77,1,0
TXN103113,323.61,ATM,0.961,2420,0,0,0.533,0,0,7,33.1,1,0
TXN103114,197.81,Online,0.071,1056,1,0,0.849,0,0,21,25.48,0,0
TXN103115,313.82,ATM,0.238,1394,0,0,0.74,1,1,7,26.23,0,0
TXN103116,76.19,ATM,0.69,2282,4,0,0.964,0,0,17,44.51,0,0
TXN103117,127.33,Bank Transfer,0.137,854,5,0,0.645,0,1,18,1.61,1,0
TXN103118,65.1,ATM,0.185,1266,3,0,0.707,0,0,1,33.03,0,0
TXN103119,42.57,ATM,0.011,1335,2,0,0.579,0,0,4,55.06,1,0
TXN103120,207.17,ATM,0.826,1306,2,0,0.59,0,0,22,25.67,0,0
TXN103121,178.67,Online,0.038,2569,1,0,0.17,0,0,14,56.82,0,0
TXN103122,295.2,POS,0.633,579,3,0,0.501,0,0,0,6.46,0,0
TXN103123,256.24,POS,0.582,3317,3,0,0.313,0,0,15,24.06,1,0
TXN103124,189.17,Online,0.511,2622,2,0,0.971,0,1,5,49.87,0,0
TXN103125,258.95,POS,0.375,70,3,0,0.908,0,0,7,29.73,0,0
TXN103126,142.21,POS,0.3,2076,1,2,0.469,0,0,18,26.35,0,0
TXN103127,224.28,POS,0.957,637,2,1,0.198,0,0,11,18.33,0,1
TXN103128,71.8,POS,0.785,582,4,1,0.446,0,1,21,79.21,0,1
TXN103129,214.8,Bank Transfer,0.923,2584,2,0,0.994,0,0,11,19.81,0,0
TXN103130,289.58,POS,0.734,932,3,0,0.161,0,0,14,24.97,1,0
TXN103131,75.97,POS,0.829,2088,1,1,0.911,0,0,14,36.2,0,0
TXN103132,156.31,Online,0.964,1059,3,0,0.196,0,0,16,18.22,0,1
TXN103133,79.55,POS,0.454,1185,2,0,0.601,0,0,12,115.48,0,0
TXN103134,87.66,Online,0.907,2458,3,0,0.881,0,0,8,8.68,0,0
TXN103135,48.19,Online,0.043,2389,3,1,0.656,0,0,8,12.08,1,0
TXN103136,526.25,POS,0.108,107,2,0,0.257,0,1,0,,2,0
TXN103137,430.82,Online,0.49,3169,3,0,0.996,0,0,21,24.62,0,0
TXN103138,254.03,POS,0.454,2154,3,0,0.875,0,0,9,21.33,0,0
TXN103139,1066.56,Online,0.438,963,1,0,0.236,0,0,19,10.2,0,1
TXN103140,122.82,Bank Transfer,0.537,438,4,0,0.566,0,1,9,4.0,0,0
TXN103141,3077.16,Bank Transfer,0.538,1788,7,0,0.684,0,0,14,6.7,0,0
TXN103142,118.21,POS,0.871,2548,3,0,0.631,0,0,17,65.53,0,1
TXN103143,191.56,ATM,0.346,105,3,1,0.419,1,0,11,12.09,0,0
TXN103144,99.71,ATM,0.316,1079,5,0,0.836,0,0,10,4.91,0,0
TXN103145,215.36,Bank Transfer,0.702,3454,3,0,0.351,0,1,11,34.67,0,1
TXN103146,342.28,POS,0.648,393,3,0,0.373,0,0,14,23.99,0,0
TXN103147,132.43,Online,0.83,2931,1,0,0.592,0,0,11,14.21,1,0
TXN103148,877.19,POS,0.309,892,3,0,0.157,0,1,17,78.0,0,1
TXN103149,188.51,POS,0.006,1858,4,0,0.17,0,0,15,15.74,1,0
TXN103150,194.51,Online,0.944,2793,2,1,0.97,0,0,19,16.55,1,0
TXN103151,59.8,Online,0.044,3621,2,0,0.49,0,0,18,32.03,0,0
TXN103152,225.54,POS,0.68,2214,3,0,0.608,0,0,18,21.89,0,1
TXN103153,129.8,ATM,0.322,827,4,0,0.991,0,0,6,12.3,0,0
TXN103154,80.78,Online,0.424,326,2,0,0.978,0,1,9,29.64,0,0
TXN103155,68.27,Bank Transfer,0.838,2723,2,0,0.794,0,0,16,3.87,1,0
TXN103156,2146.86,ATM,0.42,2124,1,1,0.627,0,0,8,58.8,0,0
TXN103157,114.04,Bank Transfer,0.144,2815,4,0,0.324,0,0,15,28.97,0,1
TXN103158,34.57,ATM,0.754,3603,4,0,0.264,0,1,10,81.96,0,1
TXN103159,73.83,POS,0.02,3037,4,0,0.207,1,0,10,22.64,0,0
TXN103160,140.95,POS,0.275,1845,2,0,0.437,0,0,17,24.97,1,0
TXN103161,256.38,Bank Transfer,0.538,2510,4,0,0.338,1,0,2,21.95,0,1
TXN103162,258.47,POS,0.438,2292,7,0,0.86,0,0,20,53.65,2,1
TXN103163,291.96,Online,,719,0,0,0.928,0,0,14,34.96,0,0
TXN103164,77.88,Online,0.381,1148,2,1,0.644,0,0,0,26.14,0,0
TXN103165,208.6,POS,0.391,360,3,0,0.687,0,0,0,,0,0
TXN103166,61.8,POS,0.349,1363,5,2,0.582,0,0,8,16.57,0,0
TXN103167,79.87,Online,0.887,682,1,0,0.2,0,0,23,67.44,0,1
TXN103168,59.28,POS,0.017,3276,5,1,0.872,0,1,0,11.44,0,0
TXN103169,45.22,Online,0.94,3137,1,0,0.135,0,0,14,51.21,0,1
TXN103170,430.18,POS,0.358,2664,2,1,0.707,0,0,16,51.64,1,0
TXN103171,295.48,Online,,1485,1,0,0.25,0,1,5,38.27,0,1
TXN103172,394.12,POS,0.726,57,3,1,0.802,0,0,2,9.36,0,0
TXN103173,154.36,Online,0.388,2007,4,1,0.686,0,1,17,15.06,1,0
TXN103174,322.73,POS,0.617,119,1,0,0.322,0,0,18,52.89,0,0
TXN103175,25.5,POS,0.904,121,3,0,0.8,1,0,13,23.04,0,0
TXN103176,351.81,ATM,0.846,590,5,0,0.806,0,0,18,16.81,0,0
TXN103177,177.17,POS,0.515,1808,2,1,0.55,0,0,13,33.39,1,0
TXN103178,277.86,ATM,0.717,2741,4,0,0.594,0,0,12,34.05,0,0
TXN103179,217.03,POS,0.392,1511,2,0,0.196,0,1,13,24.24,0,1
TXN103180,55.31,POS,0.776,2835,1,1,0.484,0,0,11,76.05,0,0
TXN103181,33.18,POS,0.17,1965,1,0,0.694,0,0,18,,0,0
TXN103182,72.82,Bank Transfer,0.046,3264,2,0,0.162,0,0,6,13.44,0,0
TXN103183,261.1,Online,0.541,1388,1,2,0.423,0,1,17,17.23,0,0
TXN103184,295.92,POS,0.215,1117,4,1,0.506,1,1,9,38.75,1,1
TXN103185,37.79,Online,0.729,303,4,0,0.74,0,0,9,11.62,0,0
TXN103186,55.64,Online,0.101,822,6,0,0.432,0,0,4,35.6,0,0
TXN103187,72.01,ATM,0.008,189,5,1,0.933,0,0,17,1.49,0,0
TXN103188,103.82,Bank Transfer,0.676,658,5,1,0.823,0,1,17,29.07,0,0
TXN103189,38.01,Online,0.501,3468,3,1,0.551,0,0,7,4.73,0,0
TXN103190,35.8,Online,,2000,6,0,0.741,0,0,1,45.69,1,0
TXN103191,65.25,POS,0.247,2215,2,0,0.38,0,0,12,44.57,0,0
TXN103192,161.78,Bank Transfer,0.123,1422,2,0,0.544,1,0,21,18.96,0,0
TXN103193,45.58,Online,0.023,2359,4,0,0.614,0,0,4,35.12,0,0
TXN103194,132.18,POS,0.444,2065,5,1,0.355,0,0,19,43.11,0,0
TXN103195,427.76,Bank Transfer,0.101,3343,4,0,0.861,0,0,4,13.28,0,1
TXN103196,40.38,Bank Transfer,0.776,2909,3,1,0.597,0,0,0,16.53,0,0
TXN103197,120.73,Online,0.072,2024,5,1,0.516,0,0,1,25.5,0,0
TXN103198,413.54,POS,0.921,2859,2,0,0.384,0,0,19,33.55,0,1
TXN103199,97.68,Online,0.541,2258,1,0,0.899,0,0,15,5.72,0,0
TXN103200,83.62,ATM,0.696,3631,4,1,0.378,0,0,21,17.66,0,0
TXN103201,475.09,Online,0.131,1923,2,1,0.212,0,0,20,76.26,0,0
TXN103202,109.27,POS,0.09,3110,4,0,0.178,0,1,9,9.84,0,0
TXN103203,447.87,POS,0.354,667,2,0,0.875,0,0,13,65.83,0,0
TXN103204,227.91,POS,0.52,639,1,0,0.387,0,0,20,163.57,0,1
TXN103205,105.34,POS,0.576,1157,3,2,0.683,0,0,9,18.21,0,0
TXN103206,239.77,ATM,0.33,3010,2,0,0.994,0,0,4,41.76,0,0
TXN103207,204.48,POS,0.273,3231,1,1,0.337,1,0,14,12.68,0,0
TXN103208,411.94,Online,0.981,1482,2,0,0.669,0,1,19,28.62,0,1
TXN103209,85.77,ATM,0.273,1636,3,1,0.592,0,0,20,49.02,0,0
TXN103210,154.66,Online,0.138,1800,4,0,0.161,0,0,22,33.58,1,0
TXN103211,139.56,POS,0.359,769,3,0,0.411,0,0,15,3.14,0,0
TXN103212,300.11,Bank Transfer,0.304,1974,3,0,0.215,0,0,5,13.28,0,0
TXN103213,53.24,POS,0.422,3027,5,0,0.318,0,0,21,11.08,0,0
TXN103214,410.34,Bank Transfer,0.624,2748,3,1,0.873,0,0,15,71.25,0,1
TXN103215,236.59,POS,0.603,346,3,1,0.398,0,1,2,30.68,0,0
TXN103216,39.77,Online,0.698,1310,0,0,0.125,0,0,3,6.46,0,1
TXN103217,496.84,Online,0.157,2345,2,0,0.898,0,1,2,25.8,0,0
TXN103218,1385.88,POS,0.046,2177,4,0,0.93,0,0,19,22.1,0,0
TXN103219,404.17,Online,0.791,2564,6,0,0.589,0,0,2,12.93,1,0
TXN103220,618.31,POS,0.217,2735,6,3,0.418,0,0,22,27.95,0,0
TXN103221,161.64,Online,0.316,1129,5,0,0.832,0,0,15,6.34,0,0
TXN103222,28.18,POS,0.456,1730,3,1,0.189,1,0,19,41.81,0,0
TXN103223,23.47,ATM,0.716,634,3,0,0.652,0,0,8,32.4,1,0
TXN103224,191.54,Online,0.164,2625,2,0,0.233,0,0,20,15.44,0,1
TXN103225,82.11,Online,0.902,1652,3,2,0.874,0,1,1,20.65,0,0
TXN103226,59.47,POS,0.322,1292,5,0,0.791,0,1,13,30.07,0,0
TXN103227,139.39,Online,0.983,2763,2,1,0.91,0,0,19,69.55,0,0
TXN103228,274.67,Online,0.285,3424,0,0,0.97,0,0,2,92.29,0,1
TXN103229,34.72,POS,0.726,3239,4,1,0.817,0,0,20,71.11,0,0
TXN103230,94.74,Online,0.377,518,3,0,0.341,0,0,7,42.46,0,0
TXN103231,671.74,POS,0.837,2981,3,0,,0,0,8,30.85,0,0
TXN103232,50.64,POS,0.462,2082,2,1,0.943,0,0,20,40.17,0,0
TXN103233,354.16,ATM,0.871,426,2,0,0.271,0,0,14,37.76,0,0
TXN103234,91.4,POS,0.754,1433,2,1,0.272,0,1,19,36.27,0,0
TXN103235,256.16,POS,0.586,836,3,1,0.773,0,0,21,83.96,0,0
TXN103236,444.67,Online,0.25,964,4,0,0.666,0,0,19,44.11,0,0
TXN103237,311.46,ATM,0.26,2263,4,0,0.507,0,0,20,38.63,0,0
TXN103238,368.4,POS,0.991,1491,5,0,0.181,1,1,21,13.8,0,1
TXN103239,46.92,POS,0.925,2599,8,0,0.786,0,0,18,33.82,0,0
TXN103240,451.99,Online,0.138,2948,0,1,0.405,0,0,17,12.53,0,0
TXN103241,63.26,Online,0.204,61,5,1,0.919,0,0,4,29.0,0,0
TXN103242,192.39,Online,0.107,3014,3,1,0.636,0,1,5,8.12,0,0
TXN103243,192.14,Online,0.201,546,2,1,0.779,1,0,8,25.72,2,0
TXN103244,241.08,ATM,0.29,51,4,1,0.263,1,0,7,18.69,0,1
TXN103245,207.88,Bank Transfer,0.838,370,8,1,0.708,1,0,1,59.0,0,0
TXN103246,63.83,POS,0.095,214,4,0,0.971,0,0,14,35.67,0,0
TXN103247,38.48,POS,0.882,1264,1,0,0.301,0,0,10,20.87,0,0
TXN103248,355.08,POS,0.972,3069,2,0,0.767,0,1,12,22.5,0,0
TXN103249,178.72,POS,0.282,2494,2,0,0.467,0,0,13,28.14,0,0
TXN103250,468.43,Online,0.456,1630,5,0,0.19,0,1,14,25.08,0,0
TXN103251,141.92,Bank Transfer,0.529,3444,2,0,0.905,0,0,19,17.09,2,0
TXN103252,36.41,POS,0.206,1793,4,0,0.491,1,0,19,31.96,0,0
TXN103253,389.99,POS,0.732,354,3,2,0.412,0,0,2,4.63,1,1
TXN103254,102.48,Online,0.58,101,0,0,0.813,1,0,16,6.38,0,0
TXN103255,208.93,Bank Transfer,0.112,1862,4,0,,0,0,2,8.6,0,0
TXN103256,77.68,POS,0.896,844,2,1,0.631,1,0,7,24.65,0,0
TXN103257,768.39,ATM,0.302,1378,5,1,0.148,0,1,8,16.45,0,0
TXN103258,61.77,ATM,0.156,1150,3,0,0.948,0,0,14,26.03,0,0
TXN103259,105.91,Online,0.982,1471,1,1,0.909,0,0,8,16.59,0,0
TXN103260,165.25,Online,0.103,3513,4,0,0.683,0,0,5,17.07,0,0
TXN103261,49.79,Online,0.06,276,3,0,0.574,0,0,21,43.82,0,0
TXN103262,206.55,POS,0.238,424,6,0,0.801,0,0,21,36.62,1,0
TXN103263,743.9,Online,0.319,1073,8,0,0.735,0,0,18,30.32,0,0
TXN103264,90.88,POS,0.434,2718,1,0,0.485,0,0,21,63.05,0,0
TXN103265,220.33,Online,0.685,943,2,3,0.245,0,1,9,24.35,0,1
TXN103266,9.49,ATM,0.366,931,3,0,0.858,0,0,10,,0,0
TXN103267,142.75,POS,0.559,2630,1,0,0.722,0,0,0,9.7,0,0
TXN103268,108.52,Online,0.006,2208,4,0,0.383,0,0,0,76.98,0,1
TXN103269,65.46,POS,0.385,2353,1,0,0.49,0,1,7,20.95,0,0
TXN103270,437.66,POS,0.945,2417,3,1,0.756,0,0,11,8.24,0,0
TXN103271,107.1,Online,0.775,2333,3,0,0.671,0,0,23,105.85,0,0
TXN103272,124.28,POS,0.741,2040,7,0,0.927,1,0,5,21.28,0,0
TXN103273,101.78,ATM,0.305,1909,3,0,0.127,0,0,9,33.22,0,0
TXN103274,21.83,POS,0.488,2806,1,2,0.665,0,0,12,26.56,0,0
TXN103275,47.85,ATM,0.845,1268,8,0,0.446,0,0,0,14.92,0,0
TXN103276,388.03,POS,0.88,1195,4,0,0.36,0,1,14,35.9,0,0
TXN103277,17.99,POS,0.711,912,2,0,0.91,0,0,8,17.89,0,0
TXN103278,68.97,ATM,0.457,3035,5,0,0.486,0,1,16,12.14,0,0
TXN103279,99.51,Online,0.073,70,3,1,0.481,0,0,11,14.24,0,0
TXN103280,848.63,POS,0.119,787,1,1,0.35,0,0,23,3.79,0,1
TXN103281,320.09,ATM,0.0,565,4,0,0.77,0,0,23,8.99,0,0
TXN103282,85.02,POS,0.359,1382,2,1,0.497,0,0,7,12.22,1,0
TXN103283,547.04,POS,0.023,825,2,0,0.454,0,0,14,7.27,1,0
TXN103284,70.77,Online,0.435,1859,3,0,0.723,0,0,15,15.44,0,0
TXN103285,407.12,Online,0.598,3561,1,1,0.657,0,0,22,28.58,0,0
TXN103286,38.13,Online,0.596,1576,10,0,0.995,0,1,1,21.76,0,0
TXN103287,434.09,ATM,0.555,3543,2,0,0.38,0,0,0,39.32,0,0
TXN103288,98.88,Online,0.226,1148,3,0,0.94,0,0,15,12.91,0,0
TXN103289,53.06,POS,0.519,2808,4,0,0.553,0,0,9,7.53,0,0
TXN103290,119.45,POS,0.98,529,3,0,0.125,1,0,1,22.16,0,0
TXN103291,195.85,POS,0.445,2239,2,1,0.746,0,1,23,27.02,1,0
TXN103292,90.49,ATM,0.874,2750,1,0,0.447,0,0,10,13.0,0,0
TXN103293,258.26,POS,0.381,2451,3,0,0.891,0,0,13,26.66,0,0
TXN103294,82.85,Online,0.623,3424,1,0,0.47,0,0,12,7.31,0,0
TXN103295,275.99,Online,0.482,2203,3,1,0.207,0,1,3,32.54,0,1
TXN103296,230.95,ATM,0.689,2152,4,0,0.708,0,0,7,5.42,0,0
TXN103297,139.64,POS,0.897,2371,2,0,0.409,0,0,11,11.98,0,1
TXN103298,95.45,POS,0.441,1310,1,0,0.658,0,0,10,10.9,0,0
TXN103299,172.7,Bank Transfer,0.757,823,6,0,0.362,1,0,4,27.05,0,0
TXN103300,257.3,Online,0.883,3307,0,0,0.403,1,0,3,42.54,1,1
TXN103301,1166.54,Online,0.79,3565,3,2,0.57,1,1,12,59.32,0,1
TXN103302,379.71,ATM,0.025,3401,4,0,0.562,1,0,20,9.52,0,0
TXN103303,393.86,Bank Transfer,0.0,2769,0,0,0.995,0,0,10,35.88,0,0
TXN103304,3256.84,POS,0.883,839,5,1,0.586,0,0,7,61.36,0,1
TXN103305,248.63,Bank Transfer,0.729,877,2,0,0.644,0,0,21,39.07,0,0
TXN103306,240.96,POS,0.958,1150,7,1,0.87,0,0,23,47.13,0,1
TXN103307,300.07,Bank Transfer,0.292,1889,4,0,0.107,0,0,13,25.62,0,0
TXN103308,54.11,POS,0.788,884,1,0,0.947,0,0,23,10.06,0,0
TXN103309,95.21,POS,0.802,2886,1,0,0.402,0,0,12,8.08,0,0
TXN103310,89.46,POS,0.857,335,2,0,0.843,0,0,4,29.93,0,0
TXN103311,283.61,ATM,0.692,3328,3,0,0.634,0,0,7,33.77,0,1
TXN103312,124.69,Bank Transfer,0.138,1668,6,0,0.868,0,0,10,88.52,1,0
TXN103313,170.41,POS,0.681,1419,5,2,0.445,0,0,7,69.56,0,0
TXN103314,440.3,POS,0.604,1659,4,1,0.868,0,0,2,24.97,0,0
TXN103315,351.83,POS,0.334,1781,5,0,0.938,0,0,22,35.89,0,0
TXN103316,126.25,POS,0.209,2026,2,0,0.368,0,0,14,49.4,0,0
TXN103317,75.94,ATM,0.885,1151,3,0,0.659,0,0,9,41.83,0,0
TXN103318,461.87,POS,0.142,1130,4,0,0.288,0,0,11,38.71,0,0
TXN103319,321.79,Bank Transfer,0.422,1393,6,1,0.694,0,0,21,37.4,0,0
TXN103320,29.78,Bank Transfer,0.623,594,4,0,0.936,0,1,8,2.85,0,0
TXN103321,108.51,POS,0.972,854,4,0,0.683,1,0,10,12.81,0,1
TXN103322,175.13,Online,0.671,1545,6,0,0.761,0,0,7,6.01,0,0
TXN103323,323.38,Bank Transfer,0.305,138,4,0,0.89,0,0,16,18.17,0,0
TXN103324,368.74,ATM,0.061,1549,2,0,0.711,0,0,9,14.17,0,0
TXN103325,197.14,Online,0.318,1537,2,0,0.327,0,1,22,16.4,0,1
TXN103326,266.47,POS,0.293,39,5,1,0.696,0,0,10,22.62,0,0
TXN103327,158.24,POS,0.819,1733,4,0,0.935,0,0,21,9.6,0,0
TXN103328,75.65,ATM,0.377,2425,2,1,0.751,0,0,23,36.69,0,0
TXN103329,114.29,POS,0.098,2853,1,0,0.341,0,0,15,2.89,0,0
TXN103330,151.26,Online,0.87,1431,1,0,0.91,0,0,2,20.47,0,0
TXN103331,143.35,ATM,0.018,1921,2,0,0.932,0,0,13,74.07,1,0
TXN103332,22.52,Online,0.003,313,2,0,0.313,0,0,16,45.65,0,0
TXN103333,99.73,POS,0.475,1211,1,0,0.43,1,0,0,7.98,0,1
TXN103334,156.99,Online,0.069,2432,1,1,0.201,0,0,1,9.19,0,0
TXN103335,112.01,Bank Transfer,0.177,1706,2,0,0.934,0,1,20,52.03,0,0
TXN103336,115.95,POS,0.985,3483,4,0,0.62,0,0,20,29.18,0,0
TXN103337,241.77,POS,0.844,2912,4,0,0.392,0,0,3,8.25,0,0
TXN103338,50.45,Bank Transfer,0.764,3313,6,0,0.345,0,0,1,13.88,0,1
TXN103339,29.14,Online,0.671,1771,3,0,0.609,1,1,8,20.38,0,1
TXN103340,104.78,Online,0.048,307,3,1,0.972,0,0,1,14.74,1,0
TXN103341,318.66,ATM,0.836,2039,4,0,,0,0,17,35.27,0,0
TXN103342,802.36,Online,0.471,3454,1,0,0.983,0,0,18,21.86,0,0
TXN103343,324.45,Bank Transfer,0.098,656,4,0,0.767,0,0,12,9.56,0,0
TXN103344,34.18,ATM,0.301,3506,2,0,0.734,0,0,0,19.54,0,0
TXN103345,117.64,POS,0.502,57,3,0,0.238,0,0,0,32.46,0,1
TXN103346,191.83,POS,0.014,2253,4,1,0.276,0,0,2,25.35,0,0
TXN103347,177.26,POS,0.252,3395,2,1,0.765,0,0,2,23.79,0,0
TXN103348,254.5,Online,0.336,794,4,0,0.249,1,0,7,44.73,0,1
TXN103349,59.32,Online,0.464,1000,3,0,0.595,0,0,17,18.12,0,0
TXN103350,158.37,Online,0.002,2952,1,0,0.561,0,0,8,24.05,0,0
TXN103351,225.95,Bank Transfer,0.565,1288,4,1,0.752,0,1,12,18.95,0,1
TXN103352,338.89,Online,0.198,2401,3,0,0.596,0,0,0,83.67,1,0
TXN103353,66.31,ATM,0.597,445,3,1,0.296,0,0,14,4.11,0,0
TXN103354,105.09,Online,0.239,2462,7,1,0.803,0,0,5,19.81,0,0
TXN103355,9.94,Online,0.403,1887,2,0,0.806,0,0,2,111.36,0,0
TXN103356,79.72,POS,0.624,1842,2,0,0.136,0,0,4,43.55,0,0
TXN103357,87.85,Online,0.657,2698,4,1,0.588,0,0,3,14.99,0,0
TXN103358,53.54,Online,0.031,1650,1,0,0.174,0,0,3,20.93,0,1
TXN103359,175.14,POS,0.535,2513,0,0,0.205,0,0,7,28.71,0,0
TXN103360,140.34,ATM,0.817,1572,7,1,0.151,0,0,18,41.89,0,1
TXN103361,15.5,Online,0.206,3127,5,0,0.784,0,1,1,3.77,0,0
TXN103362,184.11,POS,0.532,2042,1,0,0.61,0,0,22,63.36,0,0
TXN103363,58.66,ATM,0.448,1067,5,0,0.556,0,0,14,9.26,0,0
TXN103364,241.22,POS,0.85,3211,3,0,0.292,0,0,10,55.33,0,0
TXN103365,41.19,Online,0.439,1169,4,1,0.121,0,0,0,8.19,0,0
TXN103366,152.93,Online,0.944,3441,2,1,0.301,0,0,20,10.9,0,0
TXN103367,111.81,POS,0.652,3525,3,0,0.388,0,0,16,40.16,0,0
TXN103368,200.96,Online,0.561,2049,4,0,0.878,0,0,1,35.75,1,0
TXN103369,168.12,POS,0.292,1682,3,2,0.232,0,0,5,97.53,0,0
TXN103370,114.99,POS,0.597,991,6,0,0.289,0,0,1,19.26,0,0
TXN103371,31.94,Online,0.131,3050,2,0,0.224,0,0,13,15.03,0,0
TXN103372,33.88,POS,0.416,1002,3,3,0.804,0,0,12,9.22,0,0
TXN103373,82.77,Bank Transfer,0.284,2243,3,0,0.23,0,0,6,24.36,0,0
TXN103374,147.19,Online,0.67,2940,5,0,0.191,0,1,15,29.66,0,0
TXN103375,80.78,POS,0.764,684,2,0,0.559,0,0,4,3.37,0,0
TXN103376,277.33,Bank Transfer,0.929,654,4,0,0.556,0,0,0,19.19,0,0
TXN103377,112.26,Online,0.222,3495,2,0,0.499,0,0,19,71.35,0,0
TXN103378,56.54,Online,0.885,3604,2,0,0.87,0,0,8,32.71,0,0
TXN103379,112.38,Online,0.846,1204,3,0,0.601,0,0,10,98.01,0,0
TXN103380,186.02,Bank Transfer,0.862,870,1,1,0.121,0,0,5,9.15,0,0
TXN103381,205.38,POS,0.74,2353,3,0,0.385,0,0,16,39.24,0,0
TXN103382,971.05,POS,0.268,2142,2,2,0.798,0,0,11,20.59,0,0
TXN103383,76.03,Bank Transfer,0.878,951,6,1,0.227,0,0,9,17.67,0,0
TXN103384,137.9,POS,0.6,810,4,0,0.861,0,0,3,13.6,0,0
TXN103385,227.27,Online,0.741,2113,4,0,0.563,1,0,1,24.0,0,0
TXN103386,144.98,Online,0.205,1025,5,0,0.397,0,0,15,34.36,0,0
TXN103387,89.96,Online,0.157,1988,0,0,0.298,0,0,22,13.49,0,0
TXN103388,31.52,ATM,0.277,2518,4,2,0.39,0,0,8,37.55,0,0
TXN103389,89.05,Bank Transfer,0.511,974,2,0,0.149,0,0,13,38.07,0,0
TXN103390,50.72,POS,0.417,2099,3,0,0.603,0,0,17,41.11,0,0
TXN103391,26.4,Online,0.888,3609,4,0,0.331,0,0,1,17.03,0,1
TXN103392,66.98,Online,0.013,1976,1,0,0.887,0,0,10,12.61,1,0
TXN103393,52.09,POS,0.08,539,1,0,0.228,0,0,22,16.36,0,0
TXN103394,266.08,Bank Transfer,0.325,2690,2,0,0.518,0,0,12,30.04,0,0
TXN103395,270.72,Online,0.168,1633,2,1,0.752,0,1,18,9.35,0,0
TXN103396,60.11,POS,0.407,2624,4,0,0.777,0,1,2,12.85,0,0
TXN103397,114.41,ATM,0.718,143,4,0,0.299,0,0,16,6.22,0,0
TXN103398,23.14,Bank Transfer,0.993,2606,3,0,0.957,0,0,11,24.04,0,0
TXN103399,90.53,POS,0.202,2501,0,0,0.954,0,1,15,14.18,0,0
TXN103400,221.18,ATM,,43,3,0,0.474,0,0,4,3.2,0,0
TXN103401,338.64,POS,0.769,1702,7,1,0.513,0,0,11,5.21,0,0
TXN103402,72.74,POS,0.272,1731,1,2,0.401,0,0,12,15.82,0,0
TXN103403,424.9,POS,0.704,2057,1,1,0.456,0,0,22,11.13,0,0
TXN103404,32.6,ATM,0.583,2261,3,0,0.812,0,0,14,30.71,0,0
TXN103405,42.62,POS,0.855,2558,0,1,0.559,0,0,9,30.95,0,0
TXN103406,301.77,POS,0.033,3336,1,0,0.905,0,0,4,5.48,0,0
TXN103407,789.28,ATM,0.98,2795,0,0,0.47,0,0,17,7.37,0,1
TXN103408,243.09,Online,0.964,1154,4,2,0.724,0,0,9,15.32,0,0
TXN103409,142.54,POS,0.022,3526,5,0,0.761,0,0,20,8.59,0,0
TXN103410,16.52,POS,0.5,1761,3,0,0.401,0,0,21,3.79,0,0
TXN103411,19.64,ATM,0.401,3157,7,0,0.92,0,0,14,21.6,0,0
TXN103412,168.92,Online,0.254,1786,0,0,0.558,0,0,21,54.08,2,0
TXN103413,103.75,ATM,0.978,1202,3,0,0.556,0,0,11,13.47,0,0
TXN103414,49.12,POS,0.175,2646,0,0,0.145,0,0,1,24.27,0,0
TXN103415,158.46,Online,0.264,2662,3,0,0.865,0,0,3,12.3,0,0
TXN103416,166.52,ATM,0.008,466,5,0,0.649,0,0,6,23.68,0,0
TXN103417,381.62,POS,0.58,304,0,0,0.306,0,0,16,40.19,0,0
TXN103418,170.14,POS,0.861,2773,1,0,0.383,0,0,8,67.8,0,1
TXN103419,506.94,Online,0.622,523,4,1,0.43,0,0,8,61.32,0,1
TXN103420,149.6,POS,0.652,1691,1,0,0.851,0,0,11,43.86,0,0
TXN103421,132.25,POS,0.066,1693,1,0,0.825,0,0,23,13.74,0,0
TXN103422,430.23,Bank Transfer,0.715,1620,1,0,0.587,0,0,18,125.99,0,1
TXN103423,55.79,Online,0.409,1693,4,1,0.806,1,0,22,59.32,0,0
TXN103424,2476.12,Online,0.474,3471,3,0,0.611,0,0,20,14.62,0,0
TXN103425,216.0,POS,0.585,1860,4,0,0.233,0,0,6,20.42,0,0
TXN103426,217.2,Online,0.975,3171,2,0,0.299,0,0,8,28.29,0,0
TXN103427,250.91,Online,0.748,1750,1,0,0.392,0,0,13,17.62,0,0
TXN103428,969.85,Bank Transfer,0.684,1737,1,0,0.305,0,0,4,10.86,0,0
TXN103429,327.83,Online,0.432,2351,2,0,0.91,0,0,5,31.93,0,0
TXN103430,29.81,ATM,0.034,876,1,1,0.276,0,0,23,38.66,0,0
TXN103431,603.94,POS,0.539,3484,3,0,0.187,0,0,15,14.68,0,0
TXN103432,105.54,Online,0.661,3403,5,0,0.852,0,0,16,16.86,0,0
TXN103433,165.2,Bank Transfer,0.704,655,6,0,0.227,0,0,23,20.27,0,0
TXN103434,41.3,Online,0.608,561,0,1,0.104,0,0,14,28.24,0,0
TXN103435,251.19,Online,0.3,1324,1,3,0.711,0,1,1,23.67,0,0
TXN103436,77.37,Bank Transfer,0.221,718,1,0,0.235,1,0,15,11.66,0,0
TXN103437,164.05,Bank Transfer,0.09,298,4,0,0.457,0,1,6,24.91,0,0
TXN103438,111.71,POS,0.703,2955,2,0,0.392,0,0,4,43.08,1,0
TXN103439,1017.41,POS,0.971,753,2,0,0.966,0,0,14,10.94,0,0
TXN103440,1077.35,Online,0.525,1364,4,0,0.189,0,0,23,29.3,0,0
TXN103441,155.48,Bank Transfer,0.673,3604,4,0,0.151,0,0,2,74.66,0,0
TXN103442,158.22,Online,0.693,1474,2,0,0.8,0,1,14,64.03,1,0
TXN103443,102.16,POS,0.161,173,1,0,0.4,0,0,14,78.53,0,0
TXN103444,448.54,Online,0.192,911,5,0,0.607,0,0,13,25.94,0,0
TXN103445,106.81,POS,0.208,803,3,2,0.109,0,0,19,44.57,0,1
TXN103446,97.38,POS,0.933,2042,7,0,0.99,0,0,8,20.39,0,0
TXN103447,394.88,POS,0.016,1573,5,0,0.687,0,1,11,64.94,0,0
TXN103448,86.63,POS,0.541,308,4,0,0.69,0,0,18,30.18,0,0
TXN103449,142.91,ATM,0.377,1089,1,0,0.775,1,0,3,41.18,1,0
TXN103450,30.53,POS,0.659,1725,5,1,0.427,0,0,0,9.88,0,0
TXN103451,300.12,POS,0.22,2003,2,0,0.462,0,0,8,42.8,0,0
TXN103452,1033.67,Online,0.961,1541,0,0,0.494,0,0,17,31.36,0,1
TXN103453,305.28,POS,0.331,3615,0,0,0.814,0,0,3,44.11,0,0
TXN103454,640.21,Online,0.926,1808,7,0,0.176,0,1,19,33.91,0,1
TXN103455,63.68,POS,0.589,2578,6,0,0.36,1,0,21,9.16,0,1
TXN103456,187.98,POS,0.414,2099,4,0,0.803,0,0,3,38.58,0,0
TXN103457,57.79,Online,0.734,1499,2,0,0.162,0,0,13,10.18,1,0
TXN103458,118.18,POS,0.553,132,3,0,0.953,0,0,23,35.17,0,0
TXN103459,321.25,POS,0.139,2502,3,0,0.597,0,1,17,34.94,0,0
TXN103460,164.32,POS,0.704,3141,6,1,0.21,0,0,13,34.02,0,0
TXN103461,36.14,POS,0.579,3187,2,0,0.277,0,0,13,14.19,0,0
TXN103462,39.84,POS,0.566,2901,1,0,0.285,0,0,14,65.0,0,0
TXN103463,37.29,POS,0.738,858,0,0,0.268,0,0,23,25.21,0,1
TXN103464,242.61,POS,0.653,1664,3,0,0.567,0,0,21,68.25,0,0
TXN103465,1168.99,POS,0.366,2625,3,0,0.828,0,0,23,9.51,0,0
TXN103466,579.67,Bank Transfer,0.318,2678,5,0,0.246,0,0,12,20.29,0,1
TXN103467,22.29,POS,0.251,2252,3,1,0.145,0,0,11,44.76,0,0
TXN103468,614.66,POS,0.575,208,3,0,0.131,0,0,16,15.21,0,0
TXN103469,378.57,Online,0.3,2686,2,0,0.213,1,0,2,55.26,0,0
TXN103470,31.65,POS,0.12,2077,1,2,0.281,0,0,14,15.11,1,0
TXN103471,109.6,ATM,0.783,334,2,0,0.469,0,0,17,37.7,0,0
TXN103472,443.87,POS,0.209,1980,6,0,0.768,0,0,21,6.11,0,0
TXN103473,257.35,Online,0.165,2683,2,0,0.122,1,0,16,14.73,0,0
TXN103474,40.08,Bank Transfer,0.849,3416,1,3,0.355,0,0,9,9.13,0,0
TXN103475,273.35,POS,0.702,2882,2,0,0.123,0,1,12,28.08,0,0
TXN103476,17.51,POS,0.766,978,2,0,0.992,0,0,3,7.8,0,0
TXN103477,118.77,Online,0.35,2517,4,1,0.724,0,0,3,20.75,1,0
TXN103478,463.11,Bank Transfer,0.617,2473,3,0,0.279,0,0,14,84.24,0,0
TXN103479,151.17,Online,0.932,744,2,0,0.192,0,0,19,7.37,0,0
TXN103480,90.11,Online,0.283,3034,2,1,0.355,0,1,22,10.89,0,0
TXN103481,361.17,POS,0.069,614,3,0,0.763,0,1,2,18.42,0,0
TXN103482,393.37,Online,0.171,2745,2,0,0.998,0,0,12,3.83,0,0
TXN103483,550.07,POS,0.897,2702,4,0,0.339,0,0,5,8.46,0,1
TXN103484,355.79,Online,0.282,3510,1,1,0.831,0,1,15,88.57,0,0
TXN103485,437.63,POS,0.491,2374,2,1,0.848,1,0,14,24.4,0,0
TXN103486,308.87,Online,0.535,291,2,0,0.709,0,0,22,3.78,0,0
TXN103487,193.55,POS,0.96,3590,2,0,0.562,0,0,11,17.79,0,0
TXN103488,162.31,Online,0.301,1418,1,1,0.936,0,0,15,2.54,0,0
TXN103489,117.07,ATM,0.521,1676,5,0,0.691,1,1,20,44.64,0,0
TXN103490,44.15,ATM,0.958,3171,1,1,0.569,0,0,3,16.74,0,0
TXN103491,57.09,Bank Transfer,0.201,860,4,0,0.65,0,0,20,7.4,0,0
TXN103492,111.94,Online,0.598,2427,3,0,0.795,0,0,8,58.09,0,1
TXN103493,188.94,Online,0.064,2816,7,0,0.218,0,0,3,57.02,0,1
TXN103494,626.92,POS,0.263,1947,2,0,0.85,1,0,0,20.79,0,0
TXN103495,142.34,Bank Transfer,0.069,2739,3,0,0.864,0,0,13,25.72,0,0
TXN103496,404.83,Online,0.33,2611,3,0,0.417,1,0,0,47.1,0,1
TXN103497,436.73,Online,0.206,1922,1,0,0.158,0,1,1,25.32,0,0
TXN103498,117.75,Online,0.798,361,4,0,0.801,0,0,1,37.21,0,0
TXN103499,268.99,ATM,0.463,2730,4,0,0.888,0,1,18,0.79,0,0
TXN103500,116.33,ATM,0.405,2888,3,1,0.621,0,0,1,17.01,0,0
TXN103501,556.76,ATM,0.692,1154,2,0,0.773,1,0,7,58.28,0,0
TXN103502,280.3,Online,0.947,2992,1,0,0.788,0,1,9,31.84,0,0
TXN103503,45.13,POS,0.302,810,3,0,0.361,0,0,19,8.52,0,0
TXN103504,174.43,Bank Transfer,0.067,649,2,0,0.202,0,1,19,8.76,0,1
TXN103505,771.33,Online,0.11,486,3,0,0.891,0,0,14,25.11,0,0
TXN103506,123.81,Online,0.857,2029,5,0,0.325,1,0,22,25.0,0,0
TXN103507,232.23,Online,0.846,1081,4,0,0.49,0,1,14,64.28,0,0
TXN103508,256.18,Online,0.475,2544,4,0,0.888,0,0,16,14.35,1,0
TXN103509,52.63,Online,0.148,2399,6,1,0.388,0,0,20,16.53,0,0
TXN103510,247.33,Online,0.526,1574,4,0,0.475,0,0,10,16.93,0,0
TXN103511,36.82,Bank Transfer,0.668,965,10,0,0.126,0,0,4,16.1,0,1
TXN103512,79.39,ATM,0.332,3343,3,0,0.169,0,0,15,20.69,0,0
TXN103513,435.16,Online,0.083,3228,3,0,0.694,0,0,13,6.11,0,0
TXN103514,212.04,POS,0.322,1286,3,1,0.951,1,0,10,38.36,1,0
TXN103515,109.46,Online,0.691,934,2,1,0.21,0,0,0,51.17,0,0
TXN103516,231.94,Online,0.978,2940,2,0,0.919,0,0,16,40.01,0,0
TXN103517,139.76,Online,0.19,2507,4,1,0.202,0,1,18,45.99,0,0
TXN103518,150.29,Bank Transfer,0.915,1683,1,0,0.894,0,0,0,104.41,0,0
TXN103519,286.24,POS,0.457,1939,1,0,0.9,0,0,9,24.19,0,0
TXN103520,71.71,POS,0.663,2654,4,0,0.128,0,0,17,69.13,0,1
TXN103521,154.52,Bank Transfer,0.864,795,2,0,0.412,0,0,3,41.11,1,1
TXN103522,108.61,Bank Transfer,0.557,3637,4,0,0.294,0,0,19,12.77,0,0
TXN103523,30.4,Online,0.061,2043,5,0,0.985,0,0,7,82.58,0,0
TXN103524,59.12,POS,0.266,489,4,2,0.366,0,0,21,22.28,0,0
TXN103525,712.09,Online,0.803,3486,4,0,0.594,0,0,21,30.18,0,1
TXN103526,218.05,Online,0.553,3637,5,1,0.481,0,0,23,34.18,0,0
TXN103527,39.5,Online,0.329,3447,8,0,0.573,0,0,3,25.18,0,0
TXN103528,31.81,POS,0.583,2558,1,0,0.707,0,0,12,71.2,0,0
TXN103529,132.67,POS,0.269,1085,5,0,0.423,0,0,0,27.67,0,0
TXN103530,707.11,Online,0.241,1950,2,0,0.907,0,0,4,9.85,0,0
TXN103531,123.13,Online,0.828,1972,1,0,0.308,0,0,15,45.84,0,0
TXN103532,548.4,Online,0.4,1873,7,1,0.877,0,0,12,40.07,0,0
TXN103533,211.02,POS,0.274,576,2,0,0.608,0,0,12,23.02,0,0
TXN103534,237.76,POS,0.409,1155,0,0,0.933,0,0,13,69.24,0,0
TXN103535,39.03,POS,0.921,1727,3,0,0.855,0,1,12,40.04,0,0
TXN103536,378.99,Bank Transfer,0.181,1943,3,0,0.78,0,1,11,5.32,0,0
TXN103537,106.17,Online,0.185,1193,2,0,0.403,0,0,0,10.57,0,0
TXN103538,351.81,Online,0.354,2674,4,0,0.297,0,0,2,23.95,0,0
TXN103539,65.75,Online,0.06,3394,3,0,0.914,0,0,12,52.33,0,0
TXN103540,177.16,Bank Transfer,0.075,1719,5,0,0.234,0,0,19,13.57,0,0
TXN103541,211.03,POS,0.011,2320,1,0,0.126,0,0,13,27.28,1,0
TXN103542,127.23,Online,0.146,726,2,2,0.854,0,0,10,41.52,0,0
TXN103543,222.42,ATM,0.64,699,4,0,,0,0,8,60.91,0,0
TXN103544,113.7,POS,0.196,293,5,0,0.926,0,0,2,38.34,0,0
TXN103545,77.55,Online,0.378,3622,4,1,0.77,0,0,20,44.06,0,0
TXN103546,739.14,Online,0.706,1122,2,0,0.854,0,0,10,7.3,0,0
TXN103547,423.67,Bank Transfer,0.032,2542,2,1,0.216,0,0,0,59.37,0,1
TXN103548,69.35,ATM,0.209,2288,2,2,0.647,0,0,4,10.49,0,0
TXN103549,262.03,POS,0.996,517,9,0,0.924,0,0,23,26.46,0,0
TXN103550,70.62,ATM,0.597,632,3,0,0.914,0,0,18,34.85,0,0
TXN103551,45.39,Online,0.66,2924,4,1,0.909,0,1,9,10.67,0,0
TXN103552,417.3,Online,0.516,2910,6,1,0.741,0,0,1,11.15,1,0
TXN103553,27.0,POS,0.966,2048,1,1,0.428,0,1,2,24.07,0,0
TXN103554,374.97,POS,0.144,1276,5,0,0.274,0,1,9,45.22,0,0
TXN103555,115.27,Online,0.067,1478,4,0,0.171,0,0,10,21.02,0,0
TXN103556,120.12,Online,0.816,2893,6,1,0.187,0,1,17,19.72,1,1
TXN103557,223.58,Bank Transfer,0.004,740,2,0,0.242,0,0,10,33.11,0,1
TXN103558,265.39,POS,0.562,348,2,2,0.607,1,0,9,28.39,0,1
TXN103559,64.95,Online,0.001,1036,3,0,0.127,1,0,5,36.04,0,0
TXN103560,304.21,POS,0.348,716,3,0,0.258,0,0,22,17.88,0,0
TXN103561,166.23,Online,0.651,635,4,1,0.422,0,1,16,37.26,0,0
TXN103562,42.26,POS,0.547,1709,5,0,0.679,0,0,19,18.96,0,1
TXN103563,125.23,Online,0.56,2938,4,0,0.868,0,0,17,27.33,0,0
TXN103564,590.68,POS,0.157,2533,4,1,0.467,0,0,2,14.94,0,1
TXN103565,793.61,Online,0.295,1018,2,0,0.416,0,0,21,5.67,0,0
TXN103566,304.1,POS,0.71,1565,4,0,0.567,0,0,11,30.79,0,1
TXN103567,45.13,ATM,0.023,1731,5,1,0.637,0,0,20,19.59,0,0
TXN103568,242.4,POS,0.595,1439,6,1,0.423,0,0,7,16.37,0,0
TXN103569,347.53,Online,0.517,3533,4,1,0.681,0,1,21,17.34,0,0
TXN103570,306.65,Online,0.344,3468,1,0,0.46,1,0,23,14.76,1,1
TXN103571,325.37,POS,0.335,3630,5,0,0.276,0,0,12,32.57,0,1
TXN103572,213.42,POS,0.799,1547,0,0,0.862,0,0,21,11.35,0,1
TXN103573,138.05,POS,0.382,2894,3,0,0.286,0,0,4,9.65,0,0
TXN103574,80.77,Online,0.08,2693,3,1,0.811,0,0,18,17.43,0,0
TXN103575,22.24,Bank Transfer,0.962,2922,3,1,0.628,0,0,11,36.65,0,0
TXN103576,208.44,POS,0.13,614,3,0,0.78,0,0,5,20.26,1,0
TXN103577,178.76,Online,0.797,3450,5,0,0.107,0,1,1,12.96,0,0
TXN103578,259.19,Online,0.014,3427,1,1,0.295,0,0,18,24.31,0,0
TXN103579,38.96,Online,0.364,2914,1,1,0.497,0,0,22,57.19,0,0
TXN103580,282.88,Online,0.515,2103,6,0,0.881,0,0,4,26.08,0,0
TXN103581,1158.11,Bank Transfer,0.03,1662,0,1,0.192,0,0,14,31.21,0,0
TXN103582,160.53,Online,0.734,928,3,0,0.61,0,0,10,18.36,0,0
TXN103583,139.54,ATM,0.261,248,1,1,0.857,0,0,21,28.16,0,0
TXN103584,202.15,POS,0.541,3510,5,0,0.114,0,0,5,26.46,0,1
TXN103585,1132.67,ATM,0.792,784,8,0,0.133,0,0,4,31.98,0,1
TXN103586,53.32,Bank Transfer,0.591,1266,6,0,0.457,0,0,6,37.81,0,0
TXN103587,181.85,Bank Transfer,0.456,1639,4,0,0.183,1,0,3,41.49,0,0
TXN103588,66.71,POS,0.336,2478,4,1,0.177,0,1,17,78.48,1,0
TXN103589,85.88,ATM,0.045,990,6,1,0.292,0,0,0,13.06,0,0
TXN103590,141.23,POS,0.913,810,3,0,0.53,0,0,8,26.95,0,0
TXN103591,570.96,Online,0.592,1221,3,0,0.4,1,0,12,15.37,1,0
TXN103592,898.74,POS,0.632,1224,2,0,0.975,0,1,16,40.92,0,0
TXN103593,232.33,Online,0.441,243,4,1,0.503,0,0,18,43.15,0,0
TXN103594,101.84,Online,0.373,1446,1,1,0.618,0,0,12,73.81,0,0
TXN103595,1794.96,POS,0.047,2028,2,0,0.438,0,1,21,25.65,0,0
TXN103596,96.78,POS,0.169,1648,4,0,0.194,1,1,19,46.77,0,1
TXN103597,83.84,POS,0.426,1302,2,0,0.478,0,0,10,26.62,0,0
TXN103598,25.16,Online,0.242,3350,2,0,0.506,0,0,8,12.06,0,0
TXN103599,599.5,ATM,0.044,967,2,0,0.956,0,0,13,34.09,1,0
TXN103600,390.82,ATM,0.546,3082,1,0,0.904,0,0,17,23.7,0,0
TXN103601,1665.37,ATM,0.464,2239,8,0,0.104,0,0,5,63.88,0,0
TXN103602,36.98,ATM,0.421,2390,1,0,0.349,0,0,0,44.36,0,0
TXN103603,637.89,POS,0.784,1031,5,0,0.619,1,0,6,14.28,0,0
TXN103604,159.2,Online,0.6,3527,2,0,0.736,0,0,11,35.3,0,0
TXN103605,332.32,Online,0.001,1754,3,0,0.502,0,0,11,27.16,0,0
TXN103606,28.57,POS,0.762,1865,4,1,0.741,0,0,11,16.17,0,0
TXN103607,644.25,Online,0.483,921,2,1,0.747,0,0,22,11.2,0,0
TXN103608,325.88,ATM,0.517,1762,4,1,0.74,0,0,11,20.9,0,0
TXN103609,142.75,Online,0.89,2493,3,1,0.327,0,0,6,6.04,0,0
TXN103610,282.91,ATM,0.109,3421,3,0,0.108,0,0,17,5.77,1,0
TXN103611,69.03,POS,0.599,3122,2,0,0.274,0,0,0,44.29,0,0
TXN103612,83.14,ATM,0.282,596,2,0,0.416,0,0,19,10.74,0,0
TXN103613,93.37,POS,0.037,325,5,1,0.503,0,1,12,19.51,0,0
TXN103614,23.27,Bank Transfer,0.437,3478,5,0,0.181,0,0,11,27.54,0,0
TXN103615,351.34,POS,0.284,2997,3,1,0.725,0,0,12,3.74,0,0
TXN103616,488.62,Online,0.001,577,4,0,0.229,0,0,0,20.68,0,0
TXN103617,73.6,Online,0.493,3113,0,1,0.359,0,0,2,18.33,0,0
TXN103618,210.23,POS,0.311,2787,5,0,0.39,0,0,10,20.15,0,0
TXN103619,113.8,POS,0.434,3523,5,0,0.629,0,0,8,68.17,0,0
TXN103620,206.08,POS,0.012,611,3,0,0.761,1,0,17,34.94,0,0
TXN103621,79.24,Online,0.402,3026,1,2,0.378,0,0,5,30.16,0,0
TXN103622,61.35,Bank Transfer,0.47,1351,2,0,0.854,1,0,6,0.34,0,0
TXN103623,424.99,POS,0.466,2029,3,0,0.42,0,0,14,50.73,0,0
TXN103624,139.23,Online,0.717,966,3,2,0.826,0,1,11,10.3,0,0
TXN103625,1121.15,Bank Transfer,0.991,284,3,1,0.244,0,0,20,31.12,0,1
TXN103626,155.45,Online,0.028,2552,4,0,0.423,0,0,6,50.15,1,0
TXN103627,58.79,ATM,0.396,299,3,0,0.625,0,0,16,46.46,0,0
TXN103628,506.2,Online,0.857,1714,8,1,0.554,0,0,2,24.33,0,1
TXN103629,278.89,Online,0.626,742,2,0,0.425,0,0,18,28.49,0,1
TXN103630,307.01,POS,0.984,3359,3,0,0.291,0,0,0,48.01,0,1
TXN103631,488.14,POS,0.713,1648,3,0,0.554,0,1,18,33.63,0,0
TXN103632,77.26,Online,0.724,702,0,1,0.183,0,0,18,6.04,0,0
TXN103633,130.68,ATM,0.076,3488,2,0,0.456,0,0,0,32.03,0,1
TXN103634,125.03,POS,0.275,2520,3,1,0.164,0,1,1,30.28,0,0
TXN103635,40.82,Bank Transfer,0.584,664,1,0,0.49,0,0,12,13.2,0,0
TXN103636,114.02,POS,0.522,1313,4,1,0.967,0,0,6,43.4,0,0
TXN103637,564.75,Online,0.763,1980,3,0,0.537,0,0,6,38.12,0,0
TXN103638,188.17,Bank Transfer,0.994,2844,1,1,0.629,1,0,14,36.18,0,0
TXN103639,38.63,Bank Transfer,0.207,3643,2,2,,0,0,16,23.11,0,0
TXN103640,31.32,Online,0.428,3073,2,1,0.296,0,0,10,77.09,1,0
TXN103641,784.29,POS,0.867,79,3,0,0.197,0,0,19,23.83,0,0
TXN103642,135.6,POS,0.838,1753,4,0,0.4,0,0,15,75.19,0,1
TXN103643,77.68,POS,0.817,200,0,1,0.563,0,1,5,32.85,0,0
TXN103644,112.84,ATM,0.62,1123,3,0,0.727,0,1,3,22.46,0,0
TXN103645,33.88,POS,0.993,1007,2,0,0.683,0,0,22,24.98,0,0
TXN103646,615.91,Online,0.358,993,4,0,0.575,0,0,1,26.28,0,1
TXN103647,100.18,POS,0.116,845,2,0,0.42,0,0,21,3.13,0,0
TXN103648,582.54,Online,0.133,1478,4,0,0.334,0,0,22,25.4,0,0
TXN103649,156.28,POS,0.436,1834,3,2,0.769,0,0,19,110.55,0,0
TXN103650,619.88,Online,0.805,3485,2,1,0.902,0,0,16,32.51,0,0
TXN103651,191.85,Online,0.453,1552,4,1,0.669,1,0,21,31.08,1,0
TXN103652,348.36,Bank Transfer,0.611,115,6,0,0.19,0,0,11,25.41,0,1
TXN103653,304.63,Bank Transfer,0.358,2142,3,0,0.816,0,1,0,17.31,0,0
TXN103654,276.8,Online,0.715,1118,4,0,0.631,1,0,16,11.68,0,0
TXN103655,210.17,POS,0.153,562,6,0,0.688,0,0,6,42.79,1,1
TXN103656,117.58,Bank Transfer,0.52,2457,3,0,0.723,0,0,8,8.85,0,0
TXN103657,1007.71,Bank Transfer,0.185,2512,1,0,0.516,0,1,2,18.18,0,0
TXN103658,59.92,Bank Transfer,0.469,1293,5,1,0.559,0,1,22,10.86,0,0
TXN103659,149.05,Online,0.43,807,3,0,0.381,0,1,23,10.29,1,0
TXN103660,150.64,POS,0.605,1803,1,0,0.663,0,1,10,16.93,0,0
TXN103661,221.95,ATM,0.51,1666,4,0,0.545,0,0,9,45.43,0,1
TXN103662,96.6,Online,0.976,3539,2,0,0.408,0,0,11,16.61,1,0
TXN103663,203.31,POS,0.9,150,3,0,0.307,0,0,22,50.7,0,1
TXN103664,125.36,Online,0.294,679,2,0,0.665,1,1,23,2.53,0,0
TXN103665,30.51,Online,0.121,2918,4,1,0.504,0,0,13,30.96,0,0
TXN103666,149.84,POS,0.065,3462,3,1,0.283,0,0,8,7.61,0,0
TXN103667,49.37,Online,0.198,2300,0,0,0.801,0,0,20,39.34,0,0
TXN103668,26.2,Online,0.222,1174,0,0,0.586,0,0,0,60.59,0,0
TXN103669,170.18,Online,0.889,785,3,0,0.669,0,0,5,47.14,0,0
TXN103670,241.74,POS,0.925,3085,1,0,0.606,0,0,15,11.77,0,0
TXN103671,251.31,Bank Transfer,0.23,2208,0,3,0.663,0,1,2,54.78,0,0
TXN103672,261.69,Online,0.759,1507,3,0,0.18,0,1,18,9.67,0,1
TXN103673,21.49,Online,0.836,1611,4,1,0.357,0,0,2,11.82,0,1
TXN103674,38.05,Online,0.378,568,3,0,0.796,0,1,6,40.42,0,0
TXN103675,1067.98,POS,0.872,3021,5,0,0.818,0,1,17,5.78,0,1
TXN103676,52.08,Online,0.989,205,5,0,0.146,0,0,17,18.26,0,0
TXN103677,273.37,POS,0.968,3591,4,0,0.76,0,0,10,20.9,0,0
TXN103678,74.67,Bank Transfer,0.742,636,3,0,0.304,0,1,8,58.25,0,0
TXN103679,160.72,POS,0.372,480,5,0,0.851,0,0,6,53.37,0,0
TXN103680,78.79,Bank Transfer,0.227,292,3,0,0.448,1,0,16,49.75,0,0
TXN103681,260.22,Online,0.993,1804,4,0,0.369,1,0,17,31.91,0,1
TXN103682,170.17,POS,0.276,234,2,0,0.362,1,0,21,64.09,0,0
TXN103683,94.79,Online,0.438,964,7,0,0.716,0,1,6,7.74,1,0
TXN103684,51.93,POS,0.264,2922,4,0,0.713,0,0,14,52.8,0,0
TXN103685,193.98,Bank Transfer,0.496,2743,4,1,0.641,0,0,20,18.53,0,0
TXN103686,44.14,ATM,0.11,1270,7,0,0.956,0,1,17,8.77,0,0
TXN103687,227.58,Online,0.809,154,2,1,0.377,0,0,1,43.55,0,0
TXN103688,2051.82,Online,0.505,602,4,0,0.652,0,0,20,14.94,0,1
TXN103689,572.59,Bank Transfer,0.42,2001,2,0,0.497,0,0,7,22.17,0,0
TXN103690,304.4,Online,0.363,1719,3,0,0.61,0,0,19,24.24,0,0
TXN103691,136.24,Online,0.58,3132,1,0,0.232,0,0,6,42.31,0,1
TXN103692,21.35,Online,0.78,1779,1,1,0.924,0,0,1,41.0,1,0
TXN103693,39.56,POS,0.903,1439,2,0,0.885,0,0,21,46.26,0,1
TXN103694,535.28,Online,0.842,2294,3,1,0.961,0,0,12,6.68,0,0
TXN103695,67.37,Online,0.446,3063,4,0,0.764,0,0,11,15.34,0,0
TXN103696,73.75,ATM,0.834,2988,1,0,0.733,0,1,23,43.84,0,0
TXN103697,125.76,Online,0.529,561,1,0,0.148,0,0,14,55.36,0,0
TXN103698,51.31,Online,0.638,1545,1,0,0.498,0,1,17,27.23,1,0
TXN103699,43.52,Online,0.675,3354,2,0,0.132,0,0,20,12.41,0,0
TXN103700,141.11,ATM,0.4,2955,3,0,0.935,0,0,16,48.01,0,0
TXN103701,60.85,Online,0.486,2895,2,0,0.631,1,0,17,35.83,0,0
TXN103702,70.74,ATM,0.693,447,4,0,0.155,1,0,6,12.79,0,0
TXN103703,67.95,POS,0.308,1445,2,0,0.639,0,0,9,6.15,0,0
TXN103704,250.22,Online,0.747,3041,4,1,0.681,0,0,3,35.62,0,1
TXN103705,117.67,Bank Transfer,0.354,502,3,2,0.983,0,0,10,34.19,0,0
TXN103706,124.14,ATM,0.585,2628,7,2,0.691,0,0,19,14.24,0,0
TXN103707,269.6,POS,0.838,1913,3,0,0.827,0,0,21,18.97,0,0
TXN103708,128.76,Online,0.023,2667,1,1,0.798,0,0,17,16.17,1,0
TXN103709,112.36,POS,0.24,2456,3,0,0.75,0,1,17,32.22,0,0
TXN103710,237.57,POS,0.561,373,3,1,0.197,0,0,6,46.05,0,1
TXN103711,289.51,ATM,0.106,496,3,0,0.401,0,0,2,35.46,0,0
TXN103712,128.11,ATM,0.206,1248,4,1,0.778,0,0,21,26.78,0,0
TXN103713,160.87,POS,0.749,3408,4,0,0.904,0,0,17,44.68,0,0
TXN103714,67.91,Bank Transfer,0.026,3421,4,0,0.247,0,0,23,38.09,0,0
TXN103715,62.76,Online,0.61,2790,5,0,0.1,0,0,4,47.78,0,0
TXN103716,320.26,Bank Transfer,0.034,897,2,1,0.866,0,1,5,14.39,0,1
TXN103717,231.58,ATM,0.116,3474,5,0,0.312,0,0,19,30.46,1,0
TXN103718,233.99,Bank Transfer,0.39,2626,5,0,0.574,0,1,8,28.36,1,0
TXN103719,196.54,ATM,0.965,1113,2,0,0.992,0,0,13,4.37,1,0
TXN103720,155.43,Bank Transfer,0.546,2604,2,0,0.772,0,0,8,30.64,0,0
TXN103721,297.8,Online,0.312,1599,0,2,0.246,0,0,16,5.1,0,0
TXN103722,378.08,POS,0.411,1761,2,0,0.934,0,0,0,87.55,0,0
TXN103723,369.16,Online,0.569,899,2,0,0.294,0,0,14,22.32,0,1
TXN103724,134.19,ATM,0.619,2358,2,0,0.843,0,0,10,47.19,0,0
TXN103725,594.07,POS,0.268,1021,3,0,0.11,1,0,7,63.39,0,0
TXN103726,186.51,Bank Transfer,0.197,3371,3,0,0.312,0,1,8,42.67,0,0
TXN103727,279.33,POS,0.495,555,1,0,0.2,0,0,21,14.22,0,0
TXN103728,196.78,Bank Transfer,0.645,941,3,0,0.602,0,1,14,37.62,0,1
TXN103729,190.0,Online,0.817,483,2,0,0.643,0,1,23,9.4,0,1
TXN103730,71.11,ATM,0.593,901,4,0,0.736,1,0,5,23.49,0,0
TXN103731,299.27,Bank Transfer,0.692,2458,2,0,0.364,0,0,15,48.6,0,0
TXN103732,2553.69,Online,0.484,3453,5,1,0.954,0,0,2,37.89,0,1
TXN103733,102.02,Online,0.567,598,2,0,0.112,0,1,5,39.42,0,1
TXN103734,159.33,POS,0.635,836,4,0,0.387,0,0,14,28.97,0,0
TXN103735,94.99,ATM,0.236,513,2,0,0.153,0,0,8,13.01,0,0
TXN103736,91.1,ATM,0.934,2954,1,1,0.43,0,0,15,24.63,0,0
TXN103737,695.37,POS,0.345,1965,4,0,0.951,1,0,0,23.64,0,0
TXN103738,75.72,POS,0.605,1346,5,0,0.371,0,0,9,4.29,0,0
TXN103739,92.38,Online,0.561,2578,2,0,0.375,0,1,10,50.13,0,0
TXN103740,30.34,POS,0.853,336,2,0,0.364,0,0,17,58.94,1,0
TXN103741,69.57,ATM,0.114,2846,1,0,0.843,0,1,19,30.55,0,0
TXN103742,26.89,POS,0.884,373,3,0,0.63,0,0,10,43.81,0,0
TXN103743,279.17,Bank Transfer,0.137,2130,2,0,0.475,0,0,15,1.58,0,0
TXN103744,2439.86,Bank Transfer,0.145,143,2,0,0.43,0,0,10,22.75,0,1
TXN103745,102.86,Bank Transfer,0.862,759,5,0,0.715,0,0,6,12.48,0,0
TXN103746,28.03,Online,0.257,2291,2,0,0.984,0,0,5,28.73,0,0
TXN103747,365.04,POS,0.612,2105,3,0,0.505,0,0,0,20.25,0,1
TXN103748,71.74,ATM,0.464,1650,4,0,0.302,0,0,1,8.11,0,0
TXN103749,544.22,Online,0.934,2295,5,2,0.457,0,0,7,43.25,0,0
TXN103750,111.94,Bank Transfer,0.782,3058,5,0,0.262,0,0,9,4.17,1,0
TXN103751,78.9,POS,0.335,964,2,0,0.695,0,0,1,6.18,0,0
TXN103752,124.22,POS,0.813,3549,4,0,0.12,0,0,10,87.72,0,0
TXN103753,316.64,Bank Transfer,0.226,553,4,1,0.497,0,0,17,10.97,0,0
TXN103754,118.22,ATM,0.616,3571,4,0,0.126,0,0,22,59.06,1,0
TXN103755,90.31,POS,0.752,3380,4,1,0.131,0,0,22,9.22,0,1
TXN103756,121.65,ATM,0.703,1579,0,0,0.441,0,0,5,35.44,0,0
TXN103757,41.6,POS,0.657,377,1,2,0.78,0,0,5,1.58,0,0
TXN103758,220.75,Online,0.83,1502,3,0,0.701,0,0,16,35.37,1,0
TXN103759,24.86,POS,0.556,1033,2,0,0.909,0,0,7,8.17,0,0
TXN103760,95.19,Online,0.928,2127,1,0,0.486,0,0,1,55.17,0,1
TXN103761,317.15,POS,0.145,867,3,0,0.246,0,0,15,19.56,0,0
TXN103762,200.95,POS,0.356,274,5,0,0.168,0,0,16,,0,0
TXN103763,267.82,Online,0.783,3258,3,0,0.321,1,0,2,26.77,0,0
TXN103764,139.07,POS,0.308,3165,2,0,0.552,0,0,21,23.09,0,0
TXN103765,478.06,Online,0.443,1847,2,1,0.35,0,0,16,1.09,0,0
TXN103766,374.17,Online,0.773,3111,5,0,0.783,0,0,0,62.14,0,0
TXN103767,231.86,Online,0.539,3492,2,0,0.694,0,0,12,17.89,0,1
TXN103768,375.23,Online,0.188,3360,4,1,0.485,0,0,17,54.74,0,0
TXN103769,314.32,POS,0.175,3028,5,0,0.742,0,0,23,47.44,0,0
TXN103770,95.63,POS,0.301,188,1,0,0.515,0,0,1,5.16,0,0
TXN103771,38.71,ATM,0.303,2762,3,0,0.139,0,0,2,16.44,0,0
TXN103772,225.96,Bank Transfer,0.137,3355,5,1,0.764,0,0,9,32.69,1,0
TXN103773,256.23,Bank Transfer,0.835,669,2,1,0.695,0,0,1,8.01,0,0
TXN103774,441.63,Bank Transfer,0.283,270,1,0,0.569,0,0,3,53.61,0,0
TXN103775,58.19,Online,0.802,1276,7,0,0.232,0,0,3,21.95,0,1
TXN103776,59.95,Bank Transfer,0.973,3010,3,2,0.563,0,0,14,24.89,1,0
TXN103777,235.07,Online,0.332,2999,4,0,0.334,0,0,12,28.11,0,0
TXN103778,138.22,ATM,0.97,2144,3,0,0.975,0,0,12,44.21,0,0
TXN103779,22.52,Bank Transfer,0.191,3590,6,0,0.519,0,0,14,4.54,0,0
TXN103780,215.96,ATM,0.647,622,2,0,0.806,0,0,9,9.68,0,0
TXN103781,23.28,Online,0.991,3208,2,1,0.614,0,0,10,19.94,0,0
TXN103782,57.67,POS,0.808,3182,2,1,0.839,0,0,7,6.75,0,0
TXN103783,573.46,POS,0.23,3463,2,0,0.518,0,0,14,23.4,0,0
TXN103784,920.47,POS,0.257,1087,3,0,0.62,0,0,5,17.39,0,0
TXN103785,44.01,ATM,0.262,2353,3,0,0.534,0,0,19,15.93,1,0
TXN103786,106.76,Online,0.943,1028,0,0,0.949,1,0,14,25.41,0,0
TXN103787,154.88,POS,0.245,1777,5,0,0.216,0,0,20,28.51,0,0
TXN103788,881.15,Online,0.51,3506,3,1,0.414,0,0,19,27.8,1,0
TXN103789,90.66,POS,0.35,1893,4,0,0.596,0,0,3,10.91,0,0
TXN103790,92.12,Online,0.361,2813,3,0,0.181,0,0,8,16.23,1,0
TXN103791,698.35,POS,0.408,1689,3,0,0.857,0,1,10,10.06,0,0
TXN103792,102.02,Online,,31,4,0,0.884,0,0,14,32.57,0,0
TXN103793,305.58,ATM,0.6,590,3,1,0.287,0,1,2,26.65,1,1
TXN103794,33.88,ATM,0.425,2463,0,0,0.946,0,0,12,22.32,0,0
TXN103795,125.06,ATM,0.441,1136,1,0,0.653,0,0,8,120.96,0,0
TXN103796,28.23,Online,0.506,1159,1,0,0.634,0,0,15,,0,0
TXN103797,51.65,Online,0.356,357,3,1,0.414,0,0,16,7.2,0,0
TXN103798,343.5,POS,0.755,3002,4,0,0.613,0,0,23,26.17,0,1
TXN103799,141.19,Online,0.503,350,5,1,0.332,0,0,11,35.67,0,0
TXN103800,107.87,Online,0.509,1975,0,1,0.131,0,0,11,45.86,0,0
TXN103801,70.19,Online,0.21,1158,3,0,0.762,0,1,1,18.65,0,0
TXN103802,119.03,Bank Transfer,0.031,3311,0,0,0.962,1,0,19,35.26,1,0
TXN103803,200.56,POS,0.809,2441,1,1,0.18,0,0,4,27.94,0,0
TXN103804,396.6,ATM,0.855,277,2,0,0.636,0,0,1,18.75,0,0
TXN103805,10.75,POS,0.241,2251,3,1,0.33,1,1,14,99.56,1,1
TXN103806,64.6,Online,0.36,629,3,0,0.437,0,0,15,32.68,0,0
TXN103807,174.01,ATM,0.358,2055,1,1,0.354,0,0,4,53.61,0,0
TXN103808,134.44,ATM,0.684,911,3,1,0.161,0,0,19,4.18,0,0
TXN103809,222.16,Bank Transfer,0.187,2741,2,1,0.988,0,0,17,29.33,0,0
TXN103810,193.94,ATM,0.979,1742,2,0,0.616,0,1,15,12.43,0,1
TXN103811,109.41,POS,,1560,1,0,0.606,0,0,19,14.04,0,0
TXN103812,87.63,Bank Transfer,0.974,3209,3,0,0.62,0,1,12,13.27,0,0
TXN103813,116.11,Bank Transfer,0.069,1630,2,0,0.175,0,0,7,18.7,0,0
TXN103814,468.13,Online,0.318,881,1,0,0.456,0,0,23,30.92,0,0
TXN103815,71.38,POS,0.251,1905,3,2,0.932,0,0,20,24.8,0,0
TXN103816,139.38,POS,0.26,2961,2,2,0.596,1,1,5,45.7,0,1
TXN103817,178.28,ATM,0.995,271,1,0,0.458,1,0,5,36.66,0,0
TXN103818,706.52,Bank Transfer,0.458,1052,1,0,0.292,0,0,10,60.99,0,0
TXN103819,109.91,ATM,0.12,2135,4,2,0.323,0,0,20,22.04,0,0
TXN103820,387.15,Online,0.982,903,0,0,0.824,0,0,0,20.37,1,1
TXN103821,508.76,POS,0.243,2745,5,0,0.676,0,0,13,43.52,0,0
TXN103822,139.25,Online,0.073,235,2,1,0.396,0,1,23,16.7,0,0
TXN103823,120.21,POS,0.024,984,2,0,0.908,0,1,2,56.56,0,0
TXN103824,106.8,POS,0.463,2159,2,0,0.118,0,0,12,37.23,0,0
TXN103825,114.91,POS,0.918,3124,6,1,0.786,0,0,21,10.88,0,0
TXN103826,348.71,POS,0.017,1308,5,0,0.577,0,0,16,32.84,0,0
TXN103827,186.98,POS,0.725,993,3,0,0.905,0,0,9,15.99,0,0
TXN103828,187.78,ATM,0.26,3387,3,0,0.888,0,0,1,20.04,0,0
TXN103829,48.17,Online,0.219,1887,2,1,0.387,0,0,0,43.38,0,0
TXN103830,56.4,Online,0.704,763,2,0,0.131,0,0,13,,0,0
TXN103831,1265.78,Online,0.748,3195,5,0,0.885,0,0,9,17.34,0,0
TXN103832,124.23,Bank Transfer,0.559,133,4,0,0.844,0,0,20,44.69,0,0
TXN103833,68.39,ATM,0.202,2702,3,0,0.244,0,0,10,45.59,0,0
TXN103834,620.86,Online,0.006,3309,3,0,0.58,0,0,4,40.65,1,1
TXN103835,196.73,ATM,0.737,2115,6,0,0.438,1,0,16,31.89,0,0
TXN103836,264.58,Online,0.6,3342,6,0,0.754,0,0,8,18.73,2,0
TXN103837,129.28,Online,0.423,2284,1,0,0.883,0,1,8,44.76,0,0
TXN103838,107.91,Online,0.214,2193,2,0,0.662,0,0,21,6.93,0,0
TXN103839,125.26,Online,0.762,424,1,0,0.955,0,0,18,24.16,0,0
TXN103840,37.24,Online,0.071,675,4,1,0.146,0,0,18,69.05,1,0
TXN103841,135.92,Online,0.643,2561,8,0,0.458,0,1,23,20.28,0,0
TXN103842,199.54,POS,0.688,2498,2,1,0.414,0,0,10,26.97,0,0
TXN103843,944.32,POS,0.223,2245,4,0,0.329,0,1,6,76.72,0,1
TXN103844,161.74,Online,0.483,786,2,3,0.426,1,0,8,49.54,0,0
TXN103845,14.38,Online,0.52,336,3,0,0.214,1,0,0,6.87,0,0
TXN103846,135.1,Online,0.591,338,1,0,0.552,0,0,21,30.43,1,0
TXN103847,2297.33,POS,0.901,479,4,0,0.389,0,0,19,17.73,0,0
TXN103848,352.96,POS,0.546,819,6,0,0.631,0,0,3,7.36,0,0
TXN103849,65.96,POS,0.067,3545,5,0,0.484,0,0,10,30.41,0,0
TXN103850,268.03,Online,,2853,3,0,0.104,0,1,3,70.56,0,1
TXN103851,70.67,POS,0.628,674,5,0,0.576,0,0,13,13.74,0,0
TXN103852,38.33,POS,0.333,1141,4,0,0.596,0,0,15,8.41,0,0
TXN103853,104.76,POS,0.768,3272,4,0,0.86,0,0,14,12.95,0,0
TXN103854,162.64,Online,0.19,1657,1,0,0.36,0,0,14,18.23,0,0
TXN103855,22.82,POS,0.143,1028,3,0,0.768,0,0,8,33.47,0,0
TXN103856,47.03,Online,0.231,1218,2,0,0.888,0,1,18,114.56,0,0
TXN103857,149.96,Online,0.876,1463,3,1,0.722,1,0,21,28.72,0,0
TXN103858,98.67,Bank Transfer,0.681,1995,2,0,0.2,0,0,4,34.32,0,1
TXN103859,220.26,Online,0.52,2040,3,0,0.478,0,0,19,41.25,0,1
TXN103860,44.05,POS,0.3,1957,6,1,0.46,0,0,14,24.17,0,1
TXN103861,303.12,Online,0.919,2295,4,0,0.325,0,1,20,10.94,0,1
TXN103862,45.43,ATM,0.889,1105,1,0,0.405,0,0,14,10.81,0,0
TXN103863,767.19,POS,0.399,1831,2,0,0.731,0,0,9,8.45,0,0
TXN103864,26.69,Bank Transfer,0.753,3032,2,0,0.44,0,0,18,10.56,0,0
TXN103865,49.77,Online,0.914,1291,5,1,0.281,0,0,18,10.42,1,0
TXN103866,225.29,POS,0.313,3586,3,0,0.818,0,0,0,103.29,0,0
TXN103867,783.86,POS,0.329,1835,2,0,0.449,0,0,15,15.73,1,0
TXN103868,203.37,Bank Transfer,0.546,1390,2,0,0.483,0,0,5,7.43,0,0
TXN103869,260.57,Bank Transfer,0.408,2566,2,0,0.176,0,1,2,8.84,0,0
TXN103870,151.04,Bank Transfer,0.761,1446,5,0,0.809,0,0,11,27.16,0,0
TXN103871,53.18,POS,0.537,1465,2,0,0.176,0,1,7,34.24,1,0
TXN103872,90.91,ATM,0.212,1386,2,0,0.615,0,0,4,26.17,0,1
TXN103873,44.17,POS,0.356,2003,8,0,0.784,0,0,9,11.15,0,0
TXN103874,41.32,Online,0.671,181,4,0,0.212,0,1,12,13.02,0,0
TXN103875,221.79,Online,0.053,1402,2,0,0.372,0,0,19,79.35,0,0
TXN103876,48.27,Bank Transfer,0.342,2810,5,0,0.99,1,1,7,79.87,0,0
TXN103877,204.29,Online,0.016,1224,6,0,0.501,0,0,9,23.43,0,0
TXN103878,40.37,Online,0.821,1981,1,0,0.621,0,0,6,21.92,0,0
TXN103879,199.61,POS,0.117,1111,4,0,0.878,0,0,13,71.06,0,0
TXN103880,91.04,Online,0.077,3438,2,1,0.91,0,0,13,50.42,0,0
TXN103881,605.84,POS,0.787,840,1,0,0.407,1,0,21,23.69,0,1
TXN103882,205.15,ATM,0.09,2843,3,0,0.858,0,0,10,18.49,0,0
TXN103883,510.7,POS,0.684,2783,2,0,0.392,0,0,19,15.57,0,0
TXN103884,69.71,Online,0.38,1499,6,0,0.827,0,0,10,10.5,0,0
TXN103885,156.98,POS,0.822,3591,2,0,0.816,0,0,7,11.24,0,0
TXN103886,55.64,Online,0.183,3601,0,0,0.622,0,0,17,19.93,0,0
TXN103887,98.14,POS,0.084,134,3,1,0.685,0,1,4,12.93,0,0
TXN103888,114.19,Online,0.228,2088,1,1,0.613,0,0,23,27.71,0,0
TXN103889,71.82,Online,0.932,739,7,1,0.199,0,0,19,17.5,0,0
TXN103890,44.01,Online,0.829,3644,2,0,0.495,0,0,7,13.14,0,0
TXN103891,36.11,Bank Transfer,0.286,3520,3,2,0.208,0,0,7,13.05,1,0
TXN103892,14.3,POS,0.206,1561,1,0,0.148,0,0,13,44.8,1,0
TXN103893,51.61,Online,0.157,1267,2,0,0.544,0,0,13,25.91,0,0
TXN103894,277.96,Bank Transfer,0.221,2993,0,0,0.338,0,0,15,14.26,1,0
TXN103895,30.01,POS,0.205,1438,6,0,0.415,0,0,4,15.15,0,0
TXN103896,37.78,Bank Transfer,0.888,2675,5,1,,0,0,20,4.43,0,0
TXN103897,889.71,Bank Transfer,0.02,2429,1,1,0.519,0,0,10,22.32,0,1
TXN103898,78.53,ATM,0.88,1058,0,0,,0,0,11,6.73,0,0
TXN103899,204.6,Online,0.041,1306,2,0,0.706,0,1,8,16.37,0,0
TXN103900,282.12,ATM,0.827,3406,5,0,0.702,0,0,7,41.75,0,0
TXN103901,287.87,Online,0.426,1813,1,0,0.721,0,0,4,19.34,0,0
TXN103902,32.38,Online,0.077,1541,2,3,0.51,0,0,3,24.67,0,0
TXN103903,117.79,Bank Transfer,0.799,3290,4,2,0.737,1,0,16,21.08,0,1
TXN103904,29.42,POS,0.256,2101,1,0,0.341,0,0,10,26.38,1,0
TXN103905,1713.54,ATM,0.878,2074,5,0,0.787,0,0,16,26.63,0,0
TXN103906,30.12,Online,0.752,1437,5,0,0.815,1,1,15,68.98,0,0
TXN103907,52.05,POS,0.982,2444,0,0,0.907,1,0,1,39.05,0,0
TXN103908,52.43,Online,0.832,189,3,0,0.949,0,0,13,42.86,0,0
TXN103909,33.23,ATM,0.241,815,3,0,0.569,0,0,16,17.92,0,0
TXN103910,573.98,Online,0.409,2998,2,1,0.579,0,0,23,12.36,0,1
TXN103911,1673.12,ATM,0.697,976,3,0,0.441,0,0,17,44.26,0,1
TXN103912,92.23,POS,0.316,3592,2,0,0.8,1,0,13,15.69,0,0
TXN103913,39.63,Bank Transfer,0.547,3257,2,0,0.342,0,0,18,14.32,0,0
TXN103914,15.85,Online,0.238,1411,3,0,0.676,0,0,19,10.36,0,0
TXN103915,116.27,ATM,0.663,3351,5,0,0.605,0,0,4,7.9,0,0
TXN103916,108.16,POS,0.342,2618,1,0,0.352,0,0,15,2.88,0,0
TXN103917,77.38,Online,0.055,2951,3,1,0.333,0,0,9,32.52,1,0
TXN103918,185.19,Bank Transfer,0.968,1731,6,0,0.245,0,0,5,34.02,1,0
TXN103919,220.34,POS,0.844,471,4,0,0.76,0,0,11,17.66,0,0
TXN103920,205.02,Online,0.304,2008,2,0,0.84,0,1,0,58.79,0,0
TXN103921,108.19,ATM,0.13,2993,3,0,0.264,0,0,0,8.47,0,0
TXN103922,49.32,ATM,0.735,357,2,0,0.917,0,0,10,11.32,0,0
TXN103923,288.83,ATM,0.221,99,2,0,0.286,0,0,13,33.24,0,0
TXN103924,150.28,ATM,0.605,3001,3,0,0.196,0,0,18,34.55,0,0
TXN103925,360.81,Bank Transfer,0.779,2189,0,0,0.89,0,0,1,32.3,0,0
TXN103926,327.04,Online,0.272,1919,3,0,0.931,0,1,10,38.25,0,0
TXN103927,35.81,Online,0.285,2474,5,1,0.248,0,1,14,5.41,0,0
TXN103928,35.37,ATM,0.062,2507,0,0,0.26,0,0,14,,0,0
TXN103929,69.72,Online,0.32,1573,0,0,0.364,0,0,23,52.28,0,0
TXN103930,51.61,POS,0.597,2240,2,0,0.154,1,1,20,19.73,1,1
TXN103931,315.85,POS,0.156,1764,2,1,0.477,0,0,4,12.04,1,1
TXN103932,210.88,Online,0.953,779,5,1,0.747,0,0,18,39.8,0,0
TXN103933,445.49,ATM,0.722,2715,4,0,0.176,0,0,5,24.3,0,0
TXN103934,220.63,Online,0.204,1390,1,0,0.371,0,0,6,27.19,0,0
TXN103935,182.85,ATM,0.531,3269,2,0,0.422,0,0,23,62.96,0,0
TXN103936,492.62,ATM,0.391,1467,3,0,0.948,1,0,21,8.29,0,0
TXN103937,237.4,POS,0.382,715,1,2,0.77,0,0,2,8.74,0,0
TXN103938,158.87,Online,0.56,3028,3,0,0.432,1,0,13,53.88,0,0
TXN103939,652.27,Online,0.108,531,2,0,0.286,0,0,9,26.93,0,1
TXN103940,166.53,POS,0.215,3602,3,0,0.882,0,0,9,9.73,0,0
TXN103941,109.47,Online,0.15,2310,6,0,0.356,0,0,11,19.56,0,0
TXN103942,64.21,Online,0.174,1773,4,1,0.662,0,0,23,25.39,0,0
TXN103943,299.77,ATM,0.655,865,4,2,0.722,0,0,12,24.39,0,0
TXN103944,511.35,Online,0.996,760,3,1,0.81,0,0,4,39.39,0,1
TXN103945,141.09,POS,0.651,733,2,1,0.656,0,1,18,19.96,0,0
TXN103946,548.9,Online,0.985,3045,6,1,0.462,0,0,2,15.44,0,0
TXN103947,20.7,ATM,0.577,766,3,0,0.234,0,0,7,14.12,0,0
TXN103948,140.41,Online,0.283,159,0,0,0.28,0,0,11,11.66,0,0
TXN103949,142.58,POS,0.872,742,8,0,0.628,0,0,4,105.28,0,1
TXN103950,71.74,Bank Transfer,0.067,2238,4,0,0.537,0,0,1,36.63,0,1
TXN103951,1609.79,POS,0.102,1757,0,0,0.444,0,0,8,26.17,0,0
TXN103952,138.91,POS,0.948,1380,1,1,0.579,0,0,8,9.93,0,0
TXN103953,98.72,Online,0.65,3521,5,0,0.873,0,0,4,11.61,0,0
TXN103954,152.32,ATM,0.929,1273,6,0,0.138,0,1,12,44.67,0,1
TXN103955,20.03,ATM,0.133,3027,1,0,0.224,1,0,14,11.38,0,0
TXN103956,69.42,POS,0.768,479,4,0,0.101,0,0,5,39.11,0,0
TXN103957,396.72,ATM,0.235,1996,0,0,0.388,0,0,17,39.02,0,0
TXN103958,79.13,ATM,0.343,504,2,1,0.25,0,1,0,10.95,0,0
TXN103959,64.79,Bank Transfer,0.899,323,4,2,0.351,0,0,11,20.04,0,1
TXN103960,549.78,Bank Transfer,0.411,2491,2,0,0.168,0,0,15,36.28,0,0
TXN103961,566.94,ATM,0.671,2466,3,0,0.41,0,0,22,29.91,0,1
TXN103962,248.88,POS,0.887,2109,5,0,0.46,0,0,12,18.8,0,1
TXN103963,94.15,POS,0.871,1663,2,0,0.933,1,0,7,36.75,0,0
TXN103964,116.81,Bank Transfer,0.009,1009,3,1,0.614,0,0,14,55.67,0,0
TXN103965,66.41,Online,0.158,2847,3,0,0.861,0,0,11,56.98,0,0
TXN103966,54.88,Online,0.919,715,2,0,0.662,0,0,16,5.48,1,0
TXN103967,52.23,Bank Transfer,0.562,1818,3,0,0.502,0,0,3,9.94,0,0
TXN103968,79.99,Bank Transfer,0.48,3442,7,0,0.902,0,0,18,2.78,0,0
TXN103969,52.73,ATM,0.065,2449,0,0,0.795,0,1,3,74.26,0,0
TXN103970,31.07,Bank Transfer,0.025,3088,5,0,0.125,0,1,18,55.18,0,0
TXN103971,184.82,POS,0.953,754,2,0,0.298,1,1,0,7.62,0,1
TXN103972,187.65,ATM,0.474,122,1,0,0.999,0,0,17,11.66,0,0
TXN103973,813.05,Bank Transfer,0.786,3046,5,0,0.793,0,0,18,17.5,1,0
TXN103974,76.07,POS,0.22,2067,7,0,0.472,1,0,17,50.24,0,0
TXN103975,199.56,POS,0.237,2851,4,0,0.632,0,0,14,36.08,1,0
TXN103976,202.9,ATM,0.56,3080,5,0,0.794,0,0,0,13.43,0,1
TXN103977,115.14,Online,0.876,1383,3,0,0.453,0,0,21,9.4,1,0
TXN103978,312.42,POS,0.289,430,2,1,0.14,0,0,19,31.94,0,1
TXN103979,322.22,POS,0.329,3518,2,0,0.656,0,0,3,65.34,0,1
TXN103980,205.9,POS,0.551,1133,5,0,0.205,0,0,2,24.11,0,1
TXN103981,114.93,POS,0.04,610,3,0,0.318,0,1,16,58.16,0,0
TXN103982,103.8,Bank Transfer,0.379,2096,6,2,,1,0,6,70.75,0,1
TXN103983,37.8,Online,0.556,102,1,0,0.817,0,0,10,61.19,0,0
TXN103984,66.29,ATM,0.005,246,2,0,0.302,1,0,9,122.06,0,0
TXN103985,79.68,POS,0.638,2792,4,0,0.273,0,0,21,85.12,0,0
TXN103986,48.23,Online,0.051,349,1,0,0.482,0,0,14,10.81,0,0
TXN103987,230.42,POS,0.72,2204,4,0,0.223,0,0,3,27.61,0,0
TXN103988,491.09,ATM,0.802,1671,6,1,0.325,0,0,3,25.4,0,1
TXN103989,59.86,Bank Transfer,0.839,431,4,0,0.371,0,0,16,44.15,0,0
TXN103990,197.05,Online,0.673,3443,0,0,0.803,0,0,20,22.44,0,0
TXN103991,52.77,Bank Transfer,0.562,607,2,0,0.697,0,0,20,29.82,0,0
TXN103992,109.41,POS,0.308,2385,4,1,0.426,0,0,12,61.88,1,0
TXN103993,74.42,POS,0.425,503,2,0,0.952,0,0,8,52.24,0,0
TXN103994,270.94,ATM,0.087,2166,4,0,0.348,0,0,6,46.77,0,0
TXN103995,75.28,POS,0.707,634,1,0,0.557,0,0,6,10.61,0,0
TXN103996,408.16,Bank Transfer,0.025,3246,4,0,0.657,0,0,18,24.01,0,0
TXN103997,116.08,POS,0.413,1700,4,0,0.96,0,1,23,12.68,0,0
TXN103998,77.51,ATM,0.506,62,2,0,0.87,0,0,23,71.48,1,0
TXN103999,42.38,POS,0.65,214,4,0,0.436,0,1,15,11.59,0,0
TXN104000,191.18,POS,0.343,1995,2,1,0.551,0,0,11,29.31,0,0
TXN104001,363.3,Online,0.443,1910,3,0,0.511,1,0,14,12.87,0,0
TXN104002,195.06,Bank Transfer,0.587,1227,2,1,0.375,0,0,4,21.38,0,1
TXN104003,1392.47,Online,0.923,2221,2,0,0.533,0,1,13,12.52,0,1
TXN104004,620.04,Online,0.672,2915,1,0,0.18,0,1,8,9.35,0,1
TXN104005,109.12,POS,0.254,2663,1,0,0.149,0,0,1,30.67,0,1
TXN104006,107.98,POS,0.847,2742,4,0,0.162,1,1,3,7.34,0,1
TXN104007,237.39,POS,0.055,3454,3,1,0.222,0,0,20,23.74,0,0
TXN104008,64.2,ATM,0.272,777,5,1,0.356,0,1,2,39.54,0,0
TXN104009,476.41,POS,0.108,328,5,0,0.675,0,0,5,14.59,0,0
TXN104010,213.07,POS,0.447,468,2,0,0.857,0,0,3,14.08,0,0
TXN104011,191.8,Online,0.637,157,2,1,0.803,0,0,22,11.28,0,0
TXN104012,294.99,Online,0.531,1091,1,2,0.394,0,0,13,4.29,0,1
TXN104013,831.17,Online,0.811,533,5,0,0.139,0,0,12,22.09,0,1
TXN104014,176.08,POS,0.567,3364,4,0,0.149,0,0,10,6.77,0,0
TXN104015,132.55,Online,0.233,1251,1,0,0.818,0,0,9,14.96,0,0
TXN104016,670.97,ATM,0.536,820,7,0,0.885,0,0,9,15.84,0,0
TXN104017,390.55,POS,0.735,1931,4,0,0.939,0,0,21,15.51,0,0
TXN104018,107.66,Online,0.503,1588,3,1,0.97,0,0,4,43.82,0,1
TXN104019,149.18,POS,0.442,45,5,0,0.864,0,0,20,29.7,0,0
TXN104020,180.44,Bank Transfer,0.529,3504,1,0,0.419,0,0,21,27.15,0,0
TXN104021,213.11,Bank Transfer,0.548,2536,2,0,0.527,0,0,3,13.66,0,0
TXN104022,38.22,POS,,3016,7,1,0.849,1,0,10,41.71,1,0
TXN104023,31.74,Online,0.854,3493,3,0,0.908,0,0,23,82.6,0,0
TXN104024,61.11,Online,0.208,3235,3,0,0.425,0,1,1,11.31,0,0
TXN104025,56.56,ATM,0.033,934,2,0,0.666,0,0,1,29.83,0,0
TXN104026,77.96,Online,0.741,2793,1,1,0.261,0,1,0,11.22,0,1
TXN104027,279.98,Online,0.842,61,3,0,0.102,0,0,6,36.16,0,0
TXN104028,125.35,POS,0.643,1338,2,0,0.42,0,0,8,12.08,0,0
TXN104029,180.62,POS,0.469,2756,2,0,0.929,0,0,12,35.97,0,0
TXN104030,43.63,Online,0.975,2563,1,0,0.69,0,1,13,29.53,0,0
TXN104031,93.54,Online,0.371,2817,3,0,0.905,0,0,2,25.0,0,0
TXN104032,267.0,ATM,0.406,2770,3,0,0.423,0,0,10,22.1,0,0
TXN104033,269.06,ATM,0.591,187,5,0,0.143,0,0,13,24.61,0,0
TXN104034,71.91,Online,0.43,2141,2,0,0.423,0,0,2,34.85,0,0
TXN104035,174.45,Online,0.555,2264,4,0,0.486,0,0,13,42.35,0,0
TXN104036,1337.89,Bank Transfer,0.967,592,1,0,0.705,0,0,16,20.47,0,1
TXN104037,145.82,ATM,0.237,909,5,0,0.97,1,1,1,6.96,0,1
TXN104038,74.2,Bank Transfer,0.149,1794,1,0,0.38,0,1,13,22.41,0,0
TXN104039,124.74,Bank Transfer,0.424,2321,5,0,0.781,0,0,1,16.22,2,1
TXN104040,162.74,Online,0.504,3107,4,0,0.898,0,1,23,43.97,0,0
TXN104041,127.59,Online,0.713,2659,1,0,0.323,0,0,19,24.33,0,0
TXN104042,143.83,Online,0.955,3561,2,0,0.802,0,1,16,27.44,0,0
TXN104043,35.04,POS,0.689,836,3,1,0.959,0,0,13,12.81,0,0
TXN104044,56.68,Online,0.987,1450,4,0,0.8,0,0,8,41.1,1,0
TXN104045,127.83,Online,0.246,973,3,0,0.458,0,0,19,53.68,0,0
TXN104046,125.8,Online,0.209,3254,2,0,0.625,0,0,12,12.85,0,0
TXN104047,84.25,POS,0.307,2243,5,1,0.771,0,0,23,18.27,0,0
TXN104048,124.34,ATM,0.787,1868,2,1,0.827,0,0,6,48.74,0,0
TXN104049,157.75,Online,0.187,2137,3,1,0.738,0,0,9,20.35,0,0
TXN104050,361.19,Online,0.196,1213,2,0,0.98,0,0,6,44.04,0,0
TXN104051,134.4,POS,0.412,3237,1,0,0.875,0,0,4,23.81,0,1
TXN104052,221.21,Online,0.318,2255,2,0,0.294,0,0,3,10.2,0,0
TXN104053,86.35,POS,0.646,1877,1,1,1.0,0,0,2,30.83,0,0
TXN104054,262.98,POS,0.89,2580,2,0,0.734,0,0,16,26.34,0,0
TXN104055,216.1,POS,0.139,2925,1,1,0.922,0,1,10,33.21,0,0
TXN104056,352.77,Bank Transfer,0.547,1461,2,0,0.548,0,0,10,29.61,0,0
TXN104057,302.92,Online,0.088,2679,2,0,0.904,0,0,4,43.53,0,0
TXN104058,267.4,Online,0.221,2920,2,0,0.986,0,0,19,52.7,0,0
TXN104059,134.5,Bank Transfer,0.309,2439,3,0,0.84,0,1,1,24.06,0,0
TXN104060,189.6,Online,0.579,452,3,0,0.818,0,0,3,45.94,0,0
TXN104061,429.88,Bank Transfer,0.555,724,3,0,0.294,0,0,2,20.76,0,0
TXN104062,77.32,POS,0.643,142,4,0,0.222,0,0,17,42.97,0,0
TXN104063,79.17,POS,0.819,1030,2,0,0.793,0,0,1,32.2,0,1
TXN104064,177.94,POS,0.187,625,2,2,0.736,0,0,18,54.32,1,1
TXN104065,224.82,Online,0.743,2081,3,1,0.662,0,1,19,60.52,0,0
TXN104066,65.1,Bank Transfer,0.667,3322,3,1,0.502,0,0,0,18.25,0,0
TXN104067,137.72,Online,0.08,268,4,0,0.158,0,0,20,33.57,0,0
TXN104068,135.1,Online,0.345,1059,3,0,0.614,0,0,8,29.88,0,0
TXN104069,16.2,POS,0.028,193,3,1,0.579,0,0,14,36.48,0,0
TXN104070,119.15,Bank Transfer,0.09,332,3,0,0.746,1,1,6,107.61,0,0
TXN104071,126.81,Online,0.284,210,7,0,0.18,0,0,9,55.7,1,0
TXN104072,126.43,POS,0.243,2226,1,3,0.462,0,0,4,45.7,1,0
TXN104073,611.5,Bank Transfer,0.9,3365,4,0,0.479,0,1,12,77.29,0,1
TXN104074,44.0,Online,0.894,2653,5,0,0.518,0,0,11,35.09,0,0
TXN104075,65.06,POS,0.578,2523,0,1,0.131,0,0,9,35.37,0,0
TXN104076,10.89,POS,0.735,597,2,0,0.627,0,0,15,21.0,0,0
TXN104077,91.75,POS,1.0,3059,2,0,0.274,0,0,9,74.72,0,0
TXN104078,99.92,ATM,0.41,2127,2,0,0.921,0,0,20,16.53,0,0
TXN104079,89.12,Online,0.522,3517,7,0,0.669,0,0,1,50.55,0,0
TXN104080,449.29,Bank Transfer,0.651,1443,2,0,0.848,0,0,17,14.5,0,0
TXN104081,350.94,POS,0.921,2567,6,0,0.543,0,0,10,18.13,0,0
TXN104082,160.43,Online,0.797,1769,1,0,0.434,0,1,10,24.17,0,1
TXN104083,102.45,Online,0.064,1895,3,1,0.332,0,0,4,17.13,0,1
TXN104084,414.13,Online,0.713,414,1,1,0.457,1,0,11,24.21,0,1
TXN104085,145.51,Online,0.252,1764,3,0,0.929,0,0,9,5.7,0,0
TXN104086,65.48,Online,0.255,634,0,0,0.933,0,0,17,,0,1
TXN104087,26.68,Online,0.547,2730,1,0,0.945,0,0,22,9.2,1,0
TXN104088,95.46,Bank Transfer,0.696,2595,2,0,0.789,1,1,16,14.34,0,1
TXN104089,315.65,POS,0.159,3171,5,0,0.261,0,0,16,15.6,0,0
TXN104090,1445.97,Online,0.315,1698,3,0,0.746,0,0,3,35.33,0,0
TXN104091,157.84,Online,0.716,3033,5,0,0.402,0,0,6,21.27,0,1
TXN104092,69.04,POS,0.152,3252,1,0,0.483,0,0,6,8.11,1,0
TXN104093,45.38,POS,0.85,1814,3,1,0.515,0,0,17,44.88,0,0
TXN104094,257.74,Bank Transfer,0.456,3457,6,1,0.33,0,0,16,40.4,0,0
TXN104095,25.42,POS,0.586,2830,3,1,0.287,0,1,17,14.31,0,0
TXN104096,257.33,POS,0.08,1080,0,0,0.193,0,0,4,18.37,0,0
TXN104097,336.2,Online,0.955,1755,3,0,0.497,0,0,21,25.95,0,0
TXN104098,229.59,POS,0.908,395,2,0,0.633,0,1,8,17.68,1,1
TXN104099,119.14,POS,0.19,1421,3,0,0.894,0,1,6,30.82,0,1
TXN104100,261.11,POS,0.663,1335,1,0,0.116,1,0,15,8.31,0,1
TXN104101,176.08,POS,0.793,1107,2,0,0.141,1,0,2,63.22,0,0
TXN104102,68.16,Online,0.122,1316,1,0,0.769,0,0,7,48.45,1,0
TXN104103,944.27,ATM,0.577,227,3,0,0.811,0,0,14,24.37,0,1
TXN104104,104.41,POS,0.85,1671,5,0,0.131,1,0,4,29.85,0,1
TXN104105,322.39,Online,0.507,758,5,0,0.785,0,1,15,74.88,0,0
TXN104106,13.22,Online,0.924,859,4,0,0.603,0,0,8,3.91,0,0
TXN104107,531.91,POS,0.048,2672,6,0,0.388,0,0,14,30.04,0,0
TXN104108,644.69,Online,0.919,3245,6,0,0.688,0,1,19,2.37,0,1
TXN104109,152.91,Online,0.977,651,6,0,0.376,0,1,3,29.65,0,1
TXN104110,259.5,POS,0.156,2061,4,0,0.496,1,1,8,47.58,0,1
TXN104111,259.44,Online,0.431,3292,6,0,0.539,0,0,2,41.43,0,0
TXN104112,78.04,POS,0.621,2230,2,1,0.365,0,0,11,53.67,1,0
TXN104113,256.5,Bank Transfer,0.893,314,3,1,0.395,0,0,14,34.21,1,1
TXN104114,66.11,Bank Transfer,0.16,2835,3,1,0.902,0,0,6,15.22,0,0
TXN104115,80.74,Bank Transfer,0.334,215,2,0,0.467,0,0,14,56.51,0,0
TXN104116,458.03,POS,0.798,2263,4,0,0.349,0,0,13,10.03,0,0
TXN104117,393.33,ATM,0.41,1771,3,0,0.556,0,0,12,64.92,0,0
TXN104118,73.23,Online,0.605,1940,5,0,0.221,0,0,5,22.22,0,0
TXN104119,71.27,POS,0.56,836,2,0,0.608,1,0,9,23.63,0,0
TXN104120,77.82,Bank Transfer,0.973,3238,4,2,0.857,0,0,18,24.47,0,0
TXN104121,308.78,ATM,0.142,402,1,0,0.533,1,0,23,15.06,0,0
TXN104122,54.6,POS,0.948,3424,1,0,0.114,0,0,19,63.57,0,0
TXN104123,212.03,Bank Transfer,0.564,246,5,0,0.913,0,0,4,13.6,0,0
TXN104124,313.2,POS,0.904,1128,6,0,0.776,0,0,14,12.39,0,1
TXN104125,135.88,Online,0.118,1938,5,0,0.972,0,0,3,22.6,1,0
TXN104126,407.51,POS,0.642,1898,2,0,0.825,1,0,7,36.01,0,0
TXN104127,109.47,POS,0.84,969,2,0,0.874,0,0,3,6.16,0,0
TXN104128,119.84,Bank Transfer,0.787,1073,1,0,0.924,0,1,13,92.33,0,0
TXN104129,55.85,Online,0.01,2041,1,2,0.329,0,0,14,55.21,0,0
TXN104130,410.42,POS,0.452,108,4,0,0.987,0,0,11,45.51,0,0
TXN104131,68.96,ATM,0.115,566,2,1,0.328,0,0,20,12.33,0,0
TXN104132,210.56,Bank Transfer,0.153,1461,1,0,0.979,1,0,10,45.83,0,0
TXN104133,138.2,Bank Transfer,0.706,118,5,1,0.816,0,0,8,29.22,0,0
TXN104134,51.79,Bank Transfer,0.957,343,1,0,0.759,0,0,20,31.81,1,0
TXN104135,80.71,Bank Transfer,0.634,128,1,0,0.307,0,0,21,19.19,0,0
TXN104136,591.62,Online,0.102,2989,3,0,0.376,0,0,13,31.97,0,1
TXN104137,181.57,POS,0.244,437,6,0,0.239,0,0,19,85.17,0,0
TXN104138,54.1,Bank Transfer,0.379,697,4,2,0.366,0,1,15,16.25,0,0
TXN104139,201.41,POS,0.125,2911,8,1,0.928,0,1,2,41.77,0,1
TXN104140,128.24,POS,0.848,1596,4,0,0.513,0,0,3,24.61,0,0
TXN104141,4694.03,Online,0.195,1653,3,0,0.961,0,0,9,8.18,0,0
TXN104142,197.38,POS,0.13,2406,1,0,0.632,0,0,20,25.11,0,0
TXN104143,101.43,Online,0.726,2288,1,0,0.115,0,0,14,64.57,0,0
TXN104144,614.02,Bank Transfer,0.127,1526,5,0,0.404,0,0,0,14.27,0,0
TXN104145,23.55,Online,0.41,3197,2,0,0.407,0,0,21,15.21,0,0
TXN104146,163.09,Online,0.516,854,3,0,0.483,0,0,16,18.51,0,0
TXN104147,1090.54,Online,0.08,799,4,0,0.703,0,0,10,52.97,1,0
TXN104148,132.13,Online,0.556,1893,2,0,0.341,0,0,14,15.88,0,0
TXN104149,26.22,POS,0.48,3184,4,0,0.466,0,0,18,36.83,0,0
TXN104150,99.89,POS,0.668,3276,5,0,0.998,0,0,8,59.66,0,0
TXN104151,635.57,Online,0.219,2729,7,0,0.426,0,0,22,15.83,0,0
TXN104152,216.17,Online,0.357,42,4,0,0.554,0,0,14,11.13,0,0
TXN104153,64.14,Online,0.66,2669,6,3,0.562,0,0,17,16.16,0,0
TXN104154,74.8,POS,0.036,623,2,1,0.276,0,0,23,41.76,0,1
TXN104155,84.8,POS,0.116,3182,3,0,0.546,0,0,14,27.91,0,0
TXN104156,212.98,Online,0.284,440,4,1,0.299,0,0,18,23.95,0,0
TXN104157,565.77,Online,0.106,485,4,0,0.197,0,0,1,,0,0
TXN104158,425.14,Online,0.04,1895,4,1,0.827,0,1,1,81.95,1,0
TXN104159,234.16,Bank Transfer,0.987,1986,4,0,,0,0,12,8.06,1,0
TXN104160,39.19,ATM,0.456,1259,5,0,0.343,0,1,6,33.88,0,0
TXN104161,39.33,POS,0.534,1780,2,0,0.221,0,0,7,5.41,0,0
TXN104162,252.97,Online,0.255,2617,5,0,0.985,0,1,6,75.37,0,0
TXN104163,38.65,POS,0.008,2433,1,0,0.925,0,0,2,45.97,0,0
TXN104164,118.44,POS,0.751,2608,3,0,0.426,0,0,1,22.92,0,0
TXN104165,201.17,Online,0.724,891,2,0,0.68,0,1,5,17.13,0,0
TXN104166,47.58,POS,0.973,2054,3,2,0.359,1,0,15,20.84,1,0
TXN104167,53.29,POS,0.021,490,2,0,0.438,0,0,15,46.69,0,0
TXN104168,135.08,Bank Transfer,0.137,908,2,1,0.585,0,0,16,17.98,1,0
TXN104169,245.59,ATM,0.712,3553,5,1,0.342,0,0,0,18.69,0,0
TXN104170,429.03,Bank Transfer,0.33,184,3,0,0.178,0,0,4,69.17,0,1
TXN104171,272.34,Bank Transfer,0.064,1715,2,0,0.748,0,0,4,8.77,1,0
TXN104172,159.76,POS,0.301,1813,5,0,0.272,0,0,18,23.01,0,1
TXN104173,70.37,Online,0.088,869,5,0,0.37,0,0,15,18.93,0,0
TXN104174,50.86,POS,0.838,212,2,0,0.96,0,0,7,27.37,1,0
TXN104175,89.04,Online,0.877,495,4,1,0.642,1,0,10,42.21,1,1
TXN104176,223.62,POS,0.637,2674,3,0,0.305,0,0,10,14.55,1,1
TXN104177,207.81,POS,0.386,2178,4,1,0.357,0,0,11,27.39,0,0
TXN104178,18.18,POS,0.769,2048,5,0,0.301,0,0,16,44.84,0,0
TXN104179,67.65,ATM,0.632,564,3,1,0.883,0,1,4,10.69,0,0
TXN104180,494.98,POS,0.792,2000,4,1,0.82,0,0,19,5.89,0,0
TXN104181,160.65,Online,0.511,692,1,0,0.593,0,0,0,17.74,0,0
TXN104182,35.98,ATM,0.958,1160,3,0,0.216,0,0,12,18.18,0,0
TXN104183,1565.28,ATM,0.29,3476,0,1,0.765,0,0,11,70.85,0,0
TXN104184,144.18,Online,0.604,1649,4,1,0.864,1,1,18,9.59,1,0
TXN104185,217.96,POS,0.808,135,0,0,0.575,0,0,11,31.52,1,0
TXN104186,221.3,Bank Transfer,0.894,2181,0,1,0.29,0,0,5,41.09,0,0
TXN104187,102.76,Online,0.947,706,0,1,0.725,0,0,21,26.48,0,0
TXN104188,71.7,Online,0.395,48,3,0,0.394,0,0,2,20.79,0,0
TXN104189,1238.52,Bank Transfer,0.699,2459,3,0,0.925,0,0,1,48.48,0,0
TXN104190,404.72,POS,0.29,2323,1,1,0.847,0,1,21,31.93,0,0
TXN104191,337.63,Online,0.649,815,1,0,0.466,0,1,4,21.63,0,1
TXN104192,264.09,POS,0.184,2712,4,0,0.136,0,0,18,15.04,0,0
TXN104193,54.42,POS,0.421,688,3,0,0.953,0,0,5,42.12,0,0
TXN104194,532.47,Online,0.92,1846,6,0,0.959,0,0,10,5.76,0,0
TXN104195,63.87,Online,0.811,2044,3,0,0.537,0,0,3,77.4,0,0
TXN104196,197.02,POS,0.497,437,4,0,0.106,1,0,10,30.04,0,1
TXN104197,28.81,Online,,2549,2,0,0.75,0,0,17,10.76,0,0
TXN104198,19.28,ATM,0.399,1853,3,1,0.353,0,0,7,14.01,0,0
TXN104199,204.03,Bank Transfer,0.139,1588,1,0,0.774,1,0,7,21.77,0,0
TXN104200,66.08,POS,0.069,2699,2,0,0.126,0,0,6,20.74,0,0
TXN104201,20.3,ATM,0.907,2858,3,1,0.655,0,0,20,40.78,0,0
TXN104202,254.83,POS,0.491,1816,3,0,0.945,1,0,20,43.56,0,0
TXN104203,1236.55,Online,0.089,2981,3,0,0.567,0,0,8,62.79,0,0
TXN104204,595.59,POS,0.717,220,3,0,0.951,1,0,14,47.38,0,0
TXN104205,114.74,Online,0.074,2285,4,0,0.75,1,0,11,67.73,0,0
TXN104206,149.73,POS,0.396,1037,2,0,0.637,0,0,19,10.67,1,0
TXN104207,360.58,Online,0.23,2121,4,0,0.861,0,0,16,21.36,1,0
TXN104208,455.83,POS,0.165,2291,5,0,0.928,0,1,0,17.0,0,0
TXN104209,105.26,POS,0.534,2985,5,0,0.873,0,0,21,15.23,0,0
TXN104210,153.57,Online,0.72,2049,1,0,0.926,1,0,12,37.4,1,0
TXN104211,200.46,POS,0.487,84,3,1,0.157,1,0,1,32.77,0,0
TXN104212,258.24,Online,0.821,3571,4,0,0.291,0,0,9,13.29,0,0
TXN104213,129.92,Online,0.917,1878,4,1,0.34,0,0,17,25.39,0,0
TXN104214,131.62,Online,0.807,472,5,0,0.964,1,0,4,58.76,0,1
TXN104215,589.83,ATM,0.956,496,3,0,0.921,0,0,0,42.37,0,0
TXN104216,497.46,ATM,0.929,144,4,0,0.83,0,0,5,86.42,0,0
TXN104217,239.23,Bank Transfer,0.833,832,4,0,0.817,0,1,12,5.4,0,0
TXN104218,828.08,POS,0.293,997,5,0,0.501,0,0,10,26.5,0,0
TXN104219,100.84,Online,0.174,3465,4,0,0.19,0,1,13,30.01,0,1
TXN104220,752.18,ATM,0.727,2972,3,0,0.699,0,0,8,40.0,0,0
TXN104221,255.32,POS,0.846,43,0,1,0.57,0,0,14,20.22,0,0
TXN104222,3908.96,POS,0.823,1250,5,0,0.463,0,0,17,26.93,0,0
TXN104223,45.04,POS,0.644,1141,0,0,0.427,0,0,13,10.8,1,0
TXN104224,74.49,Online,0.83,1659,4,1,0.245,1,0,12,16.02,0,1
TXN104225,225.61,POS,0.707,588,3,0,0.465,0,0,5,103.47,0,0
TXN104226,220.79,Online,0.665,1000,1,0,0.931,0,1,13,31.14,0,0
TXN104227,1043.29,Online,0.047,2094,2,0,0.277,0,1,20,16.01,0,0
TXN104228,76.07,Online,0.46,1910,4,0,0.639,0,0,10,38.1,0,0
TXN104229,366.84,POS,0.034,3086,1,0,0.662,0,0,10,14.25,0,0
TXN104230,474.6,ATM,0.092,3379,2,1,0.444,0,0,17,41.98,0,0
TXN104231,300.26,Online,0.541,1445,0,0,0.343,0,0,14,53.03,0,0
TXN104232,56.77,POS,0.047,2980,1,1,0.24,0,1,7,7.91,0,0
TXN104233,606.53,POS,0.913,3060,2,0,0.475,0,0,11,9.91,0,0
TXN104234,507.41,POS,0.45,1282,2,0,0.553,1,1,18,18.43,0,0
TXN104235,270.31,Bank Transfer,0.7,1623,2,0,0.133,0,0,12,69.02,0,1
TXN104236,182.06,POS,0.148,2301,2,0,0.932,0,0,16,80.21,0,0
TXN104237,186.07,POS,0.848,3320,2,1,0.101,0,0,10,13.28,0,1
TXN104238,137.18,POS,0.478,2833,0,0,0.143,1,0,21,10.74,0,0
TXN104239,281.68,POS,0.559,3095,6,0,0.702,0,0,1,2.49,0,0
TXN104240,153.11,Online,0.648,2901,4,0,0.809,0,0,21,22.15,0,0
TXN104241,63.53,ATM,0.54,677,4,0,0.512,0,1,10,32.66,0,1
TXN104242,52.01,Online,0.563,804,6,0,0.39,0,0,19,9.24,1,0
TXN104243,69.96,ATM,0.745,3233,9,0,0.743,1,0,23,81.89,0,0
TXN104244,185.33,POS,0.806,1653,4,0,0.883,0,0,20,9.05,0,0
TXN104245,144.47,Online,0.306,727,5,0,0.383,0,0,18,39.31,1,0
TXN104246,184.08,ATM,0.922,1110,1,0,0.653,0,0,0,17.01,0,0
TXN104247,244.89,Online,0.354,1805,3,0,0.909,0,0,16,29.4,1,0
TXN104248,79.26,ATM,0.272,2041,2,0,0.697,0,0,13,46.26,0,0
TXN104249,642.69,POS,0.311,739,2,0,0.174,0,0,2,5.59,0,1
TXN104250,113.56,Online,0.359,941,1,1,0.244,0,0,9,7.56,1,0
TXN104251,96.21,Online,0.317,1428,4,0,,0,0,10,42.21,0,0
TXN104252,240.42,POS,0.844,803,4,0,0.529,0,1,5,9.18,0,1
TXN104253,23.65,ATM,0.561,3597,4,0,0.309,0,0,18,52.63,0,0
TXN104254,67.32,POS,0.968,103,4,0,0.175,0,0,12,11.26,0,0
TXN104255,395.86,POS,0.084,2799,2,0,0.17,0,0,1,26.82,0,1
TXN104256,26.12,ATM,0.614,1090,3,1,0.563,0,0,10,26.24,0,0
TXN104257,453.76,Online,0.096,2035,6,0,0.762,0,1,2,40.5,1,1
TXN104258,672.59,Bank Transfer,0.459,1144,4,1,0.474,0,0,13,27.23,0,0
TXN104259,102.57,Bank Transfer,0.383,3416,2,0,0.459,0,0,9,25.16,1,0
TXN104260,198.7,POS,0.681,3551,0,0,0.103,0,0,12,22.61,0,0
TXN104261,454.45,Online,0.745,1332,4,0,0.429,0,0,17,24.31,0,1
TXN104262,93.06,Bank Transfer,0.238,133,3,0,0.268,0,0,9,23.11,0,0
TXN104263,353.46,POS,0.194,657,3,2,0.458,0,0,5,76.29,0,0
TXN104264,75.86,Online,0.42,2622,4,0,0.14,0,0,8,12.95,0,0
TXN104265,92.06,Bank Transfer,0.242,3030,2,0,0.601,0,0,8,10.75,0,0
TXN104266,66.73,POS,0.677,175,6,0,0.621,0,0,5,19.09,0,1
TXN104267,209.07,Bank Transfer,0.518,74,5,0,0.859,0,1,7,27.8,0,0
TXN104268,472.47,Online,0.827,1808,2,0,0.25,0,1,9,20.81,1,1
TXN104269,123.46,Bank Transfer,0.981,2942,5,1,0.647,0,0,13,31.49,0,0
TXN104270,41.63,Online,0.378,2805,2,0,0.86,0,0,17,15.68,0,0
TXN104271,50.26,Online,0.912,109,4,1,0.925,1,0,12,22.59,0,0
TXN104272,220.21,ATM,0.777,3607,3,0,0.258,0,1,13,9.68,0,0
TXN104273,938.34,POS,0.149,1059,4,0,0.666,0,0,17,35.33,0,0
TXN104274,220.02,Online,0.836,859,1,0,0.237,0,0,7,20.69,0,0
TXN104275,100.8,Bank Transfer,0.482,1316,3,0,0.275,0,0,5,37.43,0,0
TXN104276,319.32,Bank Transfer,0.709,2767,3,1,0.745,0,0,2,11.77,0,0
TXN104277,116.8,Bank Transfer,0.703,1183,0,0,0.855,0,1,18,21.4,0,0
TXN104278,101.67,Online,0.886,2372,4,0,0.426,0,0,7,54.34,0,0
TXN104279,56.91,Online,0.761,911,2,0,0.817,0,0,20,21.95,0,0
TXN104280,606.95,Online,0.825,456,4,0,0.715,0,0,20,37.15,0,1
TXN104281,11.71,Online,0.321,421,4,1,0.424,0,0,1,14.22,0,0
TXN104282,329.59,Online,0.973,1619,0,0,0.352,0,0,4,14.36,0,0
TXN104283,93.34,POS,0.662,41,6,0,0.756,0,0,9,52.41,0,0
TXN104284,98.46,POS,0.774,2053,3,1,0.857,0,0,3,107.74,0,0
TXN104285,806.19,Online,0.859,2834,5,0,0.181,0,0,4,19.05,0,1
TXN104286,72.67,POS,0.124,2068,1,1,0.524,0,0,10,26.41,0,0
TXN104287,75.18,POS,0.336,1684,2,0,0.347,0,0,11,33.01,0,0
TXN104288,130.27,POS,0.836,646,5,0,0.202,0,0,11,22.42,0,0
TXN104289,224.49,ATM,0.922,616,2,0,0.264,1,0,18,13.07,0,0
TXN104290,95.41,Bank Transfer,0.756,450,2,0,0.831,0,0,7,17.92,1,0
TXN104291,30.76,Online,0.482,327,2,0,0.714,0,0,12,23.33,0,0
TXN104292,62.45,Bank Transfer,0.251,2067,2,0,0.971,0,0,4,23.33,1,0
TXN104293,534.5,Bank Transfer,0.525,1037,3,0,0.398,0,0,3,93.77,0,0
TXN104294,159.94,POS,0.397,2426,4,0,0.921,0,0,14,75.32,0,0
TXN104295,233.01,POS,0.886,1312,6,0,0.179,0,0,2,16.13,0,0
TXN104296,114.27,POS,0.567,1196,2,0,0.886,0,0,21,39.66,0,0
TXN104297,76.75,POS,0.392,1700,5,0,0.145,0,0,18,1.66,0,1
TXN104298,794.39,Online,0.498,1343,4,0,0.26,0,0,4,24.0,1,1
TXN104299,122.95,POS,0.934,395,1,0,0.823,0,1,0,39.21,0,0
TXN104300,95.26,Bank Transfer,0.613,122,5,1,0.942,1,0,19,35.65,0,0
TXN104301,444.14,Online,0.229,3577,2,0,0.632,0,0,23,20.31,0,0
TXN104302,72.07,POS,0.5,419,5,0,0.874,0,0,18,39.23,0,0
TXN104303,81.88,Bank Transfer,0.466,1002,1,0,0.211,0,0,1,32.54,1,0
TXN104304,149.94,Bank Transfer,0.31,1498,3,0,0.878,0,0,11,44.11,0,0
TXN104305,148.45,ATM,0.736,1627,1,0,0.356,0,0,5,22.03,1,0
TXN104306,192.41,ATM,0.268,2743,1,1,0.946,0,0,6,44.72,0,0
TXN104307,1201.91,Bank Transfer,0.493,2596,1,0,0.484,0,0,9,34.38,0,0
TXN104308,207.73,Online,0.441,2224,4,2,0.802,0,0,10,51.79,0,0
TXN104309,13.76,Bank Transfer,0.467,1152,3,0,0.727,0,0,17,18.17,0,0
TXN104310,205.68,POS,0.567,3479,4,0,0.115,0,0,9,31.06,0,0
TXN104311,154.14,Online,0.683,328,2,0,0.294,0,0,20,70.84,0,0
TXN104312,155.0,Online,0.143,1153,1,2,0.611,1,0,10,4.92,0,0
TXN104313,189.8,POS,0.288,1393,3,0,0.301,0,0,3,20.53,0,1
TXN104314,144.22,POS,0.773,1296,5,1,0.811,0,1,13,28.16,1,0
TXN104315,140.81,POS,0.908,2031,8,0,0.838,0,0,15,22.54,1,0
TXN104316,273.98,POS,0.045,215,1,1,0.119,0,0,7,42.31,0,0
TXN104317,86.31,POS,0.073,3077,4,1,0.643,0,0,7,4.04,0,0
TXN104318,57.53,Online,0.934,609,5,0,0.993,0,0,23,83.49,0,0
TXN104319,3052.7,ATM,0.148,1361,5,0,0.579,0,0,21,4.06,0,0
TXN104320,72.54,Online,0.979,2133,2,1,0.862,0,0,3,95.7,0,1
TXN104321,164.05,Online,0.828,3250,3,0,0.2,0,0,14,2.79,0,1
TXN104322,33.26,POS,0.121,2048,2,0,0.756,0,0,21,96.97,0,0
TXN104323,166.75,ATM,0.103,2006,5,0,0.286,0,0,5,69.01,0,0
TXN104324,58.37,POS,0.977,923,2,0,0.354,0,0,23,107.49,0,0
TXN104325,95.35,POS,0.255,2627,1,0,0.546,0,0,4,20.99,0,0
TXN104326,422.03,Online,0.539,2057,5,1,0.946,0,0,18,14.66,0,0
TXN104327,237.94,Bank Transfer,0.236,139,1,0,0.713,0,0,23,22.49,1,0
TXN104328,262.02,Bank Transfer,0.601,1548,1,0,0.931,0,0,1,3.46,0,0
TXN104329,25.25,ATM,0.84,3272,5,0,0.765,0,0,20,70.65,0,0
TXN104330,931.59,ATM,0.657,3136,1,1,0.778,0,0,17,9.38,0,0
TXN104331,45.07,Online,0.047,802,3,1,0.871,0,0,9,23.37,0,0
TXN104332,684.41,Online,0.595,2710,3,0,0.395,0,0,17,10.84,0,0
TXN104333,412.21,POS,0.661,1209,4,1,0.812,0,0,4,1.91,0,0
TXN104334,264.37,POS,0.201,2785,1,0,0.859,0,0,22,50.4,0,1
TXN104335,63.12,Bank Transfer,0.762,1925,5,0,0.767,0,0,18,17.42,0,0
TXN104336,172.71,Bank Transfer,0.627,1191,2,0,0.714,0,0,6,15.79,0,0
TXN104337,92.67,POS,0.01,3504,4,0,0.27,0,1,5,33.54,1,0
TXN104338,152.79,POS,0.951,905,3,0,0.962,0,1,12,42.46,0,0
TXN104339,115.6,POS,0.446,1281,1,0,0.356,0,0,20,43.31,0,0
TXN104340,19.32,Online,0.232,3408,3,0,0.474,0,0,5,16.09,0,1
TXN104341,455.68,POS,0.086,828,1,0,0.163,0,0,23,23.06,0,0
TXN104342,136.85,Online,0.374,745,4,2,0.119,0,0,15,10.34,0,1
TXN104343,91.4,POS,0.308,3507,5,1,0.252,0,0,12,9.71,0,0
TXN104344,84.75,POS,0.298,1780,3,0,0.659,0,0,0,13.28,1,0
TXN104345,212.4,POS,0.793,2956,7,0,0.365,0,0,14,18.77,1,1
TXN104346,60.72,ATM,0.646,351,5,0,0.891,0,0,0,7.26,0,0
TXN104347,15.56,POS,0.133,2431,4,1,0.118,0,0,2,49.8,0,0
TXN104348,222.99,Online,0.708,406,4,0,0.276,0,0,3,22.77,0,0
TXN104349,249.41,Online,0.723,1512,5,2,0.173,0,0,13,20.97,0,1
TXN104350,121.56,ATM,0.514,765,4,0,0.192,1,0,18,87.38,0,0
TXN104351,47.09,POS,0.996,1552,5,0,0.314,0,0,12,7.73,0,1
TXN104352,162.22,ATM,0.283,1448,3,0,0.878,0,0,2,42.17,0,0
TXN104353,34.31,POS,0.058,3471,2,0,0.87,0,0,14,48.97,0,0
TXN104354,53.13,Online,0.029,2428,3,0,0.395,0,1,7,28.45,0,1
TXN104355,70.06,Online,0.321,279,4,2,0.168,0,0,17,24.97,0,0
TXN104356,345.14,Bank Transfer,0.498,1793,7,1,0.715,0,0,5,20.38,0,0
TXN104357,103.27,Bank Transfer,0.078,2772,4,0,0.727,0,0,10,32.07,0,0
TXN104358,94.83,ATM,0.566,1813,3,0,0.932,0,0,18,63.15,0,0
TXN104359,1048.06,Bank Transfer,0.901,2206,4,0,0.927,0,0,8,5.48,0,0
TXN104360,211.13,POS,0.797,1886,2,0,0.333,0,0,7,75.19,0,0
TXN104361,208.3,Online,0.672,3535,5,1,0.896,0,0,5,77.06,0,0
TXN104362,102.54,POS,0.662,2407,2,0,0.578,0,0,10,62.31,0,0
TXN104363,81.75,POS,0.73,2051,1,0,0.923,0,1,4,58.68,0,0
TXN104364,16.67,Online,0.494,3441,4,1,0.708,0,0,16,52.47,0,0
TXN104365,391.01,ATM,0.402,1045,0,1,0.518,0,0,20,6.84,0,0
TXN104366,232.37,ATM,0.307,2761,2,0,0.62,0,0,15,53.72,0,0
TXN104367,124.07,Bank Transfer,0.1,2853,5,0,0.312,0,0,3,34.42,1,0
TXN104368,129.38,Online,0.562,1369,5,0,0.612,1,1,9,6.46,0,1
TXN104369,309.87,Bank Transfer,0.473,3597,0,0,0.344,0,0,2,39.77,0,0
TXN104370,31.35,Bank Transfer,0.119,1099,0,0,0.498,1,0,22,59.89,0,0
TXN104371,82.28,ATM,0.268,3314,4,0,0.368,0,1,17,57.06,0,0
TXN104372,47.64,POS,0.787,97,4,1,0.499,0,0,2,35.44,0,0
TXN104373,872.63,Online,0.256,1096,4,2,0.874,0,0,16,49.69,0,0
TXN104374,356.26,ATM,0.426,1135,2,0,0.61,0,0,18,34.51,0,0
TXN104375,16.4,Bank Transfer,0.161,1283,4,0,0.144,0,0,19,37.63,0,0
TXN104376,32.66,POS,0.17,1610,2,0,0.728,0,0,20,1.51,0,0
TXN104377,130.02,POS,0.756,2762,5,0,0.695,0,0,1,4.63,0,0
TXN104378,92.53,POS,0.067,1586,3,0,0.181,0,0,23,13.56,1,0
TXN104379,39.47,POS,0.285,2195,0,0,0.381,0,0,8,63.77,0,0
TXN104380,1037.7,ATM,0.981,444,2,0,0.328,0,0,20,23.03,0,0
TXN104381,202.86,POS,0.476,72,4,1,0.514,1,1,7,25.88,0,1
TXN104382,238.61,POS,0.606,1457,4,0,0.444,0,0,8,94.12,1,1
TXN104383,74.29,Online,0.641,543,3,1,0.845,0,0,4,22.4,1,0
TXN104384,305.6,Online,0.196,425,1,0,0.452,0,0,16,7.38,0,0
TXN104385,101.45,POS,0.369,339,5,0,0.206,0,0,3,59.1,1,0
TXN104386,111.79,Online,0.401,1017,2,0,0.356,0,0,2,,0,0
TXN104387,273.42,Online,0.231,676,1,0,0.226,0,1,22,22.52,1,0
TXN104388,29.11,Bank Transfer,0.234,554,2,0,0.393,0,0,17,44.4,0,0
TXN104389,732.91,ATM,,1133,3,0,0.866,0,0,3,48.17,0,0
TXN104390,178.11,Bank Transfer,0.108,951,2,0,0.58,0,0,23,53.58,0,0
TXN104391,534.29,POS,0.129,3531,3,0,0.423,1,0,13,38.63,0,0
TXN104392,50.63,ATM,0.573,2343,1,1,0.907,0,0,0,93.37,0,0
TXN104393,58.96,Online,0.449,2478,0,1,0.513,0,1,0,28.25,1,0
TXN104394,46.44,Online,0.612,2514,1,1,0.759,0,0,6,25.94,0,0
TXN104395,190.62,Online,0.027,228,1,1,0.282,1,0,22,13.23,0,0
TXN104396,158.54,POS,0.705,1817,1,0,0.432,0,1,1,6.41,0,1
TXN104397,93.28,POS,0.85,2228,2,0,0.556,0,1,1,103.32,1,1
TXN104398,53.84,ATM,0.524,3429,1,1,0.561,1,0,6,14.57,0,0
TXN104399,41.82,ATM,0.841,1610,5,0,0.821,0,0,2,8.7,1,0
TXN104400,141.39,POS,0.4,1021,3,0,0.621,0,0,1,26.06,0,0
TXN104401,93.17,Online,0.079,2759,2,1,0.908,0,0,2,21.8,0,0
TXN104402,74.77,ATM,0.378,698,1,0,0.925,0,0,8,16.78,0,0
TXN104403,697.21,Online,0.446,3229,4,0,0.49,0,0,19,9.22,0,0
TXN104404,136.68,POS,0.866,1321,3,1,0.715,0,0,9,3.23,0,0
TXN104405,528.5,Bank Transfer,0.335,266,2,0,0.806,0,0,15,4.27,1,0
TXN104406,87.07,Online,0.315,1305,6,2,0.428,0,0,12,43.02,0,0
TXN104407,189.57,ATM,,3577,6,0,0.355,0,0,22,18.94,0,0
TXN104408,140.4,Online,0.251,1596,2,0,0.891,0,0,16,47.89,0,0
TXN104409,27.18,ATM,0.642,239,2,0,0.634,0,0,3,15.83,0,0
TXN104410,619.14,POS,0.327,1379,3,0,0.27,0,0,21,42.07,0,0
TXN104411,129.65,Bank Transfer,0.951,2681,5,0,0.62,0,0,5,37.02,0,0
TXN104412,313.07,POS,0.19,226,2,0,0.3,0,1,21,17.84,0,0
TXN104413,69.96,ATM,0.724,3299,5,0,0.517,0,1,10,51.55,0,1
TXN104414,125.86,Bank Transfer,0.55,2755,3,0,,0,0,2,29.03,0,0
TXN104415,62.37,Online,0.979,2751,1,0,0.847,0,0,18,7.88,0,0
TXN104416,510.81,Online,0.994,2755,2,1,0.463,0,0,23,30.61,0,1
TXN104417,202.64,POS,0.794,575,2,1,0.189,0,0,15,32.97,0,0
TXN104418,214.23,Online,0.103,2931,4,1,0.798,0,0,13,6.7,1,0
TXN104419,577.2,Online,0.469,782,2,2,0.698,0,1,4,33.68,2,0
TXN104420,471.7,POS,0.855,586,5,0,0.659,0,0,14,19.75,2,1
TXN104421,319.05,POS,0.638,179,7,1,0.378,0,0,18,50.93,0,0
TXN104422,35.81,Bank Transfer,0.879,549,1,0,0.14,0,0,5,47.27,1,0
TXN104423,74.02,POS,0.799,504,1,0,0.636,0,0,20,37.75,0,0
TXN104424,54.39,POS,0.313,3230,3,0,0.799,0,0,18,26.77,0,0
TXN104425,307.21,POS,0.195,250,2,0,0.373,0,0,23,21.76,0,0
TXN104426,176.03,Online,0.323,2373,3,1,0.716,0,1,0,17.6,0,1
TXN104427,36.95,Online,0.696,224,4,0,0.216,0,0,6,16.91,0,0
TXN104428,122.89,ATM,0.481,3509,2,0,0.757,0,0,5,29.72,0,0
TXN104429,33.31,Online,0.044,2064,2,1,0.869,0,0,12,47.53,0,0
TXN104430,140.73,POS,0.742,1893,4,1,0.45,0,0,19,19.74,0,0
TXN104431,28.35,Online,0.045,307,5,2,0.222,0,0,5,91.52,0,0
TXN104432,251.85,POS,0.409,3172,2,0,0.537,0,1,18,7.68,0,1
TXN104433,216.58,ATM,0.462,1568,3,0,0.626,0,0,5,14.42,0,0
TXN104434,1000.19,POS,0.503,536,6,2,0.204,0,0,20,56.06,0,1
TXN104435,346.5,POS,0.139,2598,5,1,0.275,0,1,13,60.99,1,0
TXN104436,97.23,Online,0.748,3447,5,0,0.158,0,0,11,41.26,1,0
TXN104437,336.32,POS,0.849,84,1,0,0.862,0,0,0,14.66,1,0
TXN104438,36.68,Online,0.698,760,4,1,0.442,0,0,7,50.56,0,0
TXN104439,56.69,Online,0.951,2342,5,0,0.601,0,1,3,53.44,0,0
TXN104440,207.09,Bank Transfer,0.258,255,2,1,0.722,1,0,17,60.5,0,1
TXN104441,17.15,POS,0.161,2771,3,0,0.328,0,0,11,47.58,0,0
TXN104442,143.0,Online,0.067,2238,8,0,0.789,0,0,20,16.11,0,0
TXN104443,53.5,ATM,0.722,1972,2,1,0.248,0,0,11,45.63,0,0
TXN104444,164.24,POS,0.162,1217,2,0,0.99,1,0,22,8.84,0,0
TXN104445,50.51,Online,0.938,1751,4,2,0.521,0,0,16,9.53,1,0
TXN104446,226.84,Bank Transfer,0.598,329,4,1,0.545,0,0,1,22.93,0,0
TXN104447,151.31,ATM,0.804,2675,6,0,0.6,0,0,3,29.7,0,1
TXN104448,602.07,Bank Transfer,0.435,2253,2,0,0.362,0,1,15,5.38,0,0
TXN104449,149.42,ATM,0.735,1947,2,1,0.51,0,1,20,42.73,0,0
TXN104450,68.81,Online,0.444,2866,3,0,0.136,0,1,15,24.7,0,0
TXN104451,115.94,Bank Transfer,0.539,1873,1,0,0.851,0,0,17,34.31,0,0
TXN104452,38.7,POS,0.774,1489,1,0,0.947,0,0,4,38.99,0,0
TXN104453,222.77,Online,0.238,2932,4,0,0.437,0,0,4,24.21,0,0
TXN104454,267.7,ATM,0.885,3414,3,2,0.86,0,0,20,6.05,0,1
TXN104455,1753.2,Bank Transfer,0.716,3061,4,0,0.681,0,0,8,9.59,1,0
TXN104456,79.69,Bank Transfer,0.747,1880,1,1,0.371,0,0,13,26.42,0,0
TXN104457,113.55,POS,0.238,1363,1,1,0.299,0,0,23,36.41,0,0
TXN104458,83.45,ATM,0.09,503,2,0,0.611,0,0,10,31.97,0,0
TXN104459,183.48,POS,0.073,1534,1,0,0.338,0,0,21,63.76,0,0
TXN104460,217.39,ATM,0.647,3040,0,0,0.715,0,1,8,17.47,0,0
TXN104461,140.7,Online,0.15,2928,7,1,0.335,0,1,3,35.06,0,0
TXN104462,439.8,POS,0.999,494,2,0,0.871,0,1,11,34.46,0,0
TXN104463,80.08,ATM,0.961,2002,5,0,0.883,0,0,19,27.68,0,1
TXN104464,397.89,Online,0.029,2452,3,0,0.543,0,0,6,55.92,0,0
TXN104465,254.3,Online,0.725,2516,5,0,0.625,0,1,3,15.2,0,1
TXN104466,146.64,Bank Transfer,0.261,3198,1,0,0.424,0,0,10,32.17,0,0
TXN104467,108.32,Online,0.341,302,5,0,0.889,0,0,12,,0,0
TXN104468,1680.2,Online,0.24,1712,4,0,0.899,0,0,18,30.57,0,0
TXN104469,65.56,POS,0.831,375,2,0,0.66,0,0,18,72.69,0,0
TXN104470,199.92,POS,0.894,2654,3,0,0.208,0,0,0,74.58,0,0
TXN104471,70.09,POS,0.04,1955,3,0,0.564,0,0,20,21.2,0,0
TXN104472,885.03,POS,0.27,1595,2,0,0.72,0,0,2,24.1,0,0
TXN104473,360.26,POS,0.449,2995,4,1,0.94,1,0,4,15.88,0,0
TXN104474,75.31,Online,0.522,3093,1,1,0.94,0,0,2,10.83,0,0
TXN104475,247.79,Online,0.088,1175,2,0,0.802,0,0,4,25.44,0,0
TXN104476,192.04,POS,0.83,2982,2,0,0.111,0,0,17,62.54,0,1
TXN104477,88.53,Online,0.934,3507,1,0,0.468,0,0,16,5.25,0,0
TXN104478,316.77,Bank Transfer,0.403,217,1,0,0.94,0,0,2,60.77,0,0
TXN104479,219.05,POS,0.857,2782,3,0,0.439,0,0,20,57.15,0,0
TXN104480,184.14,Online,0.676,448,4,0,0.645,0,0,9,15.53,0,0
TXN104481,142.32,POS,0.592,2859,2,0,0.849,0,0,18,36.62,0,0
TXN104482,228.39,Online,0.819,2490,2,1,0.282,0,0,3,19.74,0,0
TXN104483,186.68,ATM,0.473,3049,2,1,0.277,0,0,23,61.22,0,0
TXN104484,157.45,POS,0.548,2108,2,1,0.933,0,0,0,64.14,0,0
TXN104485,78.18,POS,0.275,951,3,0,0.854,0,0,0,9.59,0,0
TXN104486,807.36,Bank Transfer,0.712,2547,6,2,0.492,0,1,21,15.64,1,1
TXN104487,51.91,POS,0.159,1225,3,0,0.926,0,0,1,30.37,0,0
TXN104488,227.61,ATM,0.243,142,1,0,0.607,0,1,22,26.48,0,0
TXN104489,107.74,Online,0.48,458,6,0,0.297,0,0,23,70.91,0,1
TXN104490,862.25,POS,0.385,3180,4,0,0.418,0,1,23,27.81,0,0
TXN104491,60.13,ATM,0.24,1406,2,0,0.833,0,1,10,13.71,0,0
TXN104492,71.15,Online,0.192,551,3,0,0.593,0,0,15,31.77,0,0
TXN104493,56.27,POS,0.861,159,1,0,0.124,0,1,17,34.82,0,0
TXN104494,205.09,Bank Transfer,0.591,179,1,0,0.559,0,0,12,13.88,1,0
TXN104495,37.6,Online,0.377,2750,4,0,0.112,0,0,3,14.41,0,1
TXN104496,91.97,ATM,0.846,502,4,0,0.249,0,0,15,37.31,2,1
TXN104497,17.25,POS,0.825,2935,2,0,0.688,0,0,8,49.76,0,0
TXN104498,188.75,POS,0.111,2054,3,0,0.661,0,0,13,69.24,0,0
TXN104499,90.0,ATM,0.567,803,2,0,0.588,0,0,23,16.68,0,0
TXN104500,33.51,Online,0.306,3290,4,0,0.658,0,0,8,20.21,0,0
TXN104501,439.49,POS,0.541,1803,1,0,0.471,0,0,18,29.13,0,0
TXN104502,40.14,ATM,0.718,1457,1,1,0.106,0,1,0,13.39,0,1
TXN104503,329.29,Online,0.009,2462,2,1,0.693,1,0,19,25.4,0,0
TXN104504,73.62,POS,0.514,2411,2,1,0.749,0,1,14,17.24,0,0
TXN104505,736.25,ATM,0.292,2717,2,0,0.605,0,0,11,49.66,0,0
TXN104506,314.05,Online,0.534,2254,0,0,0.647,0,1,9,20.94,0,0
TXN104507,54.16,Online,0.11,3539,3,0,0.267,0,0,3,52.94,0,0
TXN104508,59.32,ATM,0.818,1535,1,1,0.327,0,0,13,25.48,0,0
TXN104509,271.92,Online,0.544,756,1,0,0.587,0,0,22,9.92,0,0
TXN104510,114.16,Bank Transfer,0.211,489,2,0,0.36,0,0,16,8.46,0,0
TXN104511,125.29,ATM,0.77,923,2,0,0.302,1,0,0,82.86,0,1
TXN104512,529.66,POS,0.038,2829,2,0,0.803,0,1,1,34.08,0,0
TXN104513,70.2,Online,0.593,3121,0,0,0.654,0,0,21,12.97,0,0
TXN104514,162.6,Bank Transfer,0.502,1086,7,0,0.192,0,0,0,27.2,0,0
TXN104515,385.53,Bank Transfer,0.04,381,6,1,0.855,1,0,5,44.57,1,0
TXN104516,333.32,POS,0.25,2637,5,2,0.58,0,1,10,16.19,0,0
TXN104517,126.52,POS,,2874,1,0,0.776,0,0,23,13.25,1,0
TXN104518,111.17,POS,0.732,229,1,0,0.593,0,0,9,16.36,0,0
TXN104519,26.08,Bank Transfer,0.706,512,3,1,0.527,0,0,2,25.93,0,0
TXN104520,51.61,Bank Transfer,0.089,1243,0,0,0.74,0,0,23,23.06,0,0
TXN104521,204.05,ATM,0.109,1711,2,1,0.526,0,0,0,13.34,0,0
TXN104522,129.3,POS,0.88,430,5,1,0.677,0,0,6,88.43,0,0
TXN104523,159.96,Bank Transfer,0.201,2173,2,0,0.611,0,0,1,19.3,0,0
TXN104524,419.58,POS,0.304,1828,3,0,0.745,0,1,13,42.99,0,0
TXN104525,45.27,Online,0.684,2809,3,0,0.805,0,0,7,57.32,0,0
TXN104526,117.19,POS,0.061,3479,2,1,0.737,0,1,3,33.03,0,0
TXN104527,179.24,Online,0.948,444,2,0,0.93,0,0,20,25.23,0,0
TXN104528,73.39,Online,0.023,1667,2,0,0.946,0,1,15,11.35,0,0
TXN104529,621.09,POS,0.849,3013,0,1,0.198,0,0,12,6.44,0,0
TXN104530,368.19,POS,0.361,63,3,0,0.649,0,0,15,22.29,1,0
TXN104531,198.37,ATM,0.15,3109,1,0,0.624,0,0,6,33.8,0,0
TXN104532,892.68,POS,0.377,1465,2,0,0.142,0,1,13,42.02,0,0
TXN104533,33.15,Online,0.973,2902,4,0,0.446,0,1,5,27.7,0,1
TXN104534,147.27,POS,0.529,2206,4,0,0.339,0,0,6,56.37,1,1
TXN104535,214.08,POS,0.059,3423,5,0,0.478,0,0,1,40.11,0,0
TXN104536,59.47,POS,0.942,574,2,0,0.794,0,0,23,39.74,0,0
TXN104537,200.48,Online,0.144,3187,3,0,0.361,0,0,22,40.86,0,0
TXN104538,49.08,Online,0.055,2080,0,0,0.932,0,0,16,15.91,0,0
TXN104539,296.06,POS,0.045,2810,5,0,0.892,0,1,12,50.63,0,0
TXN104540,427.45,ATM,0.826,2828,3,1,0.67,0,0,16,31.06,0,0
TXN104541,194.87,POS,0.153,2127,3,0,0.988,0,0,19,13.11,0,0
TXN104542,23.27,ATM,0.179,1668,5,0,0.113,0,0,4,8.63,0,0
TXN104543,56.44,POS,0.944,2957,5,1,0.416,0,1,4,57.85,0,1
TXN104544,261.05,Bank Transfer,0.612,1861,4,1,0.323,0,1,15,39.06,0,1
TXN104545,151.59,POS,0.285,3560,0,0,0.228,0,0,22,11.13,0,0
TXN104546,10.03,Online,0.586,2443,2,0,0.791,1,0,16,33.34,0,0
TXN104547,514.31,Online,0.243,2337,3,0,0.559,0,0,5,58.6,0,0
TXN104548,170.15,Online,0.494,2139,3,0,0.931,0,0,10,12.49,0,0
TXN104549,65.43,ATM,0.335,908,3,1,0.457,0,0,3,4.84,0,0
TXN104550,401.4,POS,0.623,2740,4,2,0.963,0,0,0,8.39,0,0
TXN104551,75.37,Online,0.759,927,2,1,0.675,0,0,13,78.15,0,0
TXN104552,74.56,Bank Transfer,0.349,2257,6,1,0.431,0,0,11,4.4,0,0
TXN104553,212.37,Bank Transfer,0.144,2911,5,0,0.685,0,0,2,8.2,0,0
TXN104554,880.98,Online,0.356,1662,6,0,0.899,0,0,13,36.48,0,0
TXN104555,752.64,Online,0.758,3611,6,0,0.15,0,0,17,15.24,0,0
TXN104556,212.66,ATM,0.787,622,1,1,0.492,0,0,21,40.06,0,0
TXN104557,235.66,ATM,0.786,791,3,1,0.147,0,0,22,31.41,0,0
TXN104558,327.5,Bank Transfer,0.975,1127,5,0,0.662,0,0,11,42.38,0,0
TXN104559,42.23,ATM,0.825,3541,3,0,0.111,0,1,14,32.36,0,0
TXN104560,282.63,Online,0.969,1963,7,0,0.562,0,1,6,30.04,0,1
TXN104561,71.23,Online,0.627,1001,3,0,0.277,0,0,17,5.76,0,0
TXN104562,204.07,Online,0.229,3525,1,0,0.277,0,0,11,0.73,0,0
TXN104563,118.22,POS,0.608,1524,2,0,0.767,1,0,9,91.21,0,0
TXN104564,244.99,ATM,0.198,994,3,0,0.253,0,1,19,17.22,0,0
TXN104565,167.02,Online,0.085,3317,7,0,0.152,0,0,11,55.37,0,0
TXN104566,6.87,POS,0.301,589,4,0,0.449,0,1,9,21.22,0,0
TXN104567,177.49,Online,0.363,3511,4,0,0.503,0,0,4,70.62,1,0
TXN104568,282.07,POS,0.709,195,1,0,0.415,0,0,14,38.46,0,0
TXN104569,231.81,POS,0.363,2082,5,0,0.565,0,0,9,50.34,0,0
TXN104570,133.94,Online,0.003,2138,4,1,0.428,0,0,5,14.67,0,0
TXN104571,766.75,ATM,0.917,3469,3,0,0.366,0,0,13,67.53,0,0
TXN104572,202.63,Online,0.589,3395,5,1,0.555,0,1,1,13.66,0,0
TXN104573,229.91,POS,0.211,3079,2,1,0.128,0,1,8,16.86,0,0
TXN104574,421.78,Online,0.252,3345,3,1,0.119,0,0,10,75.61,0,1
TXN104575,213.28,POS,0.124,3166,3,1,0.886,0,1,15,18.99,0,0
TXN104576,60.46,Bank Transfer,0.907,1886,4,1,0.698,0,0,23,2.63,0,0
TXN104577,12.96,POS,0.23,3173,5,0,0.409,0,0,10,2.27,0,0
TXN104578,92.1,Bank Transfer,0.941,2821,3,0,0.416,0,0,18,8.18,0,0
TXN104579,317.65,POS,0.264,1428,3,0,0.421,1,0,13,32.19,0,0
TXN104580,104.26,POS,0.799,3216,1,0,0.879,0,0,8,6.58,0,0
TXN104581,330.69,Online,0.01,141,3,0,0.975,0,0,0,25.78,0,0
TXN104582,172.21,ATM,0.483,402,5,0,0.37,0,1,10,17.83,0,0
TXN104583,538.11,Bank Transfer,0.369,626,0,1,0.729,0,0,21,13.34,1,0
TXN104584,110.47,Online,0.335,1966,3,1,0.324,0,1,13,26.32,0,0
TXN104585,236.89,POS,0.992,299,3,1,0.763,0,0,3,37.78,0,0
TXN104586,246.14,POS,0.721,844,2,0,0.956,0,1,17,22.69,0,0
TXN104587,666.21,Online,,907,3,0,0.133,0,0,18,10.5,0,0
TXN104588,26.93,Online,0.752,908,2,0,0.158,0,0,3,45.49,0,1
TXN104589,93.84,Bank Transfer,0.13,230,3,0,0.817,0,0,17,18.48,0,0
TXN104590,346.72,Online,0.926,842,5,0,0.507,0,0,0,32.01,0,1
TXN104591,696.38,ATM,0.426,1032,6,0,0.6,0,0,11,87.57,0,0
TXN104592,188.68,ATM,0.191,2776,1,0,0.451,0,0,21,20.37,0,0
TXN104593,110.75,POS,0.273,2162,1,0,0.149,0,0,1,37.02,0,0
TXN104594,316.44,Online,0.155,1169,1,0,0.462,0,1,8,12.99,0,0
TXN104595,353.79,Bank Transfer,0.931,540,5,3,0.234,0,0,13,19.33,1,0
TXN104596,103.58,Online,0.306,1888,2,0,0.392,0,0,16,36.86,0,0
TXN104597,206.5,Online,0.143,1172,5,1,0.255,0,0,4,6.56,0,0
TXN104598,483.25,Bank Transfer,0.813,2553,3,1,0.87,0,0,2,68.19,1,0
TXN104599,982.85,POS,0.213,841,2,1,0.325,0,0,19,30.87,0,0
TXN104600,311.88,Bank Transfer,0.094,3638,3,0,0.626,0,0,20,45.48,0,0
TXN104601,155.11,Online,0.668,374,4,0,0.987,0,0,12,10.47,0,0
TXN104602,140.6,Online,0.007,3052,1,1,0.991,0,0,23,9.68,2,0
TXN104603,259.15,POS,0.832,2477,2,1,0.689,0,1,10,20.6,0,1
TXN104604,132.2,Online,0.563,2466,1,0,0.378,0,0,17,28.89,0,0
TXN104605,179.4,POS,0.247,3262,1,0,0.554,0,0,16,73.58,0,0
TXN104606,51.53,POS,0.474,1664,3,0,0.556,0,0,3,46.59,0,0
TXN104607,542.97,Online,0.262,2621,5,2,0.889,0,1,23,57.99,0,0
TXN104608,47.46,POS,0.533,1942,0,0,0.746,0,0,1,19.86,0,0
TXN104609,96.34,Online,0.572,2506,0,0,0.895,0,0,12,15.21,0,0
TXN104610,163.63,POS,0.772,2031,1,0,0.114,0,0,21,28.76,0,0
TXN104611,1086.79,POS,0.466,3588,1,0,0.976,0,1,21,4.53,0,0
TXN104612,97.25,POS,0.787,1200,6,0,0.715,1,0,12,13.09,0,0
TXN104613,76.25,Online,0.069,2677,1,2,0.937,0,0,0,113.85,0,0
TXN104614,85.56,POS,0.921,631,3,0,0.812,0,0,16,49.46,0,0
TXN104615,779.69,POS,0.186,200,6,0,0.734,0,0,12,31.09,0,0
TXN104616,8.91,Online,0.837,2576,5,1,0.166,1,0,11,3.77,0,0
TXN104617,54.45,ATM,0.495,820,1,0,0.23,0,1,4,55.81,0,0
TXN104618,2278.54,Online,0.105,86,3,0,,0,0,13,,0,0
TXN104619,267.97,POS,0.36,2337,4,1,0.542,0,0,20,59.53,0,0
TXN104620,49.11,ATM,0.918,2244,8,0,0.796,0,0,17,24.48,0,0
TXN104621,142.32,Online,0.835,2343,3,1,0.312,1,0,8,21.23,0,0
TXN104622,158.77,Online,0.722,1673,3,1,0.982,0,1,21,17.53,0,1
TXN104623,345.89,POS,0.38,3044,0,0,0.698,0,1,12,16.06,0,0
TXN104624,934.02,POS,0.589,76,0,1,0.766,0,0,19,20.17,0,0
TXN104625,218.89,Online,0.232,604,5,0,0.911,0,0,20,31.85,0,0
TXN104626,86.51,POS,0.648,1392,5,0,0.562,0,0,6,91.99,0,0
TXN104627,326.06,Online,0.261,3582,2,0,0.231,0,0,22,2.17,0,0
TXN104628,73.83,POS,0.829,2638,1,0,0.485,0,0,1,19.24,0,0
TXN104629,52.81,POS,0.704,1898,5,0,0.577,0,1,3,47.25,0,0
TXN104630,25.54,POS,0.386,3466,7,0,0.974,0,0,14,36.28,0,0
TXN104631,31.03,POS,0.659,3361,5,0,0.165,0,0,4,18.53,0,0
TXN104632,60.56,Online,0.325,410,4,0,0.396,0,0,0,31.6,0,0
TXN104633,45.71,POS,0.156,1946,2,0,0.771,0,0,15,11.39,0,0
TXN104634,203.01,Online,0.235,3473,3,0,0.735,0,0,13,48.64,0,0
TXN104635,44.73,POS,0.272,706,2,0,0.852,0,0,22,35.78,1,0
TXN104636,6.4,Online,0.227,601,0,1,0.962,0,0,3,23.65,0,0
TXN104637,52.25,Bank Transfer,0.678,1300,4,0,0.608,0,0,6,48.08,0,0
TXN104638,92.59,Bank Transfer,0.74,3537,2,0,0.869,0,0,5,44.19,0,0
TXN104639,81.01,Online,0.457,830,3,0,0.966,0,1,9,58.46,0,0
TXN104640,678.26,Online,0.988,2330,2,0,0.217,0,0,11,35.7,0,0
TXN104641,80.36,Online,0.891,986,3,0,0.629,0,0,4,62.07,0,0
TXN104642,358.14,Bank Transfer,0.087,2697,1,0,0.509,0,0,18,47.73,0,0
TXN104643,145.62,Online,0.46,3253,4,1,0.794,0,1,21,1.36,0,0
TXN104644,142.27,POS,0.908,177,2,0,0.28,0,0,18,8.84,0,0
TXN104645,64.37,ATM,0.22,1396,2,0,0.873,1,1,20,36.71,0,0
TXN104646,139.94,POS,0.378,2125,3,0,0.502,0,0,20,34.51,1,0
TXN104647,69.06,ATM,0.947,691,4,0,0.429,0,0,14,66.55,0,0
TXN104648,175.92,POS,0.776,2328,4,0,0.745,0,0,0,34.73,0,0
TXN104649,117.18,POS,0.832,1349,0,1,0.398,0,0,3,11.22,0,0
TXN104650,57.71,ATM,0.879,157,2,0,0.901,0,0,10,12.48,0,0
TXN104651,400.17,Online,0.171,2264,2,0,0.888,0,0,14,56.85,0,0
TXN104652,227.43,Online,0.699,167,0,0,0.129,0,0,10,36.9,0,0
TXN104653,94.82,ATM,0.803,757,5,1,0.265,0,0,13,33.61,1,1
TXN104654,171.66,ATM,0.226,622,4,0,0.763,0,0,4,14.83,0,0
TXN104655,136.48,Online,0.043,214,3,0,0.586,0,0,9,33.17,0,0
TXN104656,62.33,Bank Transfer,0.178,1518,6,0,0.174,0,1,20,35.84,0,0
TXN104657,159.25,POS,0.741,3187,4,0,0.469,0,1,4,13.51,0,1
TXN104658,79.76,POS,0.694,1136,2,0,0.132,0,0,3,9.92,0,1
TXN104659,57.69,ATM,0.892,895,0,0,0.333,0,1,23,60.13,0,1
TXN104660,29.29,Online,0.317,2951,2,1,0.258,0,0,16,49.96,0,0
TXN104661,103.69,Bank Transfer,0.622,3419,2,0,0.844,0,0,13,28.45,0,0
TXN104662,261.64,POS,0.027,1120,2,0,0.871,0,0,22,20.49,0,0
TXN104663,74.09,POS,0.935,200,6,0,0.843,0,0,11,51.53,0,0
TXN104664,1845.87,POS,0.554,2783,4,0,0.124,0,0,17,,0,0
TXN104665,359.85,Online,0.748,2386,1,1,0.773,0,0,4,17.28,0,0
TXN104666,546.94,ATM,0.284,3640,2,1,0.645,0,0,22,6.5,0,0
TXN104667,328.73,Online,0.082,2438,4,0,0.718,0,0,18,16.97,1,0
TXN104668,946.59,POS,0.063,3395,2,0,0.143,0,0,21,14.34,0,0
TXN104669,67.56,POS,0.815,594,4,0,0.286,0,0,23,27.27,0,0
TXN104670,11.46,POS,0.152,626,5,0,0.288,0,0,0,30.52,2,0
TXN104671,95.0,Online,0.824,2438,8,0,0.246,0,0,21,9.48,0,0
TXN104672,259.36,Online,0.265,2737,3,1,0.616,0,0,3,26.45,2,0
TXN104673,172.69,POS,0.541,1433,3,1,0.401,0,0,21,60.95,1,0
TXN104674,195.48,Online,0.262,1590,1,1,0.512,0,0,11,46.09,2,0
TXN104675,556.08,Online,0.05,1412,3,1,0.747,0,0,7,17.13,0,0
TXN104676,217.47,POS,0.542,203,1,0,0.59,0,0,10,21.85,0,0
TXN104677,329.94,Online,0.367,3206,4,0,0.51,0,0,4,39.79,0,0
TXN104678,58.0,Online,0.435,3314,3,0,0.918,0,0,0,37.63,0,0
TXN104679,49.63,Online,0.602,3477,2,0,0.674,0,0,20,8.74,1,0
TXN104680,745.54,POS,0.314,1855,4,0,0.718,0,0,9,2.84,0,0
TXN104681,164.17,POS,0.564,645,1,0,0.262,0,0,4,55.44,0,1
TXN104682,79.58,ATM,0.658,1492,4,0,0.643,0,1,19,46.57,0,0
TXN104683,79.73,POS,0.09,2506,1,1,0.564,0,0,3,111.06,0,0
TXN104684,77.55,ATM,0.35,657,2,1,0.949,0,0,3,15.74,0,0
TXN104685,73.04,Online,0.09,590,2,1,0.767,0,0,9,16.22,0,0
TXN104686,41.13,Online,0.007,3622,4,0,0.855,0,0,16,26.09,0,0
TXN104687,33.1,ATM,0.051,156,4,0,0.692,0,1,22,31.13,0,0
TXN104688,122.12,Online,0.592,2195,3,0,0.394,0,0,22,9.27,1,0
TXN104689,82.03,POS,0.084,571,2,1,0.695,0,0,21,15.49,0,0
TXN104690,449.06,POS,0.869,109,4,0,0.972,0,0,19,50.71,0,0
TXN104691,198.95,Online,0.759,2327,1,0,0.39,0,0,8,28.41,0,0
TXN104692,193.51,Online,0.009,695,2,1,0.254,0,0,16,16.56,0,0
TXN104693,70.59,ATM,0.573,2659,4,0,0.381,0,0,12,20.88,0,0
TXN104694,131.5,Online,0.01,3015,1,0,0.802,0,0,21,12.27,0,0
TXN104695,212.94,Online,,1865,3,1,0.177,0,0,7,62.9,0,0
TXN104696,303.75,POS,0.988,634,2,1,0.937,1,0,8,21.74,0,1
TXN104697,135.11,POS,0.457,3475,4,1,0.743,0,0,14,3.76,0,0
TXN104698,436.65,ATM,0.027,1377,3,1,0.647,0,0,3,51.72,0,0
TXN104699,149.6,POS,0.85,2796,3,1,0.259,0,0,8,24.18,0,1
TXN104700,327.95,Bank Transfer,0.917,728,2,0,0.59,0,0,12,36.29,1,1
TXN104701,90.94,POS,0.548,615,1,1,0.114,0,1,11,32.55,0,1
TXN104702,24.23,Online,0.706,2471,5,0,0.611,0,0,15,21.76,0,0
TXN104703,194.1,POS,0.78,782,2,0,0.369,0,0,21,18.31,0,0
TXN104704,306.53,ATM,0.735,1958,3,0,0.583,0,0,10,16.79,0,0
TXN104705,263.84,POS,0.495,2187,2,0,0.426,0,0,21,25.71,0,0
TXN104706,226.37,Online,0.833,472,3,0,0.498,0,0,14,11.45,1,1
TXN104707,104.73,Bank Transfer,0.527,1236,1,0,0.602,0,0,9,31.77,0,0
TXN104708,66.24,Online,0.26,729,1,1,0.958,0,0,17,16.02,0,0
TXN104709,257.68,POS,0.004,33,0,1,0.985,0,0,10,43.96,0,0
TXN104710,227.34,ATM,0.359,3465,3,1,0.651,0,0,10,16.13,0,0
TXN104711,84.7,Online,0.083,117,1,0,0.227,0,0,7,49.93,0,0
TXN104712,450.08,POS,0.063,3032,2,0,0.141,0,0,11,35.43,0,0
TXN104713,61.38,Online,0.469,1507,2,0,0.994,0,1,14,44.18,0,0
TXN104714,82.8,ATM,0.944,1032,0,0,0.668,0,0,2,30.78,0,0
TXN104715,762.36,Online,0.106,1925,6,0,0.638,0,0,21,30.03,0,0
TXN104716,353.75,ATM,0.274,3345,4,0,0.138,0,0,4,8.01,0,0
TXN104717,103.75,Online,0.83,2395,2,0,0.947,0,0,1,21.62,0,0
TXN104718,197.82,Online,0.402,321,4,1,0.243,0,1,10,23.28,0,1
TXN104719,173.26,POS,0.759,2792,3,1,0.586,0,1,8,63.84,0,0
TXN104720,9.53,ATM,0.542,2793,2,0,0.372,0,1,8,0.95,0,0
TXN104721,59.95,POS,0.604,3536,4,0,0.445,0,1,23,36.63,0,0
TXN104722,141.06,POS,0.161,761,0,1,0.397,0,0,19,32.33,0,0
TXN104723,103.9,POS,0.352,3066,3,0,0.335,0,0,4,29.22,0,0
TXN104724,190.01,Bank Transfer,0.622,1369,2,0,0.334,0,0,15,6.37,0,0
TXN104725,459.2,POS,0.027,1318,3,0,0.174,0,0,15,16.71,0,1
TXN104726,107.6,POS,0.188,2322,3,2,0.12,0,0,18,36.04,0,0
TXN104727,51.54,POS,0.386,1965,1,0,0.464,0,0,3,30.01,0,0
TXN104728,205.38,POS,0.675,861,4,0,0.174,0,1,17,35.56,0,0
TXN104729,107.06,Bank Transfer,0.51,811,1,0,0.411,0,0,5,28.93,0,0
TXN104730,126.97,Online,0.719,2383,0,1,0.317,0,0,21,33.45,1,1
TXN104731,110.86,ATM,0.727,3536,6,0,0.548,0,0,21,29.54,0,0
TXN104732,1396.66,ATM,0.031,860,3,0,0.668,0,0,16,47.73,0,0
TXN104733,15.79,POS,0.902,1968,5,0,0.45,0,0,18,29.09,0,0
TXN104734,100.65,ATM,0.824,1140,3,0,0.513,0,0,22,4.49,1,0
TXN104735,147.87,Bank Transfer,0.271,933,2,0,0.99,0,0,23,18.29,0,0
TXN104736,67.96,ATM,0.485,2908,5,0,0.495,0,1,22,30.11,0,1
TXN104737,364.97,Online,0.308,2651,3,1,0.474,0,0,5,57.43,0,0
TXN104738,334.71,Online,0.907,1765,4,0,0.611,0,0,16,53.32,0,1
TXN104739,141.49,ATM,0.383,1796,5,0,0.127,1,0,9,55.33,0,0
TXN104740,113.22,POS,0.396,1570,5,0,0.542,0,0,13,13.78,0,0
TXN104741,132.69,ATM,0.912,3638,2,1,0.137,0,1,8,48.31,0,0
TXN104742,133.65,POS,0.601,3454,2,0,0.349,1,0,0,4.47,0,0
TXN104743,137.23,Online,0.138,300,7,0,0.801,1,0,6,27.38,0,0
TXN104744,122.98,Bank Transfer,0.626,2984,7,0,0.286,0,0,19,10.55,0,1
TXN104745,191.03,Online,0.794,1244,3,0,0.542,0,1,21,46.28,1,0
TXN104746,315.2,POS,0.338,2393,5,1,0.724,0,0,0,11.22,0,0
TXN104747,43.37,ATM,0.527,3439,3,1,0.98,0,0,2,51.68,0,0
TXN104748,51.9,Bank Transfer,0.627,1555,1,0,0.677,0,0,14,16.1,0,0
TXN104749,25.83,Online,0.51,1699,2,0,0.895,0,0,23,53.89,0,0
TXN104750,352.98,Bank Transfer,0.999,2296,2,0,0.284,0,0,15,21.62,0,0
TXN104751,190.63,ATM,0.507,1158,1,1,0.168,0,1,2,55.42,1,1
TXN104752,245.98,Bank Transfer,0.643,984,1,0,0.543,0,0,15,21.17,0,0
TXN104753,35.53,POS,0.794,2219,2,1,0.613,0,0,18,35.79,0,0
TXN104754,884.43,Online,0.137,781,5,0,0.389,0,0,14,20.03,1,0
TXN104755,80.73,ATM,0.044,2435,6,0,0.747,1,0,0,23.9,0,0
TXN104756,175.6,Bank Transfer,0.973,933,2,0,0.596,0,0,21,12.47,0,0
TXN104757,348.76,POS,0.732,365,3,1,0.63,0,0,7,29.38,0,0
TXN104758,55.31,POS,0.393,396,2,1,0.908,0,0,14,41.03,0,0
TXN104759,85.94,POS,0.018,968,5,0,0.249,0,0,11,33.11,0,0
TXN104760,177.54,ATM,0.166,399,1,1,0.393,0,0,0,17.6,0,0
TXN104761,2584.98,Bank Transfer,0.01,1148,6,0,0.784,0,1,1,36.22,0,0
TXN104762,200.56,Online,0.396,1543,3,0,0.546,0,0,10,49.15,0,0
TXN104763,739.79,POS,0.555,919,6,0,0.898,0,0,2,67.09,1,0
TXN104764,495.55,POS,0.161,1963,1,0,0.242,0,0,4,40.12,0,0
TXN104765,214.44,ATM,0.64,1416,4,1,0.51,0,0,15,31.66,0,0
TXN104766,55.19,POS,0.954,319,2,0,0.792,0,0,9,34.76,0,0
TXN104767,428.27,POS,0.99,1241,7,0,0.664,0,1,2,16.99,0,1
TXN104768,33.18,POS,0.833,73,2,0,0.231,0,0,23,53.85,0,1
TXN104769,735.74,ATM,0.444,2677,1,0,0.729,0,0,22,58.78,1,0
TXN104770,181.27,Online,0.547,1633,2,1,0.591,0,0,17,46.26,0,0
TXN104771,10.48,POS,0.503,2198,2,1,0.975,0,0,3,23.51,0,0
TXN104772,105.58,POS,0.156,545,2,0,0.671,0,0,14,4.67,0,0
TXN104773,285.42,Bank Transfer,,1583,1,1,0.388,0,0,17,22.32,0,0
TXN104774,117.09,Online,0.676,2959,2,0,0.587,0,0,8,9.37,0,0
TXN104775,303.39,Online,0.638,754,3,0,0.22,0,0,19,13.58,0,0
TXN104776,63.43,POS,0.22,3592,4,1,0.773,0,1,18,26.44,0,0
TXN104777,40.21,POS,0.153,1552,3,0,0.872,0,0,8,52.3,0,0
TXN104778,138.18,ATM,0.873,523,6,1,0.628,1,0,3,36.45,0,1
TXN104779,153.17,ATM,0.179,683,3,0,0.61,0,1,22,20.3,0,0
TXN104780,104.75,Online,0.074,1702,2,1,0.198,0,0,9,25.5,0,0
TXN104781,506.38,Bank Transfer,0.626,3476,2,0,0.262,1,0,10,31.55,1,0
TXN104782,63.42,Online,0.704,1738,4,0,0.964,1,0,19,46.69,0,0
TXN104783,202.99,Bank Transfer,0.12,659,2,0,0.458,0,1,7,44.08,1,1
TXN104784,158.85,POS,0.207,1434,3,1,0.798,0,0,20,26.52,1,0
TXN104785,31.29,POS,0.789,3138,3,0,0.903,0,0,17,43.15,0,0
TXN104786,39.68,ATM,0.93,3593,2,0,0.182,0,1,15,,0,1
TXN104787,150.19,Bank Transfer,0.476,2258,5,1,0.901,0,0,8,10.81,0,0
TXN104788,1076.21,ATM,0.792,3164,5,0,0.254,0,0,23,86.95,0,1
TXN104789,264.88,Online,0.319,2965,6,0,0.794,0,0,17,43.44,0,0
TXN104790,26.43,ATM,0.703,1565,2,0,0.342,0,0,8,14.88,0,0
TXN104791,6.62,Online,0.557,3246,4,0,0.863,0,0,5,32.47,0,0
TXN104792,308.91,POS,0.843,302,4,0,0.512,0,1,11,50.12,0,0
TXN104793,134.8,Online,0.776,2940,5,0,0.518,0,1,5,56.21,0,0
TXN104794,464.64,Online,0.284,2134,8,0,0.623,0,0,7,25.89,0,0
TXN104795,61.52,Online,0.149,2163,3,1,0.867,0,0,8,49.81,0,0
TXN104796,210.65,Bank Transfer,0.808,3415,3,2,0.369,0,0,4,28.68,0,0
TXN104797,345.91,Online,0.033,996,2,0,0.981,0,0,16,5.57,0,0
TXN104798,94.87,POS,0.679,745,4,1,0.851,1,0,2,38.96,0,0
TXN104799,96.92,POS,0.476,2419,2,0,0.448,0,0,22,39.98,0,0
TXN104800,152.21,ATM,0.075,2714,3,0,0.124,0,0,13,13.54,0,0
TXN104801,255.36,POS,0.689,47,4,0,0.258,0,1,18,12.56,0,1
TXN104802,146.3,Bank Transfer,0.483,1839,1,1,0.601,0,0,23,41.46,0,0
TXN104803,393.07,POS,0.86,1396,3,0,0.847,0,0,8,63.95,0,0
TXN104804,93.51,Online,0.209,2996,1,0,0.949,0,0,23,7.37,0,0
TXN104805,39.31,ATM,0.002,3135,5,0,0.442,0,0,10,33.8,0,0
TXN104806,1071.67,Online,0.13,532,4,0,0.137,0,0,18,9.36,0,1
TXN104807,81.07,ATM,0.27,2131,1,1,0.735,0,0,12,44.52,0,0
TXN104808,84.06,POS,0.652,2644,4,0,0.381,0,1,16,63.25,0,0
TXN104809,138.96,Online,0.363,973,5,2,0.635,0,0,1,31.24,1,0
TXN104810,158.73,Online,0.118,3410,3,0,0.461,0,0,6,30.58,0,0
TXN104811,100.82,Bank Transfer,0.982,3259,4,2,0.668,0,0,11,30.79,0,0
TXN104812,145.85,POS,0.108,653,4,1,0.324,0,0,19,8.35,0,0
TXN104813,142.63,POS,0.355,85,5,0,0.241,0,0,11,6.41,0,0
TXN104814,176.76,Online,0.877,2122,4,1,0.254,0,0,23,33.96,0,1
TXN104815,14.05,Bank Transfer,0.653,3226,3,0,0.926,0,0,14,3.21,0,0
TXN104816,973.48,ATM,0.32,2500,5,1,0.88,0,1,0,40.52,0,0
TXN104817,128.09,ATM,0.97,2779,3,1,0.867,0,0,20,18.1,0,0
TXN104818,265.24,Online,0.501,2636,0,0,0.651,0,0,8,21.07,0,1
TXN104819,37.41,Online,0.008,559,3,1,0.468,0,1,22,5.19,0,0
TXN104820,92.67,ATM,0.006,273,3,0,0.302,0,0,16,39.49,0,0
TXN104821,75.77,Bank Transfer,0.941,257,6,0,0.687,0,1,21,31.69,0,0
TXN104822,645.31,ATM,0.281,3591,3,0,0.388,0,0,8,6.99,0,0
TXN104823,82.61,ATM,0.812,3473,5,1,0.636,0,1,13,16.1,0,0
TXN104824,316.74,Bank Transfer,0.044,3048,2,0,0.422,0,0,8,26.86,0,0
TXN104825,77.45,POS,0.147,272,3,0,0.113,0,0,22,2.53,0,0
TXN104826,94.38,POS,0.857,3246,4,0,0.659,0,0,3,26.77,1,1
TXN104827,116.1,Bank Transfer,0.994,3555,2,0,0.99,0,0,23,14.69,0,0
TXN104828,535.85,Online,0.052,2870,3,0,0.526,0,1,12,35.89,0,0
TXN104829,22.42,POS,0.168,1552,3,0,0.237,0,1,2,24.72,1,0
TXN104830,39.82,Online,0.723,366,4,1,0.772,0,0,12,22.22,1,0
TXN104831,21.17,Online,0.53,1309,5,1,0.554,1,0,3,29.57,0,0
TXN104832,50.02,ATM,0.406,768,5,0,0.74,0,0,7,39.64,0,0
TXN104833,65.92,ATM,0.194,2383,5,1,0.893,0,0,14,13.51,0,0
TXN104834,29.53,POS,0.945,3225,3,0,0.35,0,0,6,9.38,0,0
TXN104835,71.23,Online,0.172,1825,2,0,0.332,0,0,19,25.05,0,0
TXN104836,19.79,POS,0.265,204,7,2,0.522,1,0,11,25.68,1,0
TXN104837,53.62,Bank Transfer,0.324,1441,2,1,0.178,0,0,14,26.33,0,0
TXN104838,492.96,POS,0.139,2925,2,0,0.191,0,0,12,8.31,1,0
TXN104839,222.2,Online,0.536,2347,3,1,0.558,0,0,11,53.83,0,0
TXN104840,179.01,Online,0.341,177,2,0,0.456,0,0,11,13.7,0,0
TXN104841,54.45,Online,0.608,1297,1,0,0.46,1,0,14,7.15,0,0
TXN104842,31.94,Online,0.368,1303,3,1,0.679,0,0,19,23.06,0,0
TXN104843,47.51,Online,0.116,154,2,0,0.937,0,1,7,8.38,0,0
TXN104844,142.14,Online,0.873,1295,2,1,0.943,0,0,1,44.3,0,0
TXN104845,353.6,POS,0.51,3015,4,0,0.462,0,0,16,22.66,2,0
TXN104846,365.9,POS,0.322,500,3,0,0.684,1,0,8,46.83,1,0
TXN104847,278.83,Online,0.016,1892,2,0,0.459,1,0,22,63.4,0,0
TXN104848,70.98,POS,0.598,2407,3,0,0.77,0,1,12,12.28,0,0
TXN104849,152.1,ATM,0.783,2515,4,0,0.554,0,0,22,35.12,0,0
TXN104850,107.63,POS,0.65,1223,1,0,0.213,0,0,23,36.06,0,0
TXN104851,121.37,ATM,0.788,2112,8,1,0.592,1,0,19,27.34,0,1
TXN104852,1138.11,POS,0.155,2646,4,1,0.993,0,0,19,12.11,0,0
TXN104853,25.48,ATM,0.972,2253,1,0,0.344,0,0,14,8.41,1,0
TXN104854,117.37,POS,0.211,3063,2,0,0.791,0,0,20,12.12,0,0
TXN104855,498.57,Online,0.267,822,3,0,0.358,0,1,9,54.06,0,0
TXN104856,34.26,POS,0.512,420,5,0,0.753,0,0,13,39.93,0,0
TXN104857,77.96,Online,0.005,3413,4,1,0.527,0,0,12,25.57,0,0
TXN104858,87.44,POS,0.442,2688,4,1,0.743,0,0,17,31.98,0,0
TXN104859,118.71,ATM,0.196,1650,3,0,0.85,0,0,6,61.37,1,0
TXN104860,30.09,Online,0.749,2095,3,0,0.117,0,0,7,20.58,0,0
TXN104861,269.15,Bank Transfer,0.758,3360,3,0,0.678,0,0,13,21.3,0,0
TXN104862,288.96,Online,0.616,3167,2,1,0.161,0,0,17,24.15,1,0
TXN104863,246.75,Online,0.422,2951,6,1,0.954,0,0,22,24.02,0,0
TXN104864,62.15,ATM,0.31,2169,5,0,0.565,0,0,22,49.81,0,0
TXN104865,161.82,POS,0.827,2636,4,0,0.362,0,0,14,4.01,1,0
TXN104866,60.37,Online,0.507,2130,3,0,0.707,0,0,23,24.49,0,0
TXN104867,106.42,Online,0.496,1695,2,1,0.714,0,1,12,37.49,0,0
TXN104868,1278.53,ATM,0.113,2469,1,0,0.512,0,0,11,47.25,0,0
TXN104869,163.32,POS,0.218,111,1,2,0.91,0,0,12,11.59,0,0
TXN104870,45.26,Online,0.36,3021,3,0,0.968,0,0,19,67.31,0,0
TXN104871,177.74,Online,0.699,1171,3,2,0.513,0,0,1,24.33,0,0
TXN104872,38.41,Online,0.845,2003,4,0,0.742,0,0,15,18.33,0,0
TXN104873,44.75,POS,0.993,2436,2,1,0.106,0,0,14,13.14,0,0
TXN104874,52.4,Online,0.427,1216,4,0,0.376,0,0,15,38.34,0,0
TXN104875,95.17,ATM,0.453,1226,1,0,0.852,0,0,12,35.86,0,0
TXN104876,378.79,POS,0.766,670,2,0,0.211,0,0,2,18.02,0,0
TXN104877,264.65,POS,0.321,388,3,0,0.131,0,0,17,60.54,0,1
TXN104878,250.38,Bank Transfer,0.541,3221,2,0,0.716,0,0,1,3.45,0,0
TXN104879,49.46,Bank Transfer,0.677,1904,4,0,0.437,0,0,5,25.4,0,0
TXN104880,86.37,POS,0.236,2488,4,1,0.899,0,0,2,32.16,1,0
TXN104881,194.81,Online,0.28,589,1,1,0.968,0,0,10,22.62,0,0
TXN104882,79.18,POS,0.356,3116,5,0,0.411,0,0,15,80.25,0,0
TXN104883,112.35,Bank Transfer,0.578,1138,2,0,0.975,0,0,19,12.52,0,0
TXN104884,230.76,Online,0.27,1696,1,0,0.725,1,0,15,42.52,0,0
TXN104885,104.71,Online,0.208,1846,2,0,0.501,0,0,10,13.11,0,0
TXN104886,186.06,POS,0.15,2722,8,1,0.593,0,0,20,14.89,1,0
TXN104887,729.77,Online,0.809,450,3,0,0.912,1,0,22,63.12,0,0
TXN104888,124.98,POS,0.886,3313,3,0,0.189,0,1,21,30.85,0,0
TXN104889,482.67,ATM,0.905,437,0,0,0.416,0,0,12,26.25,0,0
TXN104890,259.66,Online,0.822,2337,5,0,0.444,0,0,22,14.46,0,0
TXN104891,34.22,Online,0.137,790,4,0,0.468,0,0,15,1.84,0,0
TXN104892,49.3,ATM,0.098,3372,1,1,0.647,0,0,15,28.33,1,0
TXN104893,64.48,POS,0.499,2172,4,0,0.275,0,0,2,7.68,0,1
TXN104894,63.13,POS,0.521,3451,3,0,0.623,0,0,19,45.47,0,0
TXN104895,135.6,Online,0.733,3408,6,1,0.944,1,0,10,5.69,0,0
TXN104896,274.42,ATM,0.223,999,3,0,0.53,0,0,3,82.65,0,0
TXN104897,520.69,POS,0.931,895,5,0,0.475,0,0,6,38.69,0,1
TXN104898,201.98,ATM,0.31,437,2,2,0.206,0,1,11,32.81,0,0
TXN104899,95.04,Online,0.578,2635,2,0,0.762,0,0,2,25.54,0,0
TXN104900,18.5,Online,0.864,119,3,1,0.726,0,0,22,43.95,1,0
TXN104901,159.27,Online,0.523,715,2,0,0.685,0,0,19,14.94,0,0
TXN104902,152.29,POS,0.754,3320,1,1,0.962,0,0,4,27.17,0,0
TXN104903,178.2,POS,0.749,2330,4,0,0.453,0,0,20,32.77,0,0
TXN104904,1219.55,ATM,0.79,1661,3,0,0.61,0,0,10,15.51,0,1
TXN104905,513.16,Online,0.811,528,6,0,0.915,0,0,20,13.68,1,0
TXN104906,325.4,Online,0.392,3089,3,0,0.757,0,0,12,55.31,0,0
TXN104907,56.71,Bank Transfer,0.364,3090,3,0,0.68,0,0,7,73.99,0,0
TXN104908,88.85,POS,0.803,197,0,0,0.693,0,1,5,47.05,0,0
TXN104909,134.98,Online,0.58,2717,2,0,0.347,0,0,1,11.26,0,0
TXN104910,68.35,POS,0.608,1221,0,0,0.189,0,0,19,68.0,2,0
TXN104911,244.81,POS,0.412,2494,6,0,0.137,0,1,13,32.42,0,1
TXN104912,212.07,Bank Transfer,0.202,1097,2,0,0.697,0,1,2,10.71,0,0
TXN104913,49.98,Bank Transfer,0.457,83,6,1,0.536,0,0,22,20.27,0,0
TXN104914,491.18,POS,0.97,2759,3,0,0.898,0,1,19,17.14,0,0
TXN104915,164.4,Bank Transfer,0.291,3057,3,1,0.124,0,0,11,64.82,0,0
TXN104916,26.34,POS,0.272,2505,4,0,0.67,0,1,6,92.67,0,0
TXN104917,140.99,Bank Transfer,0.131,576,2,1,0.257,0,1,16,27.54,0,1
TXN104918,196.61,ATM,0.481,1659,3,0,0.503,0,0,14,46.1,1,0
TXN104919,392.6,POS,0.289,1961,3,0,0.862,0,0,17,47.37,0,0
TXN104920,105.9,Online,0.687,2902,0,2,0.456,0,0,12,95.69,0,0
TXN104921,339.66,ATM,0.135,2841,2,1,0.561,0,0,11,20.56,1,0
TXN104922,178.96,POS,0.247,3244,5,2,0.796,0,0,21,29.13,2,0
TXN104923,39.84,POS,0.062,2316,2,0,0.117,0,1,15,16.89,0,0
TXN104924,36.05,Online,0.041,3432,2,0,0.106,0,0,20,17.5,0,0
TXN104925,456.03,POS,0.814,2994,3,0,0.795,0,0,19,33.41,0,0
TXN104926,490.77,POS,0.906,754,3,0,0.463,0,0,5,13.93,0,0
TXN104927,204.98,POS,0.764,2596,2,0,0.862,0,0,3,10.66,0,0
TXN104928,662.29,ATM,0.865,338,3,0,0.83,0,1,18,31.84,0,0
TXN104929,426.93,POS,0.087,2766,4,0,0.778,0,0,6,13.94,0,0
TXN104930,294.01,Online,0.898,831,4,1,0.973,0,0,11,66.8,0,0
TXN104931,59.66,POS,0.466,1111,3,0,0.57,0,0,14,10.92,0,0
TXN104932,838.34,POS,0.769,2108,2,0,0.244,0,0,4,18.13,0,1
TXN104933,253.74,Online,0.616,1402,1,0,0.435,0,0,12,13.22,0,0
TXN104934,100.9,POS,0.35,2374,2,0,0.897,0,0,11,24.04,0,0
TXN104935,76.08,Online,0.265,1845,4,0,0.695,0,0,10,14.79,0,0
TXN104936,191.86,Online,0.118,2332,6,1,0.64,0,0,5,36.57,0,0
TXN104937,27.91,Online,0.413,2151,1,0,0.152,0,0,8,7.75,0,0
TXN104938,298.77,Online,,775,4,1,0.733,0,0,20,39.56,0,0
TXN104939,57.19,ATM,0.983,2533,2,0,0.706,0,0,18,57.25,0,0
TXN104940,214.99,POS,0.037,3500,1,0,0.808,0,0,7,,0,1
TXN104941,88.09,Bank Transfer,0.59,2041,1,0,0.783,0,1,17,9.19,0,0
TXN104942,113.93,POS,0.525,2228,4,0,0.476,0,1,0,4.42,0,1
TXN104943,69.62,POS,0.023,2601,5,0,0.206,0,0,5,4.31,0,0
TXN104944,126.31,Online,0.33,336,2,0,0.329,0,0,18,29.22,0,0
TXN104945,981.79,POS,0.423,575,1,0,0.355,0,0,21,9.41,0,0
TXN104946,592.92,Online,0.494,2050,2,0,0.96,0,0,19,32.05,1,0
TXN104947,211.55,ATM,0.233,1458,1,0,0.409,0,0,23,20.72,0,0
TXN104948,144.71,ATM,0.034,2534,3,0,0.21,0,0,21,3.79,0,0
TXN104949,345.23,Online,0.294,3336,3,1,0.967,0,0,12,24.35,0,0
TXN104950,459.42,Bank Transfer,0.836,2862,4,0,0.767,0,1,19,13.68,0,1
TXN104951,64.73,Online,0.808,815,3,1,0.417,0,1,17,2.27,0,0
TXN104952,137.35,POS,0.181,1142,2,0,0.106,0,0,2,4.18,0,0
TXN104953,24.0,ATM,0.646,550,5,0,0.104,0,1,16,69.49,0,0
TXN104954,456.28,POS,0.924,383,1,0,0.512,0,0,6,36.28,0,0
TXN104955,1170.31,POS,0.172,2726,2,0,0.878,0,0,2,21.44,0,0
TXN104956,160.79,POS,0.129,2535,3,1,0.686,0,1,2,39.18,0,0
TXN104957,17.73,POS,0.022,733,2,0,0.139,0,0,19,108.7,0,0
TXN104958,272.84,POS,0.172,2581,1,1,0.243,0,0,6,34.73,0,0
TXN104959,60.09,POS,0.814,1686,6,0,0.753,0,0,5,16.34,0,0
TXN104960,76.45,Online,0.814,3201,1,2,0.499,1,0,17,21.34,0,0
TXN104961,277.71,ATM,0.54,2606,4,0,0.742,0,0,4,51.21,1,0
TXN104962,191.44,Bank Transfer,0.334,1009,2,0,0.912,0,0,20,44.35,0,0
TXN104963,91.09,POS,0.807,1785,5,0,0.76,0,0,0,32.59,0,0
TXN104964,77.51,POS,0.195,875,0,0,0.69,0,0,23,63.53,0,0
TXN104965,168.31,Online,0.14,3293,3,0,0.86,0,0,6,26.13,0,0
TXN104966,98.55,POS,0.089,1892,1,0,0.497,0,0,18,27.0,0,0
TXN104967,48.95,POS,0.851,3208,4,0,0.682,0,0,8,86.03,0,0
TXN104968,106.42,Online,0.715,1880,2,0,0.833,0,0,7,50.6,0,0
TXN104969,208.43,ATM,0.625,1850,0,0,0.877,0,0,9,23.8,0,0
TXN104970,124.2,POS,0.727,699,2,0,0.435,0,0,3,30.01,0,0
TXN104971,36.11,Online,0.143,3508,2,0,0.403,0,0,12,33.15,0,0
TXN104972,399.04,Online,0.385,2465,5,2,0.293,1,0,15,32.33,0,0
TXN104973,9.59,ATM,0.814,1086,3,0,0.88,0,0,11,50.92,0,0
TXN104974,94.98,POS,0.917,3069,5,0,0.62,0,0,17,75.87,0,0
TXN104975,79.82,ATM,0.513,876,4,0,0.614,0,0,9,9.26,1,0
TXN104976,172.12,ATM,0.122,380,3,0,0.317,0,0,9,14.23,0,0
TXN104977,260.25,POS,0.979,2456,2,0,0.418,0,0,14,0.72,0,1
TXN104978,457.95,Online,0.395,2738,2,1,0.171,0,0,9,3.69,0,0
TXN104979,72.79,Online,0.319,2103,4,0,0.385,0,0,20,8.79,0,1
TXN104980,266.82,POS,0.12,2612,3,0,0.976,0,0,5,68.67,0,0
TXN104981,180.52,Online,0.013,939,2,0,0.649,0,0,1,51.54,0,0
TXN104982,26.8,Online,0.604,1035,4,0,0.711,0,0,14,,1,0
TXN104983,992.81,ATM,0.612,1373,1,1,0.652,0,0,11,64.33,0,0
TXN104984,35.21,POS,0.234,781,2,0,0.69,0,0,14,38.72,0,0
TXN104985,225.77,Online,0.162,873,3,0,0.918,0,0,0,12.62,0,0
TXN104986,219.19,POS,0.528,202,5,0,0.934,0,0,22,101.1,0,0
TXN104987,195.51,Online,0.435,887,6,1,0.138,0,1,11,25.61,0,0
TXN104988,90.51,Online,0.304,2011,4,1,0.341,0,1,7,16.2,0,0
TXN104989,339.42,Online,0.218,1360,5,1,0.257,0,1,1,38.34,0,0
TXN104990,31.18,Online,0.859,1583,3,0,0.918,0,1,3,78.47,0,0
TXN104991,138.96,POS,0.984,3375,1,1,0.816,0,0,6,1.91,0,0
TXN104992,84.45,POS,0.356,53,5,0,0.936,0,0,13,28.23,0,0
TXN104993,75.39,ATM,0.698,3052,2,1,0.135,0,0,7,19.46,0,0
TXN104994,227.86,POS,0.866,149,3,1,0.645,0,0,14,4.71,1,1
TXN104995,435.93,ATM,0.027,1884,3,2,0.144,0,0,9,3.73,0,0
TXN104996,105.29,Online,0.908,501,0,1,0.255,0,0,20,46.45,0,0
TXN104997,323.98,Bank Transfer,0.499,1759,2,1,0.838,0,1,23,4.22,0,0
TXN104998,155.98,POS,0.557,3268,1,0,0.664,0,0,20,0.55,0,0
TXN104999,60.78,Online,0.54,143,5,1,0.581,0,0,17,58.45,0,0
TXN105000,114.67,POS,0.243,1864,5,0,0.125,0,0,21,31.68,0,0
TXN105001,110.0,Bank Transfer,0.782,1703,1,0,0.354,0,0,20,14.86,0,0
TXN105002,73.95,Online,0.732,1663,3,1,0.421,0,0,4,10.02,0,0
TXN105003,227.8,Online,0.096,2288,2,0,0.484,0,0,21,13.07,0,0
TXN105004,187.66,ATM,,1211,4,1,0.213,0,0,16,10.2,0,0
TXN105005,30.25,POS,0.957,2848,3,0,0.32,0,0,6,71.71,0,0
TXN105006,28.46,Online,0.871,891,4,1,0.704,0,0,21,29.78,1,0
TXN105007,226.94,ATM,0.626,1318,3,0,0.666,0,0,1,13.33,0,0
TXN105008,65.67,POS,0.199,1725,1,0,0.418,0,0,3,55.1,0,0
TXN105009,200.75,Bank Transfer,0.347,3358,6,1,0.417,0,0,5,14.6,0,1
TXN105010,324.06,Bank Transfer,0.15,1961,3,0,0.838,0,0,5,38.81,0,0
TXN105011,41.64,Bank Transfer,0.822,3071,2,0,0.352,0,1,22,35.16,0,0
TXN105012,36.18,ATM,0.779,535,2,0,0.159,0,1,8,0.94,0,0
TXN105013,791.9,POS,0.91,327,6,0,0.388,1,0,17,43.63,0,1
TXN105014,210.94,Online,0.063,1845,4,0,0.238,1,0,1,17.43,1,0
TXN105015,97.59,POS,0.965,3298,3,1,0.353,1,0,14,25.42,0,1
TXN105016,58.33,ATM,0.966,877,3,0,0.385,0,0,7,15.12,1,0
TXN105017,89.08,POS,0.674,836,3,0,0.279,0,0,23,30.7,0,0
TXN105018,45.12,Bank Transfer,0.882,566,2,0,0.366,0,0,22,19.42,0,0
TXN105019,359.03,POS,0.438,3372,2,0,0.667,0,0,10,1.65,1,0
TXN105020,68.25,POS,0.313,363,2,0,0.612,0,1,17,22.56,1,0
TXN105021,442.98,POS,,2313,5,1,0.157,0,0,19,32.78,0,1
TXN105022,99.42,Online,0.032,1406,4,0,0.363,0,0,2,16.56,0,0
TXN105023,52.28,POS,0.042,1521,3,0,0.508,0,0,12,66.08,0,0
TXN105024,96.9,POS,0.692,2603,0,0,0.124,0,0,20,15.59,0,0
TXN105025,10.76,POS,0.337,1609,7,0,0.968,0,0,20,33.4,0,0
TXN105026,131.53,POS,0.054,113,3,0,0.312,0,1,13,9.28,0,0
TXN105027,125.2,Bank Transfer,0.112,2067,4,0,0.678,0,0,20,17.03,0,0
TXN105028,338.57,Online,0.665,123,3,0,0.203,0,0,2,25.84,0,0
TXN105029,22.5,POS,0.939,3084,2,1,0.443,1,0,2,51.6,0,0
TXN105030,474.31,POS,0.408,3453,2,1,0.119,0,0,20,38.53,0,0
TXN105031,337.17,POS,0.778,3059,2,0,0.221,0,0,10,10.79,0,0
TXN105032,519.07,POS,0.974,1527,1,0,0.213,0,0,11,13.04,0,0
TXN105033,140.79,POS,0.708,1531,9,0,0.665,0,0,8,15.73,0,0
TXN105034,409.07,POS,0.723,2147,3,0,0.121,0,0,23,42.36,0,1
TXN105035,34.08,POS,0.616,3103,3,0,0.395,1,1,15,9.21,0,0
TXN105036,302.79,POS,0.978,2756,3,1,0.267,0,0,13,40.41,1,0
TXN105037,68.64,ATM,0.3,1738,4,0,0.704,0,0,9,87.7,0,0
TXN105038,28.46,POS,0.783,2967,4,0,0.136,0,1,1,26.78,0,0
TXN105039,48.22,Online,0.415,1541,6,1,0.661,0,0,18,15.17,0,0
TXN105040,149.24,Online,0.155,2816,3,0,0.63,0,0,1,78.15,0,0
TXN105041,65.09,Bank Transfer,0.739,910,2,1,0.201,0,0,9,8.63,0,0
TXN105042,216.17,POS,0.829,1671,2,1,0.728,0,0,9,24.15,0,0
TXN105043,24.33,ATM,0.864,3027,4,0,0.291,0,0,8,29.15,0,0
TXN105044,17.69,Bank Transfer,0.922,921,3,0,0.184,1,0,2,20.73,1,1
TXN105045,585.45,Bank Transfer,0.745,2274,7,0,0.16,0,0,6,10.0,0,1
TXN105046,366.43,ATM,0.528,1044,7,1,0.974,1,0,8,15.31,1,0
TXN105047,51.97,POS,0.939,1590,3,0,0.353,0,0,11,75.21,0,0
TXN105048,147.97,Bank Transfer,0.21,1203,5,1,0.867,0,0,13,23.18,0,0
TXN105049,411.38,ATM,0.077,2427,5,1,0.573,0,0,15,32.95,0,0
TXN105050,225.7,POS,0.432,2764,5,0,0.87,0,0,17,25.85,0,0
TXN105051,172.13,POS,0.582,3146,3,0,0.82,0,0,15,11.12,1,0
TXN105052,443.7,Bank Transfer,0.68,1318,2,0,0.335,0,0,9,10.23,0,0
TXN105053,71.47,POS,0.815,746,2,0,0.537,0,0,11,15.59,0,0
TXN105054,153.11,ATM,0.027,3399,4,1,0.302,0,0,22,15.78,0,0
TXN105055,145.79,Online,0.802,1450,8,0,0.425,0,0,21,49.01,0,1
TXN105056,112.98,ATM,0.6,2391,0,0,0.973,0,0,20,35.29,1,0
TXN105057,100.5,POS,0.953,1406,3,0,0.454,0,0,5,24.88,0,0
TXN105058,159.63,ATM,0.348,3050,3,0,0.21,0,0,6,39.98,0,0
TXN105059,153.61,Online,0.617,305,3,0,0.576,0,0,7,,0,0
TXN105060,52.02,Bank Transfer,0.767,174,1,2,0.743,0,0,8,55.61,0,0
TXN105061,330.89,POS,0.516,1239,2,0,0.398,1,0,11,4.1,0,0
TXN105062,55.9,POS,0.156,1532,3,0,0.516,0,0,22,17.58,1,0
TXN105063,119.31,POS,0.05,2787,4,1,0.834,0,0,10,6.51,0,0
TXN105064,110.47,POS,0.111,1732,0,0,0.378,0,1,10,22.3,0,0
TXN105065,212.32,Bank Transfer,0.495,947,2,0,0.882,0,1,14,1.84,0,1
TXN105066,17.83,POS,0.64,304,5,0,0.793,0,0,13,9.42,0,0
TXN105067,361.73,POS,0.571,2965,6,0,0.783,1,0,5,35.63,0,0
TXN105068,75.42,ATM,0.713,1872,2,0,0.89,0,0,19,20.26,0,0
TXN105069,502.68,POS,0.039,3488,4,0,0.653,0,0,5,8.82,0,0
TXN105070,92.0,POS,0.136,1227,1,0,0.496,0,0,1,0.74,0,0
TXN105071,141.34,Online,0.761,840,2,0,0.877,0,1,15,37.01,0,0
TXN105072,1006.05,Online,0.781,1012,1,0,0.634,0,0,8,44.1,1,1
TXN105073,112.47,ATM,0.702,1512,6,2,0.377,0,0,22,26.25,0,0
TXN105074,512.27,Online,0.745,540,4,0,0.302,0,0,21,7.37,0,0
TXN105075,154.32,POS,0.963,505,4,1,0.424,0,0,17,15.59,0,0
TXN105076,224.85,Online,0.944,2900,1,0,0.779,0,0,11,11.31,0,0
TXN105077,159.17,Bank Transfer,0.644,2535,3,0,0.292,0,1,16,86.97,0,1
TXN105078,346.49,POS,0.319,1845,5,0,0.703,0,0,17,10.06,0,0
TXN105079,74.77,ATM,0.014,1775,2,0,0.483,0,1,10,16.14,0,0
TXN105080,55.48,Online,0.632,1828,1,0,0.245,0,0,8,20.46,0,0
TXN105081,78.37,Online,0.431,2161,2,0,0.679,0,1,5,91.17,0,0
TXN105082,163.97,ATM,0.147,1064,4,2,0.979,0,1,2,31.2,0,1
TXN105083,119.01,POS,0.215,2848,3,2,0.128,0,0,16,10.3,0,0
TXN105084,301.95,Online,0.937,59,3,0,0.672,0,0,22,26.3,0,0
TXN105085,547.15,POS,0.066,2839,4,1,0.238,0,0,18,13.53,0,0
TXN105086,55.93,ATM,0.787,2901,2,1,0.127,0,0,23,5.98,0,0
TXN105087,71.24,Online,0.902,1897,2,0,0.276,0,0,6,31.34,0,0
TXN105088,35.3,POS,0.688,1098,4,0,0.23,0,0,23,26.7,0,0
TXN105089,1130.45,POS,0.061,3224,5,1,0.345,0,0,1,3.76,0,0
TXN105090,201.27,Bank Transfer,0.846,2993,1,0,0.659,0,0,18,22.56,0,1
TXN105091,239.8,POS,0.653,3403,2,0,0.901,0,1,23,20.39,0,1
TXN105092,38.85,POS,0.277,89,2,0,0.168,0,0,12,33.99,0,0
TXN105093,148.24,POS,0.63,2313,4,0,0.316,0,0,21,39.53,0,0
TXN105094,246.97,Online,0.137,56,4,0,0.119,0,0,8,14.11,0,0
TXN105095,115.27,POS,0.708,169,5,0,0.547,0,0,21,19.05,0,0
TXN105096,435.16,ATM,0.903,255,1,2,0.426,0,0,6,6.51,0,0
TXN105097,1497.92,Online,0.522,2838,2,0,0.92,0,1,8,11.43,0,0
TXN105098,57.57,POS,0.952,2662,0,0,0.214,0,0,14,43.73,1,0
TXN105099,53.41,Online,0.438,3258,7,0,0.544,0,0,11,9.51,0,0
TXN105100,61.7,POS,0.858,2327,3,0,0.851,0,0,8,15.22,1,0
TXN105101,739.67,POS,0.774,2045,1,0,0.752,0,0,5,4.18,0,0
TXN105102,420.88,Online,0.088,687,4,0,0.652,0,0,19,28.47,0,0
TXN105103,129.6,POS,0.913,2565,1,0,0.716,0,0,16,21.92,0,0
TXN105104,153.94,Bank Transfer,0.91,3327,1,0,0.853,1,0,20,48.42,0,0
TXN105105,65.59,Online,0.351,1318,0,1,0.518,0,0,23,11.85,0,0
TXN105106,361.42,POS,0.793,2551,1,1,0.532,0,0,23,12.76,0,0
TXN105107,101.5,Bank Transfer,0.225,1847,1,0,0.206,0,0,3,27.3,1,0
TXN105108,114.43,Online,0.03,1917,1,2,0.972,0,0,9,14.29,0,0
TXN105109,272.81,POS,0.208,2919,4,0,0.924,0,0,14,33.69,0,0
TXN105110,122.98,Online,0.484,1083,1,0,0.702,0,0,5,26.3,0,0
TXN105111,117.34,Bank Transfer,0.058,3200,5,0,0.567,0,0,11,24.47,0,0
TXN105112,149.99,Online,0.16,3596,2,0,0.618,0,0,3,25.31,0,0
TXN105113,328.77,Online,0.95,447,6,0,0.257,0,0,0,6.49,0,1
TXN105114,770.08,Online,0.494,1880,2,1,0.722,0,1,20,1.67,0,1
TXN105115,266.53,POS,0.823,92,2,0,0.756,1,0,8,13.97,0,0
TXN105116,331.4,POS,0.207,1254,2,1,0.652,0,0,18,21.99,0,0
TXN105117,121.53,Online,0.089,1382,0,0,0.106,0,0,20,,0,0
TXN105118,73.13,Bank Transfer,0.781,2432,2,0,0.168,0,0,9,27.45,0,1
TXN105119,285.43,ATM,,1445,2,0,0.23,0,0,6,10.83,0,0
TXN105120,176.13,POS,0.46,1341,5,0,0.741,0,0,8,36.69,0,0
TXN105121,35.78,Online,0.992,2829,1,0,0.484,0,0,23,13.64,0,0
TXN105122,106.9,POS,0.317,2775,4,0,0.83,0,1,13,23.33,0,0
TXN105123,136.61,POS,0.473,61,3,0,0.968,0,1,19,60.29,0,0
TXN105124,89.08,Online,0.635,1250,1,0,0.565,0,0,23,71.17,0,1
TXN105125,653.1,POS,0.089,2795,9,0,0.384,0,1,6,79.16,0,1
TXN105126,239.81,ATM,0.716,402,5,1,0.621,0,0,18,13.82,0,0
TXN105127,585.92,Online,0.452,1971,4,0,0.393,0,1,3,19.37,0,0
TXN105128,193.14,Online,0.175,1811,2,0,0.454,0,0,0,17.1,0,0
TXN105129,161.0,Bank Transfer,0.431,2556,4,1,0.162,0,0,5,17.64,0,0
TXN105130,58.17,Online,0.461,2477,7,1,0.401,0,0,21,21.68,0,0
TXN105131,150.19,Bank Transfer,0.641,1873,1,0,0.976,0,0,19,8.02,1,0
TXN105132,150.36,ATM,0.937,1525,4,0,0.773,0,0,20,27.26,0,0
TXN105133,37.82,Online,0.765,2892,1,1,0.942,0,0,5,26.5,1,0
TXN105134,86.53,POS,0.382,1412,3,1,0.383,0,0,2,13.66,1,0
TXN105135,107.42,POS,0.97,1612,5,0,0.299,0,0,7,71.34,0,1
TXN105136,224.41,Bank Transfer,0.791,1548,4,0,0.164,0,1,17,52.49,0,1
TXN105137,235.42,POS,0.028,1281,3,0,0.602,0,0,2,16.3,0,1
TXN105138,82.99,Bank Transfer,0.117,2309,0,0,0.83,0,1,3,8.13,0,0
TXN105139,237.19,POS,0.218,2334,0,0,0.979,0,1,16,16.87,0,0
TXN105140,123.71,ATM,0.084,3285,3,0,0.287,1,0,2,26.56,0,1
TXN105141,8.42,POS,0.485,1638,7,1,0.164,0,0,11,34.71,1,0
TXN105142,91.4,Bank Transfer,0.341,2781,4,1,0.501,0,0,0,3.63,0,0
TXN105143,436.59,POS,0.973,1128,3,1,0.457,0,0,17,44.35,0,0
TXN105144,27.61,POS,0.473,3515,5,1,0.652,0,0,2,68.91,1,0
TXN105145,166.12,Bank Transfer,0.212,3337,4,0,0.621,0,0,8,10.05,0,0
TXN105146,724.34,POS,0.971,2170,3,0,0.621,0,0,13,,0,0
TXN105147,69.37,POS,0.514,2648,4,0,0.965,0,0,21,35.25,0,1
TXN105148,148.73,Bank Transfer,0.073,2128,1,0,0.828,0,0,15,29.93,0,0
TXN105149,40.29,ATM,0.081,742,1,0,0.546,0,0,10,25.59,0,0
TXN105150,755.39,POS,0.675,3436,3,0,0.274,0,0,10,21.73,0,0
TXN105151,136.55,Online,0.495,2709,2,1,0.854,0,0,14,21.21,0,0
TXN105152,155.5,POS,0.624,1549,3,0,0.149,0,0,2,41.35,0,0
TXN105153,574.96,POS,0.85,943,2,0,0.43,0,0,11,84.76,0,0
TXN105154,287.57,Online,0.681,2450,4,1,0.396,0,0,17,18.62,0,0
TXN105155,61.83,POS,0.862,1591,3,0,0.131,1,0,0,23.64,0,1
TXN105156,77.69,Online,0.743,3028,4,0,0.409,0,0,18,39.4,0,1
TXN105157,243.45,POS,0.674,817,3,0,0.286,0,0,2,9.0,0,0
TXN105158,79.51,ATM,0.135,1915,2,0,0.673,0,0,5,15.73,0,0
TXN105159,17.86,Online,0.483,440,4,0,0.363,1,0,9,34.68,0,0
TXN105160,140.72,POS,0.433,2612,1,0,0.933,0,0,6,20.04,0,0
TXN105161,33.78,Bank Transfer,0.541,1474,2,1,0.76,0,0,0,21.82,0,0
TXN105162,747.16,ATM,0.391,728,2,0,0.216,0,0,17,54.33,0,0
TXN105163,177.11,POS,0.62,2039,2,2,0.801,0,0,23,13.68,0,0
TXN105164,60.03,Bank Transfer,0.392,2098,1,0,0.937,0,0,3,21.06,0,0
TXN105165,73.8,POS,0.558,1123,5,0,0.143,0,0,17,8.55,0,0
TXN105166,22.43,POS,0.395,3430,1,0,0.465,0,0,2,21.78,0,0
TXN105167,49.43,Online,0.902,301,3,1,0.905,0,1,17,14.56,0,0
TXN105168,410.07,POS,0.373,1233,3,1,0.243,0,0,18,12.46,1,0
TXN105169,1382.69,Online,0.731,933,5,0,0.832,0,0,1,32.36,1,0
TXN105170,306.86,Online,0.614,3380,2,0,0.213,0,0,22,14.9,0,0
TXN105171,135.36,Bank Transfer,0.386,919,5,0,0.325,0,0,17,40.06,0,0
TXN105172,96.36,POS,0.808,827,1,1,0.694,0,0,10,19.25,1,0
TXN105173,57.03,POS,0.928,2168,1,1,0.124,0,0,8,10.11,0,1
TXN105174,1164.17,POS,0.76,973,0,0,0.805,0,0,20,65.4,0,0
TXN105175,122.89,POS,0.949,1051,6,0,0.706,0,0,15,17.85,0,0
TXN105176,1231.06,Bank Transfer,0.436,916,0,0,0.953,0,0,6,28.78,0,0
TXN105177,597.96,Online,0.914,1962,1,0,0.105,0,1,12,4.86,0,1
TXN105178,26.03,ATM,0.876,2741,1,0,0.275,0,0,21,32.8,1,0
TXN105179,76.25,ATM,0.762,1732,4,0,0.476,0,0,9,29.94,0,0
TXN105180,76.02,POS,0.835,3251,3,1,0.745,0,0,21,26.28,1,0
TXN105181,137.02,POS,0.73,994,2,0,0.539,0,0,23,73.11,0,1
TXN105182,139.73,Online,0.512,3088,2,0,0.199,0,0,2,4.31,0,0
TXN105183,2969.77,ATM,0.552,2713,6,0,0.145,0,0,19,29.42,0,0
TXN105184,50.54,POS,0.418,296,2,0,0.412,0,0,2,28.39,1,0
TXN105185,186.6,POS,0.664,2446,2,0,0.243,0,0,10,75.72,0,1
TXN105186,274.93,Online,0.325,3623,1,0,0.259,0,0,0,21.17,0,0
TXN105187,148.18,POS,0.74,2492,1,1,0.366,0,0,21,22.79,0,0
TXN105188,165.7,Online,0.505,964,5,0,0.624,1,1,1,35.81,0,0
TXN105189,52.21,POS,0.353,1599,5,0,0.806,0,0,9,19.0,1,0
TXN105190,165.09,Online,0.147,3177,6,1,0.287,1,0,7,24.4,0,0
TXN105191,247.5,Online,0.256,1176,4,1,0.488,0,0,3,13.76,0,0
TXN105192,205.94,Bank Transfer,0.64,1752,1,0,0.751,0,0,4,9.11,0,0
TXN105193,262.49,ATM,0.37,2168,4,0,0.874,0,0,4,13.68,0,0
TXN105194,609.48,POS,0.033,3026,1,0,0.288,0,0,10,27.85,1,0
TXN105195,378.78,ATM,0.33,3501,2,1,0.856,0,0,11,24.96,0,0
TXN105196,159.38,ATM,0.366,2581,2,0,0.491,0,0,10,7.8,1,0
TXN105197,45.98,Online,0.234,1600,1,1,0.683,0,0,5,31.08,0,0
TXN105198,81.45,Bank Transfer,0.286,1515,2,0,0.518,0,0,9,36.73,0,0
TXN105199,119.15,ATM,0.705,2438,4,0,0.771,0,1,7,3.36,1,0
TXN105200,191.01,POS,0.746,297,3,0,0.749,0,0,13,12.53,0,0
TXN105201,91.99,Online,0.959,1631,2,0,0.566,0,0,11,12.45,0,0
TXN105202,58.22,POS,0.118,1317,4,0,0.958,0,0,4,58.27,0,0
TXN105203,45.23,Online,0.312,3406,2,1,0.913,0,0,1,45.16,0,1
TXN105204,28.47,Bank Transfer,0.077,3126,4,0,0.404,0,1,12,,2,0
TXN105205,117.34,Online,0.613,988,3,0,0.208,0,0,13,15.14,0,0
TXN105206,34.14,POS,0.016,2402,4,0,0.232,0,0,18,50.05,0,0
TXN105207,54.57,Bank Transfer,0.205,1689,2,0,0.333,0,0,9,9.08,0,0
TXN105208,100.09,Online,0.587,3036,2,0,0.689,0,0,2,25.97,0,0
TXN105209,39.02,POS,0.359,1817,1,0,0.268,0,0,8,6.02,1,0
TXN105210,216.97,Bank Transfer,0.544,2352,3,1,0.606,0,1,10,38.14,0,1
TXN105211,311.13,POS,0.64,2667,4,0,0.775,0,0,4,20.99,0,0
TXN105212,85.68,Online,0.839,3010,5,0,0.287,0,0,22,10.48,0,0
TXN105213,95.87,Online,0.393,2641,3,0,0.377,0,0,22,58.87,0,0
TXN105214,254.02,Bank Transfer,0.279,1104,3,0,,0,0,17,27.59,0,0
TXN105215,72.68,POS,0.539,2706,3,0,0.203,0,0,1,5.31,0,0
TXN105216,67.85,POS,0.07,1175,4,0,0.437,0,0,1,23.39,0,0
TXN105217,491.03,Online,0.042,2683,10,0,0.347,0,0,18,0.33,0,0
TXN105218,359.31,Bank Transfer,0.452,3467,2,0,0.292,0,0,11,,0,0
TXN105219,270.85,POS,0.218,1730,3,0,0.394,0,1,18,31.82,1,0
TXN105220,374.52,POS,0.007,3260,4,1,0.198,0,0,23,56.32,0,0
TXN105221,20.55,Bank Transfer,0.679,593,2,0,0.755,0,0,18,28.66,0,0
TXN105222,574.69,ATM,0.816,1569,0,1,0.634,0,0,8,41.81,0,0
TXN105223,219.66,POS,0.148,3180,3,0,0.336,0,1,8,21.4,0,0
TXN105224,407.8,POS,0.564,2674,5,1,0.222,0,0,6,9.89,0,0
TXN105225,218.58,Online,0.984,1205,3,0,0.138,0,0,19,25.28,0,0
TXN105226,155.85,Online,0.269,1843,2,0,0.712,0,0,9,21.41,0,0
TXN105227,112.7,Online,0.731,429,3,0,0.292,0,0,14,33.88,0,0
TXN105228,214.25,ATM,0.162,2984,3,0,0.488,0,0,11,35.54,0,0
TXN105229,108.66,POS,0.932,496,2,0,0.631,0,0,4,30.52,0,1
TXN105230,353.5,ATM,0.0,2072,3,0,0.421,0,0,13,22.96,0,0
TXN105231,30.37,POS,0.295,1821,4,1,0.133,1,0,13,27.61,0,0
TXN105232,86.35,Bank Transfer,0.976,2266,5,0,0.572,0,0,11,6.26,0,0
TXN105233,1146.91,POS,0.671,1571,3,0,0.945,0,0,9,87.04,0,0
TXN105234,79.35,POS,0.212,339,2,0,0.215,0,0,17,14.81,0,0
TXN105235,116.9,POS,0.791,2431,3,2,0.439,0,0,15,33.32,0,0
TXN105236,61.4,POS,0.898,3269,0,0,0.383,0,0,11,15.7,1,1
TXN105237,207.65,Online,0.487,2244,4,0,0.317,0,0,15,19.1,0,0
TXN105238,71.07,Online,0.156,188,4,1,0.668,0,0,3,4.2,0,0
TXN105239,123.27,Bank Transfer,0.259,418,1,2,0.433,0,0,14,8.71,0,0
TXN105240,346.84,Online,0.943,1024,3,0,0.383,0,0,13,27.64,0,0
TXN105241,73.79,Online,0.161,1104,3,1,0.253,0,0,15,55.08,0,0
TXN105242,326.56,POS,0.312,473,3,1,0.427,0,1,8,78.97,0,0
TXN105243,337.72,ATM,0.146,3274,3,1,0.993,0,0,4,24.65,0,0
TXN105244,426.22,POS,0.106,2699,1,1,0.881,0,0,12,47.81,0,0
TXN105245,170.81,POS,0.522,2805,2,0,0.186,0,0,15,56.65,0,0
TXN105246,3794.31,POS,0.397,3517,3,0,0.669,0,0,18,12.05,0,0
TXN105247,426.04,POS,0.046,3181,2,0,0.534,0,0,17,5.92,0,0
TXN105248,205.38,Online,0.145,649,2,2,0.711,0,1,1,33.56,0,0
TXN105249,61.81,POS,0.038,109,1,1,0.946,0,0,20,3.19,0,0
TXN105250,134.69,POS,0.025,2670,5,0,0.182,0,0,5,24.93,0,0
TXN105251,617.9,ATM,0.178,3331,3,0,0.599,1,0,21,30.75,0,0
TXN105252,820.19,POS,0.744,2567,5,1,0.162,0,0,5,68.36,0,0
TXN105253,650.88,Online,0.015,3147,3,2,0.435,0,0,23,8.41,0,0
TXN105254,325.44,POS,0.304,2232,3,1,0.506,0,0,0,6.64,0,0
TXN105255,42.28,Bank Transfer,0.565,1667,8,0,0.176,0,0,12,42.12,0,0
TXN105256,241.57,Online,0.744,500,2,1,0.319,0,0,23,40.51,0,0
TXN105257,42.89,POS,0.678,2468,3,0,0.615,0,0,17,40.4,0,0
TXN105258,33.53,Bank Transfer,0.988,1086,3,0,0.303,0,0,2,36.55,0,1
TXN105259,188.51,Online,0.276,1014,1,0,,0,1,21,15.2,1,0
TXN105260,250.44,POS,0.0,3200,3,1,0.7,0,1,4,14.34,0,1
TXN105261,366.27,Online,0.038,2414,0,0,0.548,0,0,23,34.59,0,0
TXN105262,243.99,Online,0.098,1640,2,1,0.603,0,0,6,57.46,1,0
TXN105263,252.54,POS,0.975,2921,3,0,0.391,0,0,12,42.7,0,0
TXN105264,55.44,POS,0.57,2683,2,1,0.595,0,0,12,33.68,0,0
TXN105265,133.62,POS,0.799,1780,3,0,0.389,0,0,9,12.08,0,0
TXN105266,32.88,Online,0.985,3569,2,1,0.916,0,0,2,9.76,0,0
TXN105267,20.02,Bank Transfer,0.844,132,1,0,0.175,0,0,6,17.33,0,0
TXN105268,311.26,Online,0.408,1815,2,1,0.283,0,0,22,47.9,1,0
TXN105269,69.89,Bank Transfer,0.876,1537,4,0,0.327,0,0,16,116.39,0,0
TXN105270,355.14,POS,0.434,472,0,0,0.809,0,1,16,15.78,0,0
TXN105271,449.6,ATM,0.114,2654,3,1,0.507,0,0,7,36.34,0,0
TXN105272,79.89,Bank Transfer,0.548,393,4,1,0.6,0,0,18,17.67,0,0
TXN105273,267.82,Online,0.916,2577,2,0,0.366,0,0,16,30.78,0,0
TXN105274,76.62,POS,0.785,2760,3,1,0.342,0,0,7,55.56,0,0
TXN105275,23.43,POS,0.402,1790,1,2,0.684,0,0,18,47.16,0,0
TXN105276,167.89,POS,0.855,914,1,0,0.718,0,0,4,46.85,0,1
TXN105277,92.68,Online,0.464,3598,8,0,0.566,0,0,18,26.6,0,0
TXN105278,95.57,Bank Transfer,0.685,2582,3,1,0.733,0,0,2,2.39,0,0
TXN105279,1069.92,POS,0.333,453,0,0,0.796,0,0,15,23.36,0,0
TXN105280,32.27,POS,0.195,2696,3,0,0.192,0,0,2,26.71,0,1
TXN105281,217.65,POS,0.313,603,3,1,0.311,0,0,7,17.35,1,0
TXN105282,54.88,Online,0.875,2285,2,0,0.66,0,0,7,28.86,1,0
TXN105283,368.07,Online,0.99,965,4,2,0.886,0,0,0,36.31,0,0
TXN105284,200.02,POS,0.264,2327,3,1,0.83,0,0,14,6.07,0,0
TXN105285,216.88,ATM,0.165,2938,2,2,0.625,0,0,0,18.78,0,0
TXN105286,57.69,POS,0.071,2867,2,1,0.499,0,1,15,13.62,0,0
TXN105287,69.02,Online,0.754,2791,2,0,0.129,0,1,6,48.8,0,0
TXN105288,375.12,Online,0.528,2590,1,0,0.93,0,0,10,33.82,0,0
TXN105289,872.01,POS,0.556,2827,1,1,0.77,0,0,2,16.1,0,1
TXN105290,239.92,Online,0.045,3296,2,1,0.356,0,0,2,1.62,0,0
TXN105291,60.5,Online,0.081,3214,4,0,0.555,0,0,4,29.21,0,0
TXN105292,208.29,Online,0.915,2825,5,0,0.315,1,0,19,15.82,0,0
TXN105293,1681.55,ATM,0.577,1633,2,0,0.924,0,0,3,52.17,0,0
TXN105294,164.42,Online,0.219,1091,3,0,0.504,0,0,0,21.06,0,0
TXN105295,640.24,POS,0.207,1183,1,0,0.868,0,0,1,27.65,0,0
TXN105296,70.79,Bank Transfer,0.241,2248,4,1,0.658,0,0,2,71.98,0,0
TXN105297,142.3,Bank Transfer,0.064,2203,1,1,0.573,0,0,23,18.22,0,0
TXN105298,275.77,POS,0.05,1576,1,0,0.916,0,0,13,11.57,0,0
TXN105299,220.82,Bank Transfer,0.72,1513,5,0,0.224,0,0,7,82.13,0,1
TXN105300,68.97,ATM,0.264,2655,3,1,0.158,0,0,17,34.47,0,1
TXN105301,66.05,POS,0.384,1926,3,0,0.697,0,0,12,,0,0
TXN105302,398.73,Online,0.537,98,4,0,0.924,0,0,23,46.17,0,0
TXN105303,488.6,POS,0.32,537,4,0,0.22,0,0,7,37.82,0,0
TXN105304,673.27,Online,0.479,1228,1,0,0.319,0,0,5,46.97,0,0
TXN105305,901.38,Bank Transfer,0.865,1464,2,1,0.46,0,0,9,48.36,0,1
TXN105306,169.8,POS,0.244,2681,3,0,0.939,0,0,13,78.32,0,0
TXN105307,108.72,Online,0.791,1740,2,2,0.867,0,0,0,83.2,0,0
TXN105308,573.06,POS,0.264,1574,2,0,0.974,0,0,18,8.89,0,0
TXN105309,302.8,Online,0.187,346,2,0,0.796,0,1,21,6.29,0,0
TXN105310,55.56,ATM,0.073,251,6,1,0.414,0,0,14,61.38,0,0
TXN105311,52.79,POS,0.684,3630,1,0,0.147,0,0,8,9.73,0,0
TXN105312,242.73,Online,0.412,3147,4,0,0.654,0,0,7,24.43,0,0
TXN105313,124.3,POS,0.77,166,4,0,0.905,0,0,16,27.37,0,1
TXN105314,144.54,ATM,0.133,1672,6,0,0.502,0,0,16,87.55,0,0
TXN105315,433.78,Online,0.603,3358,4,0,0.453,0,0,10,52.13,0,0
TXN105316,317.04,Online,0.013,2607,3,0,0.813,0,0,14,36.9,0,0
TXN105317,561.09,POS,0.234,320,1,0,0.459,0,0,10,9.82,0,0
TXN105318,21.51,Online,0.61,1583,5,0,0.76,0,0,23,,0,0
TXN105319,191.21,Online,0.056,3140,2,0,0.287,0,0,11,29.18,0,0
TXN105320,297.28,Online,0.377,1113,4,0,0.67,0,1,14,67.08,0,0
TXN105321,32.25,Online,0.562,2014,2,1,0.613,0,0,2,0.75,0,0
TXN105322,77.1,Bank Transfer,0.728,1198,2,0,0.495,0,0,11,72.54,2,0
TXN105323,64.04,POS,0.706,740,1,0,0.396,0,0,15,24.42,0,0
TXN105324,151.67,POS,0.148,3143,4,0,0.654,0,0,21,82.91,0,0
TXN105325,755.86,Bank Transfer,0.075,867,4,0,0.953,0,0,11,8.27,0,0
TXN105326,1121.69,POS,0.376,2140,3,0,0.377,0,0,3,45.29,0,0
TXN105327,65.74,Bank Transfer,0.241,1302,2,0,0.15,0,1,9,45.28,0,0
TXN105328,251.28,Online,0.306,2249,2,1,0.891,0,0,16,,0,0
TXN105329,259.51,Bank Transfer,0.342,2904,3,0,0.116,0,0,19,19.69,0,0
TXN105330,218.68,Online,0.397,2030,2,1,0.157,0,0,11,105.26,0,0
TXN105331,221.18,ATM,0.519,562,3,0,0.229,0,0,5,42.84,0,0
TXN105332,201.09,ATM,0.009,1070,4,1,0.772,1,0,21,47.69,0,0
TXN105333,802.37,Online,0.298,906,1,0,0.162,0,1,5,95.08,0,1
TXN105334,446.96,POS,0.264,2523,3,0,0.546,0,1,13,20.6,1,1
TXN105335,51.41,POS,0.236,2537,5,0,0.224,0,0,22,37.28,0,0
TXN105336,328.89,POS,0.789,548,2,0,0.6,0,0,19,26.88,0,0
TXN105337,362.26,Bank Transfer,0.251,2252,6,0,0.538,0,0,2,3.53,1,0
TXN105338,203.36,POS,0.151,1709,2,0,0.38,0,0,8,20.12,0,0
TXN105339,460.09,ATM,0.852,1553,1,1,0.615,0,0,22,35.72,0,0
TXN105340,179.12,Online,0.383,3136,1,0,0.376,0,0,15,25.48,0,1
TXN105341,181.36,POS,0.184,249,2,0,0.856,0,1,16,44.52,1,0
TXN105342,167.54,Bank Transfer,0.751,2659,4,1,0.934,0,1,1,48.5,0,0
TXN105343,19.72,POS,0.657,2051,9,0,0.567,0,0,17,17.73,0,0
TXN105344,136.95,Online,0.945,965,1,2,0.211,0,0,20,25.73,0,0
TXN105345,76.08,Online,0.878,859,1,0,0.39,0,0,1,9.77,2,0
TXN105346,45.31,POS,0.694,622,2,2,0.839,0,0,6,11.84,0,0
TXN105347,622.67,POS,0.161,2245,6,0,0.287,0,0,23,13.75,0,0
TXN105348,245.72,Online,0.483,2401,0,0,0.215,0,0,1,21.29,0,0
TXN105349,144.05,POS,0.119,1023,4,0,0.966,0,0,10,41.5,0,0
TXN105350,84.37,ATM,0.549,1411,0,0,0.596,0,0,2,52.8,0,0
TXN105351,199.57,Online,0.917,3578,4,0,0.516,0,0,1,29.84,0,1
TXN105352,399.99,POS,0.004,2582,1,0,0.931,0,0,1,5.4,0,0
TXN105353,64.91,POS,0.876,2167,3,1,0.583,0,0,13,20.65,0,0
TXN105354,147.7,POS,0.539,462,3,3,0.545,0,1,9,7.14,0,0
TXN105355,353.56,ATM,0.151,2098,2,2,0.37,0,0,8,19.06,0,0
TXN105356,21.41,Online,0.856,1453,7,0,0.708,0,0,13,35.99,0,0
TXN105357,140.11,POS,0.537,3059,4,0,0.743,1,0,16,14.13,0,0
TXN105358,96.61,Online,0.448,725,4,0,0.222,1,0,8,16.41,0,0
TXN105359,129.82,Online,0.5,3625,2,0,0.803,0,0,4,8.64,0,0
TXN105360,89.87,Online,0.147,3437,6,0,0.498,0,1,0,78.13,0,0
TXN105361,170.31,POS,0.113,2850,3,1,0.477,0,0,0,54.99,0,0
TXN105362,1016.0,POS,0.662,1842,2,0,0.914,0,1,16,15.44,0,0
TXN105363,107.35,POS,0.88,2179,2,0,0.241,0,0,1,5.46,0,0
TXN105364,198.68,Online,0.694,3310,5,1,0.541,0,0,3,21.63,0,0
TXN105365,1090.89,Online,0.841,3155,5,0,0.506,0,0,9,25.73,0,0
TXN105366,85.63,POS,0.845,2958,5,0,0.641,0,0,14,12.12,0,0
TXN105367,911.12,POS,0.032,685,4,0,0.3,0,0,4,1.33,0,0
TXN105368,149.21,Online,0.771,1506,2,0,0.322,0,1,12,98.33,0,0
TXN105369,881.74,POS,0.772,2796,5,1,0.146,0,1,19,64.73,0,1
TXN105370,314.25,Online,0.35,480,2,0,0.829,0,1,13,42.69,0,0
TXN105371,201.77,Online,0.41,2491,2,0,0.185,0,0,4,6.71,0,0
TXN105372,138.99,POS,0.745,1327,3,1,0.652,0,0,3,29.41,0,1
TXN105373,79.52,Online,0.987,2068,4,0,0.127,0,0,3,52.42,0,1
TXN105374,160.1,POS,0.988,3353,6,3,0.632,0,0,19,59.47,0,0
TXN105375,364.08,Online,0.474,3167,4,0,0.306,0,0,6,24.33,0,0
TXN105376,146.48,POS,0.79,1361,2,0,0.699,0,0,6,17.31,0,0
TXN105377,108.13,Online,0.466,2598,1,1,0.791,0,0,21,27.49,0,0
TXN105378,115.49,Online,0.866,69,1,0,0.981,0,0,3,60.5,0,1
TXN105379,400.41,POS,0.65,2624,4,0,0.771,0,0,16,30.56,0,0
TXN105380,505.3,Online,0.937,529,1,1,0.952,0,0,16,42.58,0,1
TXN105381,76.16,ATM,0.997,3323,8,1,0.938,0,0,5,9.01,0,0
TXN105382,76.05,Bank Transfer,0.33,1108,1,2,0.353,0,1,2,3.12,0,0
TXN105383,216.88,POS,0.979,2561,2,0,0.46,0,0,10,17.91,0,1
TXN105384,683.71,POS,0.693,2442,4,1,0.471,0,0,14,11.04,0,1
TXN105385,466.84,POS,0.238,954,1,0,0.411,0,0,4,16.79,0,0
TXN105386,42.44,Bank Transfer,0.003,3064,1,0,0.765,0,0,3,26.74,0,0
TXN105387,113.97,Online,0.684,694,3,0,0.445,0,0,1,3.45,0,0
TXN105388,58.52,POS,0.222,3289,4,0,0.929,0,0,9,38.76,1,0
TXN105389,113.58,ATM,0.231,1887,1,1,0.603,0,0,2,21.45,1,1
TXN105390,738.34,POS,0.552,1719,2,0,0.375,0,1,12,21.59,0,0
TXN105391,35.78,Online,0.031,880,3,2,0.86,0,0,9,50.61,0,0
TXN105392,29.4,Online,0.416,60,4,0,0.715,0,1,17,2.38,0,0
TXN105393,64.81,Online,0.799,2562,0,0,0.385,0,0,1,18.88,0,0
TXN105394,197.81,ATM,0.027,2681,4,0,0.906,0,0,10,32.32,0,0
TXN105395,276.1,POS,0.624,3080,0,0,0.502,0,0,7,49.62,0,0
TXN105396,229.85,Online,0.158,3520,6,1,0.195,0,0,19,110.91,0,0
TXN105397,480.91,Online,0.863,1086,3,0,0.833,0,0,14,8.33,0,0
TXN105398,25.46,POS,0.391,2083,5,0,0.735,0,0,11,10.2,0,0
TXN105399,487.04,Bank Transfer,0.812,3336,5,0,0.135,1,1,15,41.87,1,1
TXN105400,108.63,ATM,0.724,2082,4,0,0.223,0,0,8,18.5,0,1
TXN105401,308.43,Bank Transfer,0.878,2733,3,0,0.904,0,0,4,7.86,0,0
TXN105402,39.51,ATM,0.517,2612,3,0,0.137,0,0,18,15.89,0,0
TXN105403,149.15,POS,0.486,3607,4,0,0.595,0,0,20,28.79,0,0
TXN105404,187.97,Online,0.037,1262,3,0,0.153,0,0,10,9.01,0,0
TXN105405,471.42,Online,0.534,749,7,0,0.849,0,0,3,35.93,0,0
TXN105406,30.41,POS,0.522,3344,4,1,0.242,0,0,4,51.51,0,0
TXN105407,153.05,Online,0.606,1700,1,0,0.64,0,0,18,18.1,1,0
TXN105408,50.14,POS,0.131,732,3,1,0.987,0,0,8,7.21,0,0
TXN105409,246.04,POS,0.54,2347,4,1,0.698,0,0,19,15.11,0,1
TXN105410,322.86,ATM,0.454,3112,5,0,0.462,0,0,6,41.08,0,0
TXN105411,537.63,POS,0.596,2791,6,1,0.43,0,0,3,16.74,0,0
TXN105412,86.92,Online,0.661,1246,2,0,0.956,0,0,15,8.19,0,0
TXN105413,375.11,ATM,0.361,3331,2,0,0.629,0,0,14,22.79,0,1
TXN105414,578.77,Online,0.504,175,0,0,0.997,0,0,9,68.21,0,0
TXN105415,28.7,POS,0.395,3256,0,1,0.155,0,0,20,31.96,0,0
TXN105416,273.79,Online,0.765,693,3,0,0.83,0,0,11,21.27,0,1
TXN105417,387.03,ATM,0.796,884,2,0,0.267,0,0,4,15.31,1,0
TXN105418,114.58,ATM,0.293,1167,3,0,0.407,0,0,16,20.77,0,0
TXN105419,44.22,POS,0.26,1559,4,0,0.684,0,0,2,37.04,0,0
TXN105420,381.06,POS,0.678,203,3,0,0.826,0,0,13,23.97,0,0
TXN105421,44.72,Online,0.774,2630,2,0,0.612,0,0,5,6.61,0,0
TXN105422,124.17,POS,0.011,505,3,0,0.194,1,0,11,32.36,0,0
TXN105423,142.58,ATM,0.427,508,8,0,0.104,0,0,19,39.35,0,1
TXN105424,303.55,Online,0.308,47,2,1,0.885,1,0,17,11.33,0,0
TXN105425,79.31,ATM,0.767,3502,2,1,0.347,1,1,7,5.71,0,0
TXN105426,74.84,Bank Transfer,0.144,204,6,0,0.704,0,0,1,8.03,0,0
TXN105427,163.84,Online,0.778,2733,6,0,0.798,0,0,18,11.28,0,0
TXN105428,406.02,Bank Transfer,0.661,2324,1,1,0.732,0,0,7,54.64,0,0
TXN105429,1461.84,Online,0.843,3030,3,0,0.191,0,0,8,28.63,0,0
TXN105430,32.87,POS,0.99,1659,2,0,0.798,1,0,2,36.14,0,0
TXN105431,203.43,ATM,0.477,3314,4,0,0.904,0,0,20,33.11,1,0
TXN105432,50.07,Online,0.699,1737,1,0,0.815,0,0,19,6.74,0,0
TXN105433,411.09,Bank Transfer,0.71,674,2,0,0.559,0,0,9,57.01,0,0
TXN105434,58.06,POS,0.845,3296,3,0,0.28,0,0,11,29.18,0,0
TXN105435,75.59,POS,0.518,1558,4,0,0.663,0,1,17,7.45,0,0
TXN105436,82.33,ATM,0.108,52,6,0,0.731,0,1,6,9.07,0,0
TXN105437,137.52,POS,0.979,2389,2,0,0.344,0,0,16,33.86,0,0
TXN105438,205.04,Online,0.057,1190,2,1,0.677,0,0,13,16.79,0,0
TXN105439,240.74,Online,0.962,3007,3,1,0.888,0,0,0,33.57,0,0
TXN105440,147.56,POS,,584,2,0,0.443,0,0,5,55.21,0,1
TXN105441,39.26,POS,0.492,2701,5,0,0.579,0,0,4,55.77,0,0
TXN105442,307.29,ATM,0.951,3035,2,0,0.746,0,0,9,67.6,0,0
TXN105443,140.76,POS,0.677,469,5,0,0.767,0,0,0,35.44,0,0
TXN105444,474.25,ATM,0.586,2147,3,0,0.68,0,0,23,32.39,0,1
TXN105445,73.13,ATM,0.326,2367,1,0,0.575,0,0,20,33.03,0,0
TXN105446,29.9,Online,0.292,3367,3,1,0.733,0,0,2,31.18,0,0
TXN105447,143.45,Online,0.033,1094,1,0,0.862,0,0,21,58.91,0,0
TXN105448,542.37,POS,0.586,1791,1,1,0.908,0,1,9,42.33,0,0
TXN105449,174.33,ATM,0.43,1501,4,0,0.486,0,0,7,33.37,0,0
TXN105450,121.55,POS,0.224,1382,8,0,0.741,0,0,8,37.73,0,0
TXN105451,62.16,POS,0.384,3629,3,1,0.464,0,0,6,17.71,0,0
TXN105452,860.72,Bank Transfer,0.941,2403,2,0,0.875,0,0,8,12.07,0,0
TXN105453,53.01,POS,0.848,598,3,0,0.848,0,0,7,50.06,0,1
TXN105454,71.85,POS,0.43,3158,4,0,0.778,0,0,10,40.56,0,0
TXN105455,262.44,Bank Transfer,0.98,407,5,0,0.54,0,0,0,66.75,0,0
TXN105456,23.2,POS,0.462,3203,6,0,0.584,0,1,21,43.4,0,0
TXN105457,530.91,POS,0.349,1511,3,0,0.821,0,0,8,14.07,0,0
TXN105458,277.05,Online,0.388,2478,1,1,0.143,0,0,5,14.66,0,0
TXN105459,364.76,ATM,0.875,3158,4,2,0.611,0,0,10,49.21,0,1
TXN105460,259.33,Bank Transfer,0.268,3184,3,0,0.316,0,0,3,11.47,0,0
TXN105461,126.33,ATM,0.222,617,4,1,0.643,0,1,2,47.36,0,0
TXN105462,51.26,Bank Transfer,0.961,1497,7,0,0.529,0,1,10,14.32,0,0
TXN105463,129.01,POS,0.734,319,3,1,0.674,0,0,2,26.67,1,0
TXN105464,55.97,Online,0.764,2358,4,0,0.185,0,1,14,24.99,0,1
TXN105465,241.33,POS,0.74,1546,3,0,0.934,0,0,7,35.54,0,0
TXN105466,332.55,Bank Transfer,0.683,3644,2,0,0.625,0,0,23,47.09,0,0
TXN105467,649.89,Bank Transfer,0.091,2318,2,0,0.365,0,0,9,48.95,0,0
TXN105468,215.24,POS,0.754,1618,2,0,0.817,0,0,5,8.34,0,0
TXN105469,374.12,ATM,,589,1,0,0.714,0,0,19,19.12,0,0
TXN105470,110.26,Online,0.132,1070,1,0,0.503,0,0,5,24.74,1,0
TXN105471,91.99,POS,0.983,2942,3,0,0.351,1,0,20,27.22,0,1
TXN105472,238.33,Online,0.028,548,3,0,0.388,0,0,2,6.11,0,0
TXN105473,100.84,Bank Transfer,0.032,3092,3,1,0.146,0,0,19,18.0,0,0
TXN105474,194.26,POS,0.31,2210,3,0,0.446,1,0,13,44.65,0,0
TXN105475,51.36,POS,0.844,1921,0,1,0.561,0,0,15,43.59,0,0
TXN105476,61.46,Bank Transfer,0.978,1755,1,1,0.858,0,1,16,16.78,0,0
TXN105477,280.17,Online,0.119,140,1,1,0.683,0,0,22,16.24,0,0
TXN105478,360.21,Online,0.395,848,4,0,0.296,1,0,9,13.69,0,0
TXN105479,55.39,Online,0.734,1898,0,0,0.967,0,0,10,26.41,0,0
TXN105480,290.21,Online,0.646,1786,3,1,0.299,0,1,23,46.09,0,1
TXN105481,87.12,POS,0.233,805,4,0,0.656,0,1,17,29.47,0,0
TXN105482,150.88,POS,0.329,2936,2,0,0.396,0,0,15,5.61,0,0
TXN105483,612.13,ATM,0.594,1644,5,0,0.21,0,0,16,47.42,0,0
TXN105484,332.78,Online,0.035,1434,2,0,0.841,0,0,15,38.42,1,0
TXN105485,328.94,Online,0.758,2780,2,0,0.63,0,0,1,39.24,0,0
TXN105486,1001.04,Bank Transfer,0.275,569,3,0,0.572,0,0,19,25.98,0,0
TXN105487,73.41,POS,0.828,226,3,0,0.37,0,1,18,29.89,1,0
TXN105488,55.37,ATM,0.684,1198,2,0,,0,0,18,22.63,0,0
TXN105489,72.09,ATM,0.645,30,2,0,0.868,0,0,12,59.43,0,0
TXN105490,115.07,Bank Transfer,0.767,1373,2,0,0.853,0,0,3,35.3,0,0
TXN105491,14.09,POS,0.075,513,6,0,0.165,0,0,17,39.02,1,0
TXN105492,120.61,POS,0.26,2417,1,0,0.279,0,0,1,22.74,0,0
TXN105493,86.09,Online,0.522,194,3,0,0.211,1,0,14,5.86,0,1
TXN105494,324.98,Bank Transfer,0.777,777,3,0,0.374,0,0,2,33.01,0,0
TXN105495,211.12,Bank Transfer,0.849,972,2,0,0.202,0,0,14,38.37,0,0
TXN105496,81.39,Online,0.382,2189,2,0,0.259,0,0,5,3.64,2,0
TXN105497,267.73,Online,0.794,1493,4,0,0.736,0,0,22,8.11,1,0
TXN105498,305.9,POS,0.22,2811,2,0,0.702,0,0,22,2.81,0,0
TXN105499,68.82,Online,0.082,2852,0,0,0.354,0,0,12,15.15,0,0
TXN105500,90.65,ATM,0.247,1424,4,0,0.842,0,0,9,27.57,0,0
TXN105501,16.03,ATM,0.903,139,5,0,0.701,0,0,5,39.15,1,0
TXN105502,49.87,POS,0.544,3506,2,0,0.489,1,0,17,23.83,0,1
TXN105503,70.64,Bank Transfer,0.481,1300,3,0,,0,0,0,8.62,0,0
TXN105504,159.84,POS,0.743,1976,0,1,0.69,0,0,16,12.44,0,0
TXN105505,57.66,Online,0.01,3394,8,1,0.804,0,0,8,86.85,0,0
TXN105506,88.81,Online,0.118,2390,2,0,0.302,0,1,9,8.87,0,0
TXN105507,43.58,Online,0.1,2116,0,0,0.207,0,0,7,8.94,0,0
TXN105508,176.11,ATM,0.122,1259,1,0,0.384,0,0,20,10.23,0,0
TXN105509,227.17,Online,0.453,3022,6,0,0.732,0,0,21,34.31,0,0
TXN105510,221.93,POS,0.281,734,6,1,0.966,0,0,7,25.83,1,0
TXN105511,150.26,POS,0.786,1780,2,0,0.453,0,0,2,35.94,0,1
TXN105512,31.78,Online,0.839,1296,0,0,0.847,0,0,13,40.77,0,0
TXN105513,79.84,Online,0.925,382,1,1,0.785,0,0,1,15.41,0,0
TXN105514,98.76,Online,0.196,1033,2,0,0.898,0,0,19,29.56,0,0
TXN105515,99.16,POS,0.503,706,7,0,0.697,0,0,3,11.15,0,0
TXN105516,159.97,POS,0.049,357,2,0,0.952,0,0,6,2.83,1,0
TXN105517,617.41,ATM,0.24,2774,2,0,0.926,0,0,9,49.47,0,0
TXN105518,334.32,Online,0.615,2604,3,0,0.13,0,0,16,15.82,0,0
TXN105519,55.28,Online,0.422,3158,2,0,0.565,1,1,9,31.1,0,0
TXN105520,292.48,Online,0.691,140,2,1,0.395,0,1,4,21.91,0,0
TXN105521,281.55,POS,0.839,1722,2,0,,0,0,18,37.46,0,0
TXN105522,66.28,POS,0.06,2421,8,0,0.468,0,0,17,64.77,0,0
TXN105523,346.84,POS,0.939,1812,1,0,,0,0,22,5.11,0,0
TXN105524,126.42,Online,0.042,123,3,0,0.917,0,0,6,59.64,0,0
TXN105525,36.24,POS,0.982,1659,1,0,0.428,0,0,1,69.8,1,0
TXN105526,233.97,POS,0.638,480,0,0,0.617,0,0,2,33.68,0,0
TXN105527,184.37,Bank Transfer,0.043,96,3,0,0.125,0,0,5,74.88,0,0
TXN105528,118.19,Online,0.394,2675,3,2,0.421,0,0,22,34.18,0,0
TXN105529,142.96,Online,0.258,375,3,0,0.692,0,0,14,9.31,0,0
TXN105530,72.31,Online,0.799,1112,5,0,0.29,0,0,22,31.77,0,0
TXN105531,273.18,POS,0.225,3620,1,1,0.243,0,0,16,19.7,0,0
TXN105532,142.1,POS,0.826,3462,2,1,0.959,0,1,0,28.1,0,0
TXN105533,175.29,ATM,0.312,182,4,0,0.625,0,0,1,15.88,1,0
TXN105534,212.12,Online,0.989,1481,2,2,0.608,0,0,18,18.21,0,0
TXN105535,46.78,Online,0.27,1293,1,0,0.838,0,1,22,58.63,0,0
TXN105536,60.69,Bank Transfer,0.685,2281,6,1,0.602,0,0,6,27.02,0,0
TXN105537,16.28,POS,0.8,2530,2,0,0.682,0,1,5,59.82,0,0
TXN105538,261.06,Online,0.216,302,5,0,0.377,0,0,13,6.18,1,0
TXN105539,44.16,POS,0.076,1567,2,0,0.44,0,0,17,15.77,0,0
TXN105540,169.45,Online,0.551,1043,3,1,0.346,0,0,1,18.01,0,0
TXN105541,215.08,ATM,0.677,3587,4,0,0.639,0,0,2,39.86,0,0
TXN105542,271.06,POS,0.817,1086,4,0,0.636,0,1,7,,0,0
TXN105543,44.52,Bank Transfer,0.273,148,1,0,0.249,0,0,19,29.8,0,0
TXN105544,139.05,Online,0.872,2289,8,0,0.788,0,0,9,31.39,0,0
TXN105545,788.62,Online,0.916,3195,2,0,0.274,0,1,10,15.3,0,0
TXN105546,824.12,POS,0.779,3004,3,1,0.717,1,0,3,5.33,0,1
TXN105547,398.35,Online,0.008,517,0,0,0.157,0,0,19,46.49,0,0
TXN105548,207.99,Online,0.087,2717,2,0,0.927,0,0,5,47.46,0,0
TXN105549,54.32,POS,0.998,771,2,0,0.154,0,0,2,11.64,0,0
TXN105550,304.48,Online,0.734,553,3,0,0.158,0,0,20,18.22,0,0
TXN105551,126.72,POS,0.627,1942,4,0,0.178,0,0,23,16.05,0,0
TXN105552,259.96,Bank Transfer,0.901,2945,6,0,0.509,0,0,17,63.8,0,1
TXN105553,78.82,POS,0.04,3184,3,0,0.596,0,0,19,27.19,0,0
TXN105554,124.84,Online,0.757,2268,2,0,0.236,0,1,2,36.54,0,1
TXN105555,174.89,ATM,0.655,1528,4,0,0.776,0,1,21,17.04,0,0
TXN105556,189.86,Online,0.848,2151,4,0,0.211,0,1,0,51.78,0,0
TXN105557,243.16,Bank Transfer,0.778,1092,3,0,0.944,1,1,7,15.44,0,1
TXN105558,83.16,Bank Transfer,0.485,519,6,2,0.491,0,0,18,25.75,0,0
TXN105559,38.73,POS,0.071,1484,6,1,0.589,0,0,1,121.33,0,0
TXN105560,753.54,Online,0.909,642,4,0,0.789,0,0,6,9.1,0,0
TXN105561,1788.72,Online,0.764,371,3,0,0.847,0,0,9,2.02,2,0
TXN105562,232.16,POS,0.356,2735,2,0,0.817,0,0,0,13.42,0,0
TXN105563,39.49,Online,0.984,3064,3,1,0.403,0,1,5,22.28,1,0
TXN105564,68.5,POS,0.311,2741,3,0,0.77,0,0,22,18.87,0,0
TXN105565,246.93,Bank Transfer,0.371,3343,1,0,0.178,0,0,3,17.16,0,0
TXN105566,567.43,Online,0.975,1785,1,0,0.666,0,0,5,14.59,0,0
TXN105567,44.13,Online,0.668,2476,5,0,0.421,0,0,23,7.21,0,0
TXN105568,131.06,Online,0.879,764,4,0,0.115,0,1,10,60.46,0,1
TXN105569,180.54,Bank Transfer,0.888,1639,2,0,0.812,0,1,15,24.22,0,1
TXN105570,352.33,ATM,0.536,393,0,0,0.891,0,0,6,18.71,0,0
TXN105571,105.26,ATM,0.267,2253,4,0,0.214,1,0,10,32.88,0,0
TXN105572,31.07,ATM,0.847,1609,0,0,0.248,0,0,0,35.45,0,0
TXN105573,276.22,POS,0.502,2027,3,0,0.216,0,0,22,14.29,0,0
TXN105574,457.05,POS,0.564,3122,3,0,1.0,0,0,0,49.01,0,0
TXN105575,136.65,POS,0.541,216,2,0,0.15,0,0,11,18.21,0,0
TXN105576,222.57,Online,0.01,1641,3,0,0.726,0,0,3,66.74,0,0
TXN105577,92.34,Online,0.046,1457,3,0,0.136,0,1,18,7.7,0,0
TXN105578,63.7,POS,0.616,2709,3,0,0.684,0,0,0,6.02,0,0
TXN105579,414.23,Bank Transfer,0.794,2407,4,0,0.973,0,0,13,89.22,0,0
TXN105580,218.66,POS,0.457,2638,0,1,0.255,0,1,2,11.55,0,1
TXN105581,242.35,ATM,0.19,3099,6,0,0.721,1,0,2,11.51,0,0
TXN105582,666.55,Online,0.407,1108,3,0,0.732,0,1,15,12.35,0,0
TXN105583,51.68,Online,0.768,1329,3,2,0.394,0,0,21,46.87,0,0
TXN105584,85.45,POS,0.109,1285,3,0,0.895,0,0,6,3.96,0,0
TXN105585,173.8,ATM,0.56,2995,4,0,0.727,0,0,4,12.37,1,1
TXN105586,84.41,ATM,0.702,1712,3,1,0.293,0,0,19,7.93,1,0
TXN105587,324.78,POS,0.416,2770,4,0,0.228,0,0,5,39.41,0,0
TXN105588,123.05,Online,0.601,917,4,0,0.859,0,0,12,45.25,0,0
TXN105589,55.01,Online,0.883,3394,4,0,0.131,0,0,10,39.55,0,0
TXN105590,158.5,POS,0.213,1781,7,0,0.882,0,0,7,27.82,0,0
TXN105591,175.97,Online,0.135,3611,2,0,0.184,0,0,11,5.14,0,0
TXN105592,377.92,Online,0.061,1647,0,1,0.885,0,0,0,31.57,0,0
TXN105593,219.89,Bank Transfer,0.726,181,2,0,0.329,0,0,9,53.46,0,0
TXN105594,235.37,Online,0.901,982,1,0,0.827,0,0,16,49.91,0,0
TXN105595,204.44,POS,0.69,1613,4,0,0.999,0,0,6,12.55,0,0
TXN105596,122.95,ATM,0.976,510,2,0,0.353,0,0,22,22.8,0,0
TXN105597,72.51,POS,0.708,2830,1,0,0.862,0,0,16,46.0,0,0
TXN105598,198.11,Bank Transfer,0.288,1291,1,1,0.809,0,0,6,40.46,0,0
TXN105599,106.36,Online,0.256,3009,1,0,0.809,0,0,9,28.91,0,0
TXN105600,804.18,POS,0.667,3520,0,0,0.394,0,0,22,48.99,0,0
TXN105601,568.03,ATM,0.676,329,2,0,0.844,0,0,1,43.07,0,0
TXN105602,279.45,POS,0.524,1039,5,0,0.951,0,0,4,48.51,0,0
TXN105603,216.69,Bank Transfer,0.527,2225,6,2,0.111,1,0,17,64.57,0,0
TXN105604,135.92,Bank Transfer,0.417,3162,3,0,0.826,0,0,7,27.09,0,1
TXN105605,42.05,Online,0.35,3282,6,0,0.177,0,0,21,42.64,1,0
TXN105606,119.56,Online,0.634,733,4,0,0.286,0,0,22,,0,0
TXN105607,164.25,Online,0.748,851,0,0,0.443,0,0,6,9.36,0,0
TXN105608,186.69,Online,0.813,749,2,1,0.988,0,0,15,67.54,0,0
TXN105609,237.35,POS,0.308,1287,4,1,0.753,0,0,6,71.77,0,0
TXN105610,372.91,Bank Transfer,0.858,2244,5,1,0.992,0,0,12,33.31,0,0
TXN105611,74.28,POS,0.303,1459,2,0,0.451,0,0,4,,0,0
TXN105612,74.96,POS,0.305,2659,3,0,0.751,0,1,23,20.69,1,0
TXN105613,633.24,POS,,1458,5,0,0.702,0,1,20,4.96,0,0
TXN105614,320.85,Bank Transfer,0.969,2164,1,0,0.104,0,0,8,31.25,0,0
TXN105615,100.41,Bank Transfer,0.932,2063,5,0,0.184,0,0,1,10.47,1,0
TXN105616,133.32,POS,0.111,946,2,1,0.112,0,0,19,36.96,0,0
TXN105617,133.93,POS,0.288,250,3,0,0.523,0,0,5,31.31,0,0
TXN105618,153.17,ATM,0.76,829,2,0,0.619,0,0,18,31.17,0,0
TXN105619,238.1,Online,0.806,2850,5,0,0.138,0,0,14,17.23,0,0
TXN105620,1872.43,Bank Transfer,0.504,2734,2,1,0.323,1,0,12,79.04,0,1
TXN105621,179.42,Bank Transfer,0.016,474,2,0,0.807,0,0,11,58.17,0,0
TXN105622,287.9,ATM,0.502,1420,2,2,0.21,0,0,0,23.4,0,0
TXN105623,27.48,POS,0.031,2974,2,0,0.717,0,0,17,40.52,0,0
TXN105624,91.39,Online,0.281,2951,2,1,0.508,0,0,8,42.09,0,0
TXN105625,507.15,Bank Transfer,0.657,91,1,0,0.172,0,0,1,30.1,1,0
TXN105626,221.92,POS,0.135,2875,9,0,0.762,0,0,5,43.2,0,0
TXN105627,1.84,Bank Transfer,0.712,2879,4,1,0.863,1,0,6,43.14,0,0
TXN105628,291.2,Online,0.621,451,2,0,0.579,0,0,2,16.52,0,0
TXN105629,1010.46,Bank Transfer,0.43,1316,5,0,0.59,0,0,3,33.86,0,0
TXN105630,20.17,Online,0.372,224,2,0,0.15,0,0,11,28.24,0,0
TXN105631,678.16,POS,0.915,2404,4,0,0.957,0,0,3,26.17,0,0
TXN105632,9.28,Online,0.553,3149,1,0,0.89,0,1,2,15.2,1,0
TXN105633,379.18,POS,0.889,678,3,0,0.994,0,0,18,9.37,0,0
TXN105634,147.14,Online,0.412,1303,3,0,0.765,0,0,17,14.69,0,0
TXN105635,14.15,Bank Transfer,0.595,1973,0,0,0.66,0,0,22,19.62,0,0
TXN105636,231.86,POS,0.955,290,1,0,0.886,0,1,19,31.49,0,0
TXN105637,469.11,Bank Transfer,0.124,1112,6,0,0.944,0,0,0,25.11,0,0
TXN105638,213.55,POS,0.263,816,2,0,0.928,0,0,0,63.33,0,0
TXN105639,266.35,Online,0.917,44,3,0,0.133,0,0,7,21.86,0,0
TXN105640,98.33,Bank Transfer,0.422,2448,5,0,0.796,0,0,6,63.18,2,0
TXN105641,23.07,Online,0.272,2655,4,0,0.434,0,0,20,24.23,0,0
TXN105642,296.45,Bank Transfer,0.997,322,6,0,0.832,0,0,22,18.55,0,0
TXN105643,853.85,Bank Transfer,0.102,504,2,0,0.154,0,0,11,11.89,0,0
TXN105644,459.24,Online,0.612,285,2,0,0.57,0,0,22,26.81,0,0
TXN105645,20.33,ATM,0.788,3431,3,0,0.982,1,0,4,12.46,0,0
TXN105646,32.63,POS,0.787,2091,0,1,0.642,0,0,6,23.02,0,0
TXN105647,63.69,Online,0.442,1998,1,0,0.15,0,0,0,5.06,0,1
TXN105648,30.18,POS,0.044,341,5,0,0.964,0,0,15,13.44,0,0
TXN105649,155.12,ATM,0.841,36,2,0,0.354,0,1,4,27.44,1,1
TXN105650,219.95,Online,0.803,3389,3,1,0.936,0,0,5,32.01,0,0
TXN105651,35.51,Online,0.237,3450,3,1,0.306,0,0,8,84.93,0,1
TXN105652,322.83,Bank Transfer,0.341,2001,6,1,0.541,0,0,7,37.53,0,0
TXN105653,270.73,POS,0.513,510,5,2,0.215,0,0,0,72.3,0,1
TXN105654,85.78,Bank Transfer,0.114,137,1,1,0.893,0,1,8,38.12,0,0
TXN105655,124.9,POS,0.821,3048,5,0,0.697,0,0,11,29.87,0,0
TXN105656,21.12,POS,0.922,1944,4,0,0.199,0,0,17,47.28,0,0
TXN105657,106.46,Online,0.308,1221,2,0,0.86,0,0,21,28.12,0,0
TXN105658,149.51,POS,0.924,74,6,0,0.993,0,0,18,18.83,0,0
TXN105659,175.69,Online,0.801,2086,3,0,0.957,0,0,2,30.98,0,0
TXN105660,216.78,ATM,0.728,3208,2,0,0.138,0,0,16,10.71,0,0
TXN105661,189.47,ATM,0.969,3055,1,0,0.814,0,0,4,4.77,2,0
TXN105662,113.94,POS,0.325,2677,4,0,0.933,0,0,0,27.43,0,0
TXN105663,197.59,POS,0.916,211,4,0,0.995,0,0,3,61.2,0,1
TXN105664,404.25,POS,0.098,2769,1,0,0.949,0,1,13,77.59,0,0
TXN105665,134.9,Online,0.478,2491,3,0,0.889,0,0,23,15.31,0,0
TXN105666,203.89,POS,0.552,3067,0,0,0.914,0,0,9,17.55,0,0
TXN105667,123.2,POS,0.123,567,4,1,0.294,0,0,21,37.28,0,0
TXN105668,77.73,ATM,0.737,3151,2,1,0.96,0,0,15,,0,0
TXN105669,250.35,Bank Transfer,0.475,2623,1,0,0.792,0,0,3,46.83,0,0
TXN105670,85.18,ATM,0.456,2799,3,1,0.375,0,0,21,23.41,0,1
TXN105671,218.36,POS,0.581,611,2,0,0.51,0,0,10,15.74,1,0
TXN105672,152.67,Online,0.135,3126,1,0,0.387,0,0,3,16.46,0,0
TXN105673,109.52,POS,0.2,109,2,0,0.723,0,1,15,44.41,0,0
TXN105674,106.9,POS,0.181,835,3,0,0.213,0,0,12,6.43,1,0
TXN105675,89.29,Online,0.952,592,5,0,0.378,0,0,23,45.63,1,0
TXN105676,28.62,Bank Transfer,0.773,868,5,0,0.751,0,0,6,81.69,0,0
TXN105677,217.65,Online,0.529,2295,3,0,0.81,0,0,3,19.91,0,0
TXN105678,187.08,POS,0.659,3379,3,0,0.549,0,0,7,83.18,0,0
TXN105679,347.12,Online,0.65,3598,0,0,0.651,0,0,19,3.53,0,0
TXN105680,87.23,Bank Transfer,0.262,423,5,0,0.773,0,0,15,42.67,0,0
TXN105681,987.7,POS,0.087,3541,4,0,0.526,0,1,19,15.29,0,0
TXN105682,101.52,ATM,0.555,424,1,0,0.66,0,0,10,43.85,0,0
TXN105683,61.86,POS,0.263,2729,5,0,0.216,0,0,16,11.89,0,0
TXN105684,54.94,POS,0.873,695,2,0,0.959,0,0,0,32.21,1,0
TXN105685,26.21,Bank Transfer,0.236,3014,3,0,0.293,0,1,10,35.42,0,1
TXN105686,687.2,POS,0.573,1294,5,0,0.506,0,0,11,49.64,0,0
TXN105687,584.68,ATM,0.42,3193,5,0,0.918,1,0,23,24.99,0,1
TXN105688,270.63,POS,0.743,1991,6,0,0.444,0,1,0,25.34,0,1
TXN105689,60.58,Online,0.951,1942,3,0,0.29,0,0,21,5.93,0,0
TXN105690,908.02,Online,0.412,1624,3,0,0.863,0,0,0,4.72,0,0
TXN105691,104.41,Bank Transfer,0.044,857,4,0,0.204,0,0,9,37.39,0,0
TXN105692,113.41,ATM,0.661,1895,3,0,0.837,0,0,6,20.3,0,0
TXN105693,624.69,Online,0.129,2423,2,1,0.222,0,1,12,28.08,0,0
TXN105694,286.84,Online,0.105,537,3,0,0.125,0,0,6,6.79,0,0
TXN105695,1340.91,POS,0.662,542,3,0,0.288,0,1,1,17.8,0,1
TXN105696,190.32,Online,0.103,1576,4,1,0.394,0,1,19,45.61,1,0
TXN105697,99.78,Online,0.129,3043,1,2,0.465,0,0,0,24.44,0,0
TXN105698,80.5,POS,0.439,1308,3,0,0.82,0,0,7,28.69,0,0
TXN105699,23.41,Bank Transfer,0.452,1521,7,0,0.885,0,0,18,20.86,0,0
TXN105700,112.33,POS,0.914,3502,3,2,0.418,0,0,17,45.76,0,1
TXN105701,466.19,POS,0.276,994,1,0,0.251,1,0,8,38.67,1,0
TXN105702,270.11,Bank Transfer,0.401,1356,1,1,0.453,0,0,12,21.06,0,0
TXN105703,151.46,Online,0.708,3083,2,1,0.796,0,0,15,24.29,0,0
TXN105704,54.88,ATM,0.827,1906,6,0,0.964,0,0,14,19.27,0,0
TXN105705,186.21,POS,0.349,432,3,0,0.369,0,0,13,14.96,0,0
TXN105706,408.63,Online,0.631,807,0,0,0.13,0,0,12,102.59,0,1
TXN105707,228.31,Online,0.624,3558,3,0,0.891,0,0,20,43.48,0,0
TXN105708,175.34,POS,0.303,2964,1,0,0.398,0,0,20,8.73,0,0
TXN105709,66.89,Online,0.119,3470,4,0,0.679,0,0,13,27.66,0,0
TXN105710,353.25,POS,0.683,1768,2,0,0.228,0,0,21,32.23,0,1
TXN105711,6.48,POS,0.268,2233,4,0,0.509,0,0,11,3.74,0,0
TXN105712,217.64,POS,0.318,528,6,0,0.487,0,0,19,51.45,0,0
TXN105713,1939.76,POS,0.572,2607,2,0,0.645,0,0,15,41.44,0,0
TXN105714,32.84,POS,0.161,2091,2,1,0.656,1,0,7,61.81,0,0
TXN105715,116.59,ATM,0.241,164,1,0,0.512,0,0,2,79.87,0,0
TXN105716,147.24,Online,0.446,3096,3,1,0.979,0,0,7,3.66,1,0
TXN105717,93.45,POS,0.878,1612,6,1,0.973,0,0,3,4.25,0,0
TXN105718,418.37,Online,0.772,3625,7,0,0.287,0,0,16,20.77,0,1
TXN105719,238.04,POS,0.318,3232,6,1,0.502,0,0,16,4.1,0,0
TXN105720,172.83,Online,,1551,4,0,0.506,0,0,9,17.07,0,1
TXN105721,329.4,Bank Transfer,0.987,71,4,0,0.472,0,0,13,11.83,0,0
TXN105722,150.92,Online,0.653,560,3,0,0.13,0,0,20,27.78,2,0
TXN105723,3568.37,Online,0.686,1082,7,0,0.641,0,1,9,19.43,0,0
TXN105724,172.66,POS,0.055,1106,1,0,0.35,1,0,13,42.61,0,0
TXN105725,180.42,POS,0.105,1310,4,0,0.11,0,0,1,70.43,0,0
TXN105726,26.83,ATM,0.294,3487,5,0,0.711,0,0,1,15.79,0,0
TXN105727,86.19,Online,0.842,2473,6,0,0.879,0,0,3,19.62,0,0
TXN105728,467.49,Online,0.911,721,2,0,0.13,0,0,21,20.36,0,1
TXN105729,39.04,Bank Transfer,0.191,2581,5,0,0.845,0,0,3,26.98,0,0
TXN105730,17.16,POS,0.714,234,5,0,0.651,0,0,3,13.75,0,0
TXN105731,153.29,ATM,0.874,265,5,0,0.4,1,0,2,47.87,0,0
TXN105732,584.49,Online,0.879,2362,5,0,0.63,0,0,12,36.88,0,0
TXN105733,154.84,POS,0.459,817,2,0,0.559,0,0,19,13.75,0,0
TXN105734,106.05,POS,0.259,1613,3,0,0.681,0,0,10,5.4,0,0
TXN105735,23.14,Online,0.956,3018,2,0,0.567,0,0,20,76.53,0,0
TXN105736,233.28,POS,0.277,1436,2,0,,0,1,5,45.51,0,0
TXN105737,287.52,Online,0.253,724,1,0,0.121,0,0,6,3.08,0,0
TXN105738,24.98,Online,0.206,3647,5,0,0.419,0,0,10,113.58,0,0
TXN105739,461.52,Online,0.533,1067,3,0,0.39,0,0,3,53.32,0,0
TXN105740,319.16,Online,0.107,2415,5,2,0.28,0,0,5,37.4,0,1
TXN105741,460.5,Online,0.571,617,2,1,0.358,0,0,10,15.4,0,1
TXN105742,266.01,Online,0.944,616,5,0,0.972,0,0,20,42.64,1,1
TXN105743,285.34,Bank Transfer,0.505,2760,6,0,0.298,0,0,23,5.56,0,0
TXN105744,249.82,POS,0.965,3280,3,0,0.189,0,0,6,19.35,0,0
TXN105745,353.71,Bank Transfer,0.906,128,3,2,0.88,0,0,1,57.48,0,1
TXN105746,24.08,POS,0.792,3559,3,0,0.563,1,1,13,27.63,0,1
TXN105747,33.08,POS,0.608,1122,2,1,0.928,0,0,21,45.88,0,0
TXN105748,71.09,Online,0.881,3599,2,0,0.133,0,0,8,9.35,0,0
TXN105749,130.34,POS,0.555,1956,1,0,0.592,0,0,11,15.45,1,0
TXN105750,218.8,POS,0.207,2802,3,0,0.377,0,0,18,36.81,0,0
TXN105751,205.34,POS,0.925,51,3,0,0.422,0,0,11,42.7,0,0
TXN105752,453.55,ATM,0.502,601,2,0,0.768,0,0,18,27.29,0,0
TXN105753,468.01,Online,0.908,3483,7,0,0.769,0,0,2,36.0,1,1
TXN105754,62.03,POS,0.393,627,1,1,0.527,0,0,13,31.74,0,0
TXN105755,188.4,Online,0.336,3176,6,1,0.131,0,0,7,20.92,0,0
TXN105756,63.57,POS,0.766,458,3,0,0.941,0,0,20,19.71,0,0
TXN105757,122.95,Bank Transfer,0.634,2373,3,0,0.107,0,0,4,30.43,0,0
TXN105758,204.75,POS,0.44,1375,2,0,0.575,0,0,5,23.4,0,0
TXN105759,4.91,Online,0.879,1619,0,0,0.281,0,0,20,48.29,0,0
TXN105760,1654.48,Online,0.517,2603,2,1,0.546,0,0,1,49.65,0,1
TXN105761,261.49,Online,0.013,592,4,1,0.171,0,0,14,25.52,0,0
TXN105762,81.8,Bank Transfer,0.693,1276,3,1,0.12,0,0,22,21.12,0,1
TXN105763,1019.81,POS,0.063,2034,2,1,0.861,0,0,19,39.91,1,0
TXN105764,104.85,ATM,0.481,1333,1,1,0.296,0,0,2,45.85,1,1
TXN105765,169.44,Online,,895,3,0,0.33,0,0,19,2.68,0,0
TXN105766,91.18,Online,0.242,189,5,0,0.117,1,0,7,39.81,0,0
TXN105767,774.33,POS,0.98,2339,3,2,0.829,1,0,14,69.98,1,1
TXN105768,133.62,POS,0.113,254,1,0,0.607,0,0,9,49.02,0,0
TXN105769,172.34,POS,0.758,557,4,1,0.829,0,0,16,29.22,1,0
TXN105770,494.62,POS,0.637,889,1,0,0.498,0,0,17,93.29,0,0
TXN105771,266.44,Bank Transfer,0.195,2625,5,1,0.677,0,0,17,39.69,0,0
TXN105772,140.56,ATM,0.935,472,3,1,0.575,0,0,3,20.88,0,0
TXN105773,450.51,POS,0.201,1198,4,0,0.799,0,0,16,52.88,0,0
TXN105774,1878.98,Online,0.516,297,4,0,0.408,0,1,18,26.19,0,1
TXN105775,203.86,Online,0.791,1847,1,0,0.205,0,0,10,52.54,1,1
TXN105776,166.79,POS,0.764,684,3,0,0.311,0,0,7,34.27,1,0
TXN105777,176.03,Online,0.32,615,5,0,0.601,0,0,12,27.54,0,0
TXN105778,550.28,Online,0.839,1189,3,0,0.35,1,1,15,33.28,0,0
TXN105779,81.52,POS,0.962,957,2,1,0.25,0,0,23,16.54,0,0
TXN105780,112.36,Online,0.474,207,0,0,0.898,0,0,18,18.49,1,0
TXN105781,31.9,POS,0.652,1659,4,0,0.39,0,0,23,42.3,0,0
TXN105782,45.43,POS,0.365,1850,4,0,0.132,0,0,5,44.33,0,0
TXN105783,88.43,Online,0.354,1688,6,0,0.618,0,0,14,69.45,0,0
TXN105784,140.34,Online,0.47,1630,3,0,0.769,0,0,9,33.03,0,0
TXN105785,870.51,Bank Transfer,0.197,3649,0,1,0.254,0,0,4,39.96,0,1
TXN105786,253.66,POS,0.689,1024,1,0,0.548,1,0,7,7.86,0,0
TXN105787,59.62,ATM,0.166,1244,3,0,0.195,0,0,2,13.27,0,0
TXN105788,71.67,Bank Transfer,0.005,1878,2,0,0.274,0,0,22,23.57,0,0
TXN105789,586.84,Online,0.439,335,3,1,0.333,0,1,8,30.6,0,1
TXN105790,457.88,Bank Transfer,0.076,3609,2,0,0.816,0,0,3,15.49,0,0
TXN105791,152.65,Bank Transfer,0.562,1927,1,1,0.263,0,0,18,45.42,1,0
TXN105792,95.34,ATM,0.52,2551,1,0,0.183,0,0,14,26.98,0,0
TXN105793,457.11,Bank Transfer,0.137,1195,4,0,0.433,0,0,7,24.0,0,0
TXN105794,54.96,Online,0.246,2533,7,1,0.984,0,0,4,38.86,0,0
TXN105795,219.65,Online,0.024,3207,3,0,0.586,0,0,6,35.07,0,0
TXN105796,1440.38,Bank Transfer,0.594,2124,4,0,0.574,0,0,10,21.53,1,1
TXN105797,182.25,ATM,0.293,791,3,1,0.815,0,0,15,39.33,0,0
TXN105798,68.33,POS,0.713,2506,3,1,0.523,0,0,23,24.71,0,0
TXN105799,223.71,POS,0.63,3127,6,0,0.748,0,0,9,29.34,0,0
TXN105800,92.76,POS,0.374,2540,4,1,0.16,1,0,4,49.95,0,1
TXN105801,36.81,ATM,0.022,2432,4,0,0.349,0,0,13,52.63,1,0
TXN105802,299.18,POS,0.32,1708,7,0,0.483,1,0,15,37.55,0,0
TXN105803,453.88,POS,0.325,710,2,1,0.399,0,0,18,33.58,0,0
TXN105804,108.75,Online,0.333,2632,2,1,0.13,0,0,18,25.15,0,0
TXN105805,101.77,POS,0.953,1496,4,1,0.545,0,1,18,19.53,0,0
TXN105806,56.74,Bank Transfer,0.165,864,3,1,0.339,0,0,5,98.59,0,0
TXN105807,127.75,Online,0.27,1812,3,0,0.502,0,0,13,68.75,0,0
TXN105808,84.57,POS,0.832,110,3,1,0.877,0,0,7,22.69,1,0
TXN105809,54.0,POS,0.925,1918,1,0,0.206,0,0,21,40.08,0,0
TXN105810,984.53,ATM,0.468,2010,5,1,0.553,0,0,16,50.22,0,0
TXN105811,236.63,Online,0.54,1467,6,1,0.434,0,0,20,12.58,0,0
TXN105812,263.06,Online,0.053,2576,2,1,0.375,0,0,16,29.56,0,0
TXN105813,359.03,POS,0.808,2146,4,0,0.454,0,0,2,34.73,0,0
TXN105814,320.87,Bank Transfer,0.595,1354,1,0,0.208,0,0,8,81.94,0,1
TXN105815,98.19,ATM,0.479,2624,2,0,0.613,0,0,16,32.13,0,0
TXN105816,194.91,Online,0.303,452,2,1,0.499,0,1,1,9.46,0,1
TXN105817,113.41,Online,0.444,1862,2,0,0.901,0,0,16,53.4,0,0
TXN105818,230.09,Bank Transfer,0.735,538,2,0,0.147,0,0,5,50.6,0,1
TXN105819,208.87,Online,0.081,2210,5,0,0.73,0,0,5,29.2,0,0
TXN105820,101.22,Online,0.507,94,3,0,0.134,0,0,18,19.69,0,0
TXN105821,39.28,Bank Transfer,0.035,3141,2,0,0.519,0,0,6,33.19,0,0
TXN105822,171.78,Bank Transfer,0.772,143,5,1,0.415,0,0,19,34.84,0,0
TXN105823,120.99,ATM,0.211,1831,5,3,0.295,0,0,13,53.41,0,1
TXN105824,22.41,ATM,0.903,2442,0,0,0.987,0,0,7,26.74,0,0
TXN105825,246.57,Online,0.476,1537,3,2,0.571,0,0,22,63.22,0,0
TXN105826,389.69,Online,0.457,809,3,0,0.923,0,1,20,19.27,0,0
TXN105827,1860.05,POS,0.36,926,3,0,0.599,0,0,5,41.87,0,0
TXN105828,100.36,Online,0.516,3080,1,0,0.966,0,0,3,12.42,0,0
TXN105829,86.6,POS,0.338,505,2,2,0.956,0,0,20,36.6,0,0
TXN105830,48.94,POS,0.36,2603,4,1,0.161,1,0,23,17.01,1,0
TXN105831,182.85,Bank Transfer,0.196,1087,3,0,0.347,0,0,6,20.52,0,1
TXN105832,181.69,POS,0.345,73,3,0,0.918,0,0,3,14.34,0,0
TXN105833,65.94,ATM,0.812,1500,4,0,0.391,0,0,15,38.8,0,0
TXN105834,124.6,POS,0.246,372,3,0,0.537,0,0,20,19.69,0,0
TXN105835,20.52,POS,0.821,2796,6,0,0.298,0,0,7,8.04,0,0
TXN105836,374.79,POS,0.861,2813,1,1,0.851,0,0,6,8.94,0,0
TXN105837,68.67,Online,0.666,817,3,1,0.406,1,0,19,71.65,0,0
TXN105838,143.36,Online,0.031,2829,1,0,0.629,0,1,2,44.85,0,0
TXN105839,35.63,POS,0.561,2571,1,1,0.54,0,0,17,16.02,0,0
TXN105840,82.9,Online,0.833,2478,2,0,0.679,0,0,0,3.58,0,0
TXN105841,112.21,Online,0.366,316,4,0,0.688,0,1,20,13.17,0,1
TXN105842,146.75,POS,0.283,492,6,0,0.272,1,0,23,38.89,0,0
TXN105843,239.78,POS,0.321,603,3,1,0.317,0,0,22,55.64,0,0
TXN105844,625.83,POS,0.423,2991,3,0,0.387,0,1,19,82.05,1,1
TXN105845,308.81,POS,0.07,1211,3,0,0.815,0,0,2,31.71,0,0
TXN105846,388.45,POS,0.238,1947,2,0,0.472,0,0,19,16.1,0,0
TXN105847,630.24,Online,0.647,1730,3,0,0.664,0,0,7,10.45,0,1
TXN105848,262.36,Online,0.472,3649,3,0,0.431,0,0,23,26.91,0,0
TXN105849,143.06,Bank Transfer,0.247,684,5,1,0.101,0,0,2,4.66,0,0
TXN105850,407.12,ATM,0.931,2846,4,0,0.587,0,0,7,20.64,0,1
TXN105851,433.98,Online,0.296,435,3,1,0.424,0,1,19,53.27,0,0
TXN105852,283.88,POS,0.129,3569,3,0,0.851,0,0,11,51.83,0,0
TXN105853,34.65,POS,0.199,2078,2,1,0.849,1,1,7,16.51,0,0
TXN105854,63.98,Online,0.297,984,3,0,0.688,0,0,2,38.37,0,0
TXN105855,112.75,POS,0.523,1521,5,0,0.19,0,0,18,36.37,0,1
TXN105856,323.64,POS,0.066,2666,1,0,0.685,0,0,5,14.93,0,0
TXN105857,145.28,Bank Transfer,0.855,1535,2,0,0.501,0,0,22,32.41,0,1
TXN105858,462.6,POS,0.877,274,3,1,0.956,0,0,6,6.07,0,0
TXN105859,552.93,POS,0.318,1144,2,0,0.565,0,0,14,10.61,0,0
TXN105860,492.34,Bank Transfer,0.775,3344,2,0,0.337,0,1,13,35.46,0,0
TXN105861,495.49,POS,0.6,1373,1,1,,0,0,11,6.05,0,0
TXN105862,52.62,Online,0.845,1806,3,0,0.593,0,0,5,4.0,0,1
TXN105863,240.48,POS,0.277,696,4,0,0.427,0,0,3,44.08,0,0
TXN105864,80.84,Online,0.61,127,6,0,0.725,0,0,18,4.84,0,0
TXN105865,28.53,Bank Transfer,0.073,1009,4,0,0.55,0,0,12,14.55,0,0
TXN105866,111.33,Online,0.009,3172,3,0,0.507,0,0,5,70.36,0,0
TXN105867,558.21,Online,0.875,1993,5,1,0.971,0,0,6,9.58,0,0
TXN105868,235.27,POS,0.295,1395,0,1,0.58,0,0,6,40.95,0,0
TXN105869,1116.34,POS,0.445,1920,7,0,0.546,0,0,21,18.4,0,0
TXN105870,177.19,Online,0.232,2971,3,0,0.832,0,0,7,27.5,0,0
TXN105871,1716.09,POS,0.877,3309,3,0,0.771,0,0,18,14.89,0,0
TXN105872,177.24,POS,0.385,1180,2,0,0.223,1,0,8,,0,0
TXN105873,151.79,Online,0.179,3043,1,0,0.558,0,0,22,34.64,0,0
TXN105874,41.29,Bank Transfer,0.608,2931,7,0,0.392,0,1,21,43.49,0,0
TXN105875,450.59,Bank Transfer,0.205,55,3,0,0.679,1,0,22,47.81,0,0
TXN105876,89.83,ATM,0.261,3266,3,0,0.435,0,0,16,42.2,0,0
TXN105877,77.71,Online,0.673,861,2,1,0.674,0,0,17,28.52,0,0
TXN105878,534.45,ATM,0.959,2802,5,0,0.539,0,0,19,29.61,0,1
TXN105879,472.59,Bank Transfer,,3243,7,0,0.536,0,0,7,14.47,0,0
TXN105880,460.38,POS,0.124,2106,7,1,0.961,0,1,21,24.65,0,0
TXN105881,103.32,Online,0.313,1169,1,0,0.919,0,0,7,38.1,0,0
TXN105882,141.04,POS,0.796,3126,4,1,0.986,0,0,11,19.18,0,0
TXN105883,139.79,Bank Transfer,0.275,1759,3,0,0.682,0,0,5,24.06,0,0
TXN105884,324.58,Bank Transfer,0.74,2810,2,1,0.741,0,0,22,5.64,0,0
TXN105885,701.74,ATM,0.472,2473,1,0,0.273,0,0,21,13.41,0,0
TXN105886,214.47,POS,0.884,1191,2,0,0.162,0,0,9,30.91,2,0
TXN105887,1069.44,Bank Transfer,0.359,1996,2,0,0.315,0,0,14,28.64,0,0
TXN105888,364.01,POS,0.935,757,3,0,0.409,0,0,6,33.97,1,0
TXN105889,117.35,POS,0.407,47,1,1,0.174,0,0,9,79.63,1,1
TXN105890,339.92,Online,0.726,2526,4,0,0.493,0,0,20,28.81,0,0
TXN105891,817.25,ATM,,777,6,0,0.473,0,1,7,16.96,1,0
TXN105892,1094.76,Bank Transfer,0.531,1910,4,0,0.649,0,0,10,27.51,0,0
TXN105893,486.33,POS,0.31,393,2,0,0.888,0,0,18,114.78,0,0
TXN105894,152.27,Online,0.013,2400,0,0,0.911,1,0,1,25.15,1,0
TXN105895,119.5,Online,0.437,636,3,1,0.68,0,0,18,3.63,0,0
TXN105896,264.03,POS,0.172,930,0,0,0.916,0,0,1,98.55,1,0
TXN105897,791.54,Bank Transfer,0.959,563,3,0,0.3,0,0,16,33.08,0,1
TXN105898,229.01,POS,0.809,3349,6,1,0.594,0,0,5,15.99,0,1
TXN105899,233.82,POS,0.74,2284,6,0,0.903,0,0,3,19.59,0,0
TXN105900,156.24,Online,0.453,2439,0,0,0.942,1,0,1,14.17,0,0
TXN105901,106.92,Online,0.259,1501,3,0,0.996,0,0,5,7.0,0,0
TXN105902,126.2,Bank Transfer,0.324,3137,1,0,0.829,1,0,16,57.15,0,0
TXN105903,169.94,POS,0.204,270,4,1,,1,1,23,46.82,0,0
TXN105904,827.24,POS,0.552,1527,2,0,0.809,0,0,21,11.3,1,0
TXN105905,116.78,Bank Transfer,0.811,327,3,0,0.207,0,0,19,20.11,0,0
TXN105906,156.43,Online,0.187,2553,2,0,0.83,0,0,21,64.14,0,0
TXN105907,62.47,POS,0.005,3470,2,0,0.247,0,0,7,11.95,2,0
TXN105908,303.88,POS,0.126,2804,1,1,0.761,0,0,9,11.23,0,0
TXN105909,582.12,Bank Transfer,0.461,590,3,0,0.867,0,0,5,53.6,0,0
TXN105910,753.33,Online,0.019,2882,2,1,0.224,0,0,17,29.38,0,0
TXN105911,181.88,POS,0.403,948,2,0,0.122,0,1,22,75.83,1,1
TXN105912,263.58,POS,0.111,1291,0,1,0.786,0,0,22,45.87,0,0
TXN105913,127.29,POS,0.108,2108,3,1,0.614,0,1,8,31.74,0,0
TXN105914,251.64,POS,0.713,1670,1,0,0.413,0,0,9,9.35,0,0
TXN105915,203.15,POS,0.999,707,3,0,0.447,0,1,12,79.77,0,0
TXN105916,157.32,POS,0.194,1948,6,1,0.181,0,1,22,58.62,0,0
TXN105917,170.33,POS,0.23,745,4,0,0.781,1,1,21,42.0,0,0
TXN105918,233.21,POS,0.296,2629,3,1,0.91,0,0,22,56.42,0,0
TXN105919,110.59,Online,0.785,292,4,0,0.254,0,0,16,17.72,0,0
TXN105920,116.45,Online,0.506,2962,2,0,0.598,0,0,10,21.87,0,0
TXN105921,818.41,ATM,0.571,3580,6,0,0.787,0,0,16,5.43,0,0
TXN105922,2231.76,POS,0.547,2732,3,0,0.386,1,0,0,32.41,0,1
TXN105923,44.51,Bank Transfer,0.937,2223,6,0,0.95,0,1,5,11.47,0,0
TXN105924,42.12,Bank Transfer,0.035,1626,3,0,0.368,0,0,2,17.56,1,0
TXN105925,56.99,Bank Transfer,0.158,1947,1,0,0.981,0,0,18,2.81,0,0
TXN105926,133.85,POS,0.382,1884,3,1,0.196,1,1,17,65.47,0,0
TXN105927,363.5,POS,0.488,3246,7,1,0.15,0,0,17,46.96,0,0
TXN105928,268.07,Online,0.114,491,4,1,0.54,0,0,17,5.22,0,0
TXN105929,176.27,POS,0.893,2181,1,0,0.121,0,0,10,52.72,0,0
TXN105930,251.88,POS,0.678,2020,4,0,0.814,0,0,8,17.71,0,0
TXN105931,74.29,POS,0.932,982,1,0,0.755,0,0,10,9.41,0,0
TXN105932,116.27,Online,0.941,1524,2,0,0.109,0,0,13,11.92,0,1
TXN105933,145.46,ATM,0.513,1739,3,0,0.18,0,0,13,33.11,0,0
TXN105934,30.44,POS,0.853,155,4,1,0.512,0,1,12,63.58,0,1
TXN105935,46.46,Bank Transfer,0.737,1758,8,0,0.975,0,0,21,5.27,0,0
TXN105936,48.35,ATM,0.361,648,4,0,0.844,0,0,9,55.14,1,0
TXN105937,318.65,POS,0.657,1471,4,1,0.423,0,0,10,19.18,0,0
TXN105938,189.68,Online,0.953,1037,4,0,0.382,0,0,20,40.27,0,1
TXN105939,273.43,POS,0.764,2758,5,1,0.756,0,0,21,7.44,0,0
TXN105940,23.58,Bank Transfer,0.709,3506,6,0,0.374,0,0,18,13.71,0,0
TXN105941,33.66,ATM,0.222,427,4,0,0.733,0,0,16,18.91,1,0
TXN105942,288.07,Online,0.831,959,7,0,0.138,0,0,22,13.8,0,1
TXN105943,9.22,Online,0.39,606,4,0,0.842,0,0,4,43.56,0,0
TXN105944,505.04,POS,0.624,1780,4,1,0.267,0,0,18,22.23,0,0
TXN105945,23.97,Bank Transfer,0.678,1377,2,1,0.427,0,0,12,17.53,0,0
TXN105946,344.93,Bank Transfer,0.515,1677,2,0,0.743,0,1,16,31.21,0,1
TXN105947,61.03,ATM,0.166,287,2,0,0.297,0,1,2,30.13,0,0
TXN105948,423.65,Online,0.697,3183,5,0,0.998,0,0,14,30.09,0,0
TXN105949,3670.79,POS,0.247,3604,3,0,0.409,0,0,17,34.72,0,1
TXN105950,15.28,POS,0.265,3330,5,0,0.607,0,0,9,105.61,2,0
TXN105951,297.49,POS,0.127,1824,10,0,0.874,0,0,1,10.87,0,0
TXN105952,24.33,Online,0.62,2443,2,1,0.976,0,0,12,18.73,1,0
TXN105953,227.41,ATM,0.117,211,4,0,0.914,0,1,3,32.62,0,0
TXN105954,120.69,Bank Transfer,0.345,2241,4,1,0.922,0,0,13,35.09,0,0
TXN105955,168.98,POS,0.89,2230,5,0,0.755,0,0,13,13.52,0,0
TXN105956,59.64,POS,0.453,2689,1,0,0.191,0,0,19,16.98,0,0
TXN105957,323.93,POS,0.895,2857,4,0,0.318,0,0,19,36.11,0,0
TXN105958,34.87,Bank Transfer,0.493,30,0,1,0.709,0,0,2,23.94,0,0
TXN105959,513.7,ATM,0.179,1505,1,1,0.688,0,1,12,14.56,0,0
TXN105960,98.57,Online,0.759,1786,2,0,0.672,0,0,14,46.57,0,0
TXN105961,36.5,Online,0.353,1769,5,2,0.213,0,0,21,18.53,0,0
TXN105962,731.38,Online,0.966,2018,2,0,0.334,0,0,18,34.35,0,1
TXN105963,138.75,POS,0.262,2566,5,0,0.663,0,0,22,20.95,1,0
TXN105964,999.88,POS,0.822,2155,3,0,0.522,0,1,2,45.14,0,1
TXN105965,503.39,POS,0.494,876,2,0,0.671,0,0,23,11.19,0,0
TXN105966,66.81,POS,0.842,2433,2,0,0.324,0,0,15,64.57,0,0
TXN105967,136.32,Online,0.183,2193,2,2,0.581,0,1,12,78.68,0,0
TXN105968,167.51,POS,0.634,753,1,1,0.124,0,0,7,8.27,0,1
TXN105969,682.87,ATM,0.113,2314,2,0,0.142,0,0,14,46.22,0,0
TXN105970,229.87,Online,0.806,1917,0,0,0.373,0,0,13,28.96,0,0
TXN105971,177.03,Online,0.236,2942,4,0,0.111,1,0,14,14.5,0,0
TXN105972,121.53,Bank Transfer,0.428,1448,5,0,0.463,0,0,16,11.41,0,1
TXN105973,141.1,POS,0.656,3255,2,0,0.384,0,0,20,16.01,0,0
TXN105974,547.08,Online,0.478,1972,6,2,0.549,1,0,19,7.8,0,0
TXN105975,148.96,POS,0.779,3436,2,2,0.185,1,0,9,21.31,0,0
TXN105976,99.98,ATM,0.688,398,2,0,0.506,0,0,13,20.17,0,0
TXN105977,84.39,Online,0.13,487,3,0,0.251,0,0,13,21.75,0,0
TXN105978,85.31,POS,0.773,820,7,0,,0,0,12,48.92,0,0
TXN105979,36.52,POS,0.423,2984,4,0,0.279,0,0,16,16.63,0,0
TXN105980,70.08,Online,0.598,1864,7,0,0.696,0,0,18,31.05,0,0
TXN105981,664.09,Online,0.217,2475,1,1,0.276,0,0,9,15.47,0,0
TXN105982,120.71,Online,0.423,100,5,0,0.131,1,0,3,7.06,0,0
TXN105983,300.19,Online,0.817,1372,0,0,0.983,0,0,22,16.85,0,0
TXN105984,12.44,Online,0.926,1309,0,1,0.726,0,0,20,9.34,0,0
TXN105985,261.99,Online,0.939,3370,2,0,0.798,0,0,10,45.99,0,0
TXN105986,126.3,POS,0.7,409,3,0,0.146,0,0,23,44.18,0,1
TXN105987,91.7,Online,0.079,3143,1,1,0.693,0,0,14,44.29,0,0
TXN105988,177.85,Online,0.443,1363,3,0,0.578,0,0,2,37.97,0,0
TXN105989,90.39,ATM,0.193,2833,1,0,0.928,0,0,13,12.01,0,0
TXN105990,17.75,Online,0.698,1083,6,0,0.727,0,0,15,16.89,0,0
TXN105991,373.25,Online,0.161,238,1,1,0.285,0,0,14,57.97,0,0
TXN105992,189.24,Bank Transfer,0.978,2489,5,0,0.245,0,0,7,68.44,0,1
TXN105993,108.42,Bank Transfer,0.195,670,0,0,0.304,0,0,11,12.3,1,0
TXN105994,56.48,POS,0.053,565,3,2,0.647,1,0,9,8.58,1,0
TXN105995,34.13,Bank Transfer,0.844,3354,2,0,0.5,0,0,1,13.05,0,0
TXN105996,185.66,POS,0.202,850,4,0,0.961,0,1,13,46.81,0,0
TXN105997,745.04,ATM,0.024,3585,2,1,0.777,0,0,1,18.85,0,0
TXN105998,181.85,POS,,1290,1,3,0.207,0,0,2,27.66,0,0
TXN105999,37.23,Online,,1033,5,0,0.955,0,0,17,10.78,0,0
TXN106000,185.88,Bank Transfer,0.267,1674,3,0,0.782,0,0,4,27.37,0,0
TXN106001,140.7,POS,0.409,1034,2,0,0.125,0,0,2,20.76,0,0
TXN106002,352.15,ATM,0.237,3387,4,0,0.912,0,0,17,41.53,0,0
TXN106003,272.25,Online,0.558,2239,3,1,0.691,0,0,4,101.12,0,0
TXN106004,7.49,POS,0.323,2719,2,1,0.431,1,0,0,36.79,0,0
TXN106005,256.02,Bank Transfer,0.591,305,3,0,0.15,0,0,8,4.32,0,0
TXN106006,54.41,Online,0.478,895,3,0,0.823,0,1,18,22.88,0,0
TXN106007,35.81,Bank Transfer,0.929,2185,3,1,0.292,0,0,8,31.68,0,0
TXN106008,122.92,Bank Transfer,0.67,1791,2,0,0.524,0,0,20,125.16,0,0
TXN106009,223.85,POS,0.683,3536,3,0,0.96,1,0,8,11.5,0,0
TXN106010,28.77,POS,0.486,2647,4,0,0.784,0,0,15,54.92,0,0
TXN106011,300.24,POS,0.303,1104,5,0,0.6,0,0,9,34.4,0,0
TXN106012,318.41,Online,0.314,1673,5,1,0.44,0,0,15,21.07,1,0
TXN106013,155.55,POS,0.504,2718,3,0,0.694,0,0,3,92.95,0,0
TXN106014,62.33,Online,0.192,1513,3,0,0.641,0,1,4,76.28,1,1
TXN106015,55.74,ATM,0.132,1930,4,0,0.321,0,1,1,16.55,0,0
TXN106016,414.03,POS,0.372,2923,6,1,0.821,0,0,15,87.65,0,0
TXN106017,32.75,Online,0.13,1070,4,0,0.207,0,0,17,24.26,1,0
TXN106018,430.29,Online,0.231,391,3,0,0.29,0,0,7,16.28,0,0
TXN106019,125.81,POS,0.535,1523,1,0,0.229,0,1,3,62.28,0,0
TXN106020,134.85,POS,0.79,823,3,0,0.647,0,0,22,21.33,0,0
TXN106021,26.89,POS,0.225,2024,3,2,0.133,0,1,21,43.5,0,0
TXN106022,128.16,Online,0.792,3118,7,0,0.961,0,0,17,96.98,0,0
TXN106023,274.13,POS,0.016,2786,1,0,0.662,0,0,3,50.85,0,0
TXN106024,39.0,ATM,0.997,2670,2,0,0.91,0,0,9,10.23,0,0
TXN106025,244.36,ATM,0.517,1987,2,1,0.211,0,0,13,51.6,0,0
TXN106026,162.23,POS,0.476,3244,2,0,0.289,0,0,7,13.14,0,0
TXN106027,77.96,Bank Transfer,0.651,3379,7,1,0.778,0,0,21,12.11,0,0
TXN106028,348.86,Bank Transfer,0.475,2773,8,0,0.86,0,0,20,24.14,0,0
TXN106029,16.41,POS,0.408,453,3,1,0.342,0,0,8,17.8,1,0
TXN106030,209.91,Bank Transfer,0.371,1107,1,0,0.751,0,0,3,55.64,0,0
TXN106031,749.52,POS,0.978,3496,3,0,0.86,0,0,20,20.22,0,0
TXN106032,626.37,Online,0.861,293,1,0,0.371,1,0,16,24.02,0,1
TXN106033,219.16,POS,0.502,2023,3,0,0.415,0,0,4,11.1,0,0
TXN106034,109.76,ATM,0.836,2343,4,1,0.468,0,1,13,31.35,0,0
TXN106035,78.59,ATM,0.149,1448,3,1,0.784,1,1,11,22.17,0,1
TXN106036,109.63,Bank Transfer,0.529,2577,3,0,0.42,0,0,4,50.66,1,0
TXN106037,255.65,Bank Transfer,0.45,305,4,2,,0,0,4,69.1,0,0
TXN106038,66.21,POS,0.325,823,1,0,0.604,0,0,7,47.84,0,1
TXN106039,316.53,Online,0.918,1102,2,0,0.149,0,0,20,18.62,0,0
TXN106040,1252.83,POS,0.832,648,1,0,0.602,1,0,17,32.33,1,0
TXN106041,139.51,POS,0.907,1615,2,0,0.369,0,0,11,40.95,0,0
TXN106042,38.69,POS,0.635,1725,3,0,0.72,0,0,8,18.1,0,0
TXN106043,38.68,Bank Transfer,0.376,3422,3,0,0.265,0,0,15,24.37,0,0
TXN106044,322.65,Online,0.757,1787,3,0,0.773,0,0,21,24.44,0,0
TXN106045,139.81,POS,0.109,2768,2,0,0.936,0,0,15,33.53,0,0
TXN106046,356.68,Bank Transfer,0.853,348,4,0,0.769,0,0,11,39.12,0,0
TXN106047,87.04,ATM,,243,1,0,0.37,0,0,12,19.1,0,0
TXN106048,340.57,POS,0.818,1459,3,0,0.589,0,0,13,10.23,0,0
TXN106049,126.68,Online,0.704,1216,6,0,0.855,0,0,19,7.83,0,0
TXN106050,71.34,ATM,0.088,3372,4,1,0.809,0,0,20,31.3,1,0
TXN106051,99.39,Online,0.147,1808,2,2,0.15,0,0,7,64.48,1,0
TXN106052,44.83,Online,0.452,1794,2,0,0.155,0,0,10,7.46,1,0
TXN106053,1085.03,Online,0.3,3107,3,2,0.2,0,0,14,15.51,0,0
TXN106054,134.78,POS,0.867,3162,4,2,0.513,0,0,0,34.63,0,0
TXN106055,282.74,Online,0.193,2840,4,0,0.262,0,1,23,70.2,0,0
TXN106056,86.76,POS,0.417,1615,3,1,0.731,0,0,8,31.78,0,0
TXN106057,51.84,POS,0.26,812,4,1,0.908,1,0,18,3.43,0,0
TXN106058,117.46,POS,0.127,158,3,0,0.12,0,0,21,29.41,0,0
TXN106059,446.39,Online,0.26,212,5,0,0.769,0,0,17,26.65,0,0
TXN106060,88.17,Online,0.86,2982,0,0,0.134,0,0,10,3.82,1,0
TXN106061,62.14,Online,0.716,509,1,2,0.17,0,0,3,75.99,1,0
TXN106062,173.38,POS,0.914,1531,2,0,0.49,0,0,5,3.47,0,0
TXN106063,244.45,Bank Transfer,0.405,1851,2,0,1.0,0,0,1,49.39,0,1
TXN106064,767.28,POS,0.24,2042,4,0,0.367,0,0,11,16.44,0,0
TXN106065,211.4,Online,0.026,355,2,1,0.561,0,0,8,20.1,0,0
TXN106066,282.59,POS,0.495,1924,2,0,0.98,0,1,2,5.81,1,0
TXN106067,304.68,Online,0.04,934,0,2,0.667,0,1,6,14.79,0,0
TXN106068,46.85,Online,0.004,1263,2,0,0.428,0,1,15,89.42,0,0
TXN106069,56.64,Online,0.605,3003,4,2,0.395,0,0,13,52.11,0,0
TXN106070,50.2,Bank Transfer,0.165,1696,5,0,0.354,0,0,4,15.5,0,0
TXN106071,39.17,ATM,0.56,1485,2,1,0.174,0,0,14,52.94,0,0
TXN106072,328.8,Online,0.574,88,2,0,0.193,0,0,11,13.6,0,0
TXN106073,198.35,Online,0.724,3636,3,0,0.758,1,0,14,19.65,0,0
TXN106074,160.69,Bank Transfer,0.383,2178,2,1,0.601,0,0,11,29.45,0,0
TXN106075,11.1,Bank Transfer,0.705,2766,1,0,0.216,0,1,16,21.66,1,0
TXN106076,1159.19,Online,0.366,1599,4,1,0.462,0,1,12,42.21,0,1
TXN106077,60.69,ATM,0.098,989,1,1,0.311,1,0,2,4.38,0,0
TXN106078,1154.95,Bank Transfer,0.31,1019,3,0,0.478,0,0,16,5.24,0,0
TXN106079,34.84,Bank Transfer,0.008,57,2,0,0.661,0,1,10,16.03,0,0
TXN106080,65.86,POS,0.462,3247,0,1,0.211,0,0,6,17.79,0,0
TXN106081,16.4,Bank Transfer,0.74,1938,4,1,0.747,0,0,22,20.72,1,0
TXN106082,213.18,Online,0.785,1306,2,0,0.135,0,0,5,7.19,1,0
TXN106083,49.34,Online,0.232,2585,5,0,0.11,1,0,12,24.79,0,0
TXN106084,50.75,Online,0.106,499,4,0,0.862,0,0,2,20.83,0,0
TXN106085,37.62,POS,0.185,1730,4,0,0.741,0,0,15,31.88,0,0
TXN106086,322.9,ATM,0.984,1610,2,1,0.175,0,0,0,14.67,0,1
TXN106087,302.31,Online,0.312,3311,2,0,0.155,0,0,17,45.1,0,0
TXN106088,908.72,POS,0.429,2918,0,0,0.845,0,0,10,29.39,0,0
TXN106089,74.76,Online,0.076,2809,5,0,0.181,0,0,17,12.97,0,0
TXN106090,184.72,POS,0.789,970,3,0,0.77,0,0,16,18.52,0,0
TXN106091,40.88,Online,0.448,1913,2,0,0.662,0,0,21,28.1,0,0
TXN106092,106.16,Online,0.087,3579,2,0,0.857,0,1,13,56.55,0,1
TXN106093,88.34,Online,0.473,98,5,1,0.508,0,0,19,30.31,0,0
TXN106094,236.15,POS,0.713,2388,4,0,0.62,0,0,4,24.28,0,0
TXN106095,410.35,POS,0.473,1254,2,0,0.224,0,0,4,39.61,0,1
TXN106096,399.84,POS,0.969,2715,4,0,0.896,0,0,23,27.82,0,1
TXN106097,63.89,Online,0.872,1819,1,0,0.425,0,0,0,47.24,0,0
TXN106098,402.81,Bank Transfer,0.515,2566,6,0,0.304,0,0,14,25.54,0,0
TXN106099,142.01,ATM,0.941,935,7,0,0.127,0,0,19,82.64,0,1
TXN106100,107.28,ATM,0.811,3224,5,1,0.508,0,0,8,91.08,0,0
TXN106101,73.08,POS,0.368,3062,1,0,0.101,0,0,11,34.89,1,0
TXN106102,84.78,POS,0.771,2338,4,1,0.656,0,1,11,75.97,0,1
TXN106103,847.52,Bank Transfer,0.506,1566,3,0,0.765,0,0,14,3.12,1,1
TXN106104,201.83,Online,0.539,579,5,0,0.201,0,0,15,11.13,0,0
TXN106105,176.73,POS,0.521,767,1,0,0.519,0,0,12,23.6,0,0
TXN106106,114.18,Online,0.804,1473,5,1,0.514,0,0,2,47.19,0,0
TXN106107,1712.96,Online,0.919,2850,0,0,0.223,0,1,23,24.81,0,0
TXN106108,547.31,POS,0.32,3456,3,1,0.559,0,0,4,19.43,0,1
TXN106109,72.16,POS,0.642,2231,1,0,0.693,0,0,20,6.64,0,0
TXN106110,112.89,Online,0.628,3426,2,0,0.733,0,1,0,22.04,0,0
TXN106111,119.79,POS,0.887,743,1,0,0.215,0,0,14,21.48,0,0
TXN106112,171.72,Online,0.447,2718,7,0,0.756,0,1,18,,0,0
TXN106113,73.61,ATM,0.19,1958,1,1,0.696,0,0,4,22.6,0,0
TXN106114,230.17,Bank Transfer,0.203,538,3,1,0.236,0,0,9,11.46,1,1
TXN106115,634.02,POS,0.051,2544,5,1,0.278,0,0,14,39.3,0,0
TXN106116,39.9,POS,0.101,3300,3,0,0.391,0,1,11,13.22,1,0
TXN106117,48.03,Online,0.301,1653,5,0,0.761,0,0,22,20.3,1,0
TXN106118,91.55,POS,0.103,954,3,0,0.395,0,0,19,15.19,0,0
TXN106119,95.89,Bank Transfer,0.871,1124,5,1,0.781,1,1,3,13.73,0,1
TXN106120,1094.95,Online,0.362,2206,4,0,0.703,0,0,7,52.34,0,0
TXN106121,404.12,Online,0.368,2526,3,0,0.758,0,1,14,10.15,0,0
TXN106122,381.58,ATM,0.758,815,1,0,0.167,1,0,6,20.88,0,1
TXN106123,113.94,POS,0.301,2517,2,1,0.498,0,1,22,22.39,0,0
TXN106124,111.46,Online,0.715,2734,4,0,0.254,0,0,16,45.74,0,1
TXN106125,34.75,Bank Transfer,0.822,91,2,0,0.17,0,0,1,8.8,0,0
TXN106126,324.32,POS,0.36,1419,3,0,0.364,0,0,10,39.28,0,1
TXN106127,242.51,POS,0.478,877,4,0,0.677,1,0,9,25.13,0,1
TXN106128,537.0,Bank Transfer,0.322,2901,3,1,0.752,0,0,5,25.69,0,0
TXN106129,120.2,Online,0.423,2369,3,1,0.916,0,0,7,37.47,0,0
TXN106130,128.79,POS,0.581,1961,6,0,0.748,1,0,12,7.38,0,0
TXN106131,175.92,POS,0.35,841,3,0,0.176,0,0,7,27.04,0,0
TXN106132,362.09,Online,0.464,1772,2,0,0.736,0,0,10,1.48,0,0
TXN106133,34.12,Online,0.496,3514,5,0,0.176,1,0,1,48.62,0,1
TXN106134,309.84,Online,0.025,3631,1,1,0.847,0,0,9,39.17,1,0
TXN106135,145.4,POS,0.164,619,5,0,0.134,0,0,17,9.3,0,0
TXN106136,51.49,POS,0.541,1783,2,1,0.595,0,0,11,11.39,0,0
TXN106137,18.46,Online,0.003,2738,4,0,0.838,0,0,8,22.18,0,0
TXN106138,129.48,Bank Transfer,0.704,1107,4,0,0.427,0,1,15,78.82,0,0
TXN106139,631.26,Online,0.905,3643,3,1,0.475,0,0,3,14.97,0,1
TXN106140,792.1,Online,0.755,1718,2,1,0.692,0,0,22,31.81,0,0
TXN106141,211.74,ATM,0.314,1284,2,0,0.39,0,0,23,14.1,0,0
TXN106142,1055.75,POS,0.45,3438,2,0,0.952,0,0,12,19.62,0,0
TXN106143,142.18,POS,0.651,2213,1,0,0.278,0,0,18,,1,0
TXN106144,385.02,POS,0.68,255,1,0,0.134,0,0,0,65.08,0,1
TXN106145,94.52,POS,0.977,412,2,0,0.946,0,0,7,42.53,0,0
TXN106146,88.71,Bank Transfer,0.493,3578,3,1,0.515,0,0,23,23.54,0,0
TXN106147,75.38,POS,0.25,2281,2,3,0.829,0,0,3,19.24,0,0
TXN106148,18.91,ATM,0.362,3179,2,0,0.705,0,1,20,7.37,0,0
TXN106149,537.59,POS,0.922,3604,1,0,0.804,0,1,21,8.82,0,1
TXN106150,78.13,Online,0.633,2725,3,0,0.418,0,0,20,59.51,1,0
TXN106151,66.59,POS,0.864,3551,2,1,0.952,0,1,19,20.41,1,0
TXN106152,45.61,POS,0.724,3485,3,0,0.339,0,0,5,65.33,0,0
TXN106153,120.98,POS,0.965,1520,4,0,0.662,0,1,9,21.62,0,0
TXN106154,865.66,Online,0.501,2342,1,0,0.576,0,0,0,3.59,0,0
TXN106155,1204.45,Online,0.95,3000,1,2,0.158,0,1,20,23.13,0,1
TXN106156,28.19,ATM,0.886,3460,8,1,0.833,0,0,7,32.97,0,0
TXN106157,104.12,Bank Transfer,0.843,3022,4,0,0.182,1,0,17,11.35,0,0
TXN106158,52.75,Online,0.939,2952,5,0,0.793,0,1,22,31.94,0,1
TXN106159,398.75,Bank Transfer,0.526,1214,3,0,0.504,0,0,0,12.56,0,0
TXN106160,197.67,POS,0.743,1581,2,0,0.719,1,0,9,27.63,0,0
TXN106161,78.53,POS,0.555,3008,2,0,0.449,1,1,15,65.2,1,1
TXN106162,159.58,Online,0.776,489,4,0,0.699,0,0,9,25.81,0,0
TXN106163,92.07,Online,0.764,617,2,1,0.674,0,1,19,40.57,0,0
TXN106164,745.64,Online,0.758,2882,1,0,0.459,0,0,14,46.51,0,0
TXN106165,256.46,Online,0.428,3573,4,0,0.868,0,0,15,31.98,0,0
TXN106166,289.98,Bank Transfer,0.796,1543,2,0,0.951,0,0,13,42.67,0,0
TXN106167,10.31,POS,0.876,3158,7,1,0.952,1,0,14,31.62,0,0
TXN106168,138.82,ATM,0.636,1316,1,2,0.827,0,0,22,27.79,0,0
TXN106169,1191.79,Online,0.455,1878,3,1,0.258,0,0,13,32.3,0,0
TXN106170,558.99,Online,0.853,3555,3,0,0.968,0,0,23,30.0,0,0
TXN106171,23.4,POS,0.778,1424,4,0,0.619,0,1,5,45.91,0,0
TXN106172,108.48,POS,0.47,3230,2,0,0.294,0,0,19,35.99,0,0
TXN106173,44.63,Online,0.58,3454,6,1,0.635,0,0,15,29.61,0,0
TXN106174,821.48,ATM,0.686,2702,5,0,0.644,0,1,20,9.38,0,0
TXN106175,189.48,Online,0.688,287,4,0,0.488,0,0,6,37.04,0,0
TXN106176,68.87,POS,0.311,3507,0,0,0.199,0,0,23,16.15,0,0
TXN106177,153.57,ATM,0.293,1834,4,0,0.699,0,1,5,68.33,0,0
TXN106178,10.94,Online,0.887,1078,4,0,0.252,0,0,17,3.45,0,0
TXN106179,50.15,Bank Transfer,0.937,1792,1,0,0.335,0,0,5,9.81,0,0
TXN106180,153.92,Online,0.402,1624,1,0,0.811,0,0,7,5.18,0,0
TXN106181,345.74,Online,0.913,1410,3,0,,0,0,11,13.27,0,0
TXN106182,21.3,Online,0.471,2482,3,0,0.236,0,1,18,,0,0
TXN106183,101.38,Online,0.167,437,1,0,0.609,0,1,11,24.58,0,0
TXN106184,407.36,Online,0.733,2321,1,1,0.337,0,0,2,24.55,0,1
TXN106185,34.76,POS,0.046,940,2,0,0.749,0,0,16,31.14,0,0
TXN106186,186.64,Bank Transfer,0.114,2896,5,0,0.415,0,0,5,27.97,0,0
TXN106187,158.53,ATM,0.941,3588,4,0,0.279,1,0,9,30.84,0,0
TXN106188,824.17,Online,0.518,1741,1,1,0.405,0,1,5,10.63,0,0
TXN106189,117.9,Online,0.266,2954,3,0,0.891,1,0,11,13.62,0,0
TXN106190,125.01,Online,0.48,1190,1,1,0.143,0,0,18,32.08,0,0
TXN106191,348.96,POS,0.578,3064,2,0,0.758,0,0,6,17.35,0,1
TXN106192,39.4,POS,0.639,1961,7,0,0.94,0,0,10,23.53,0,0
TXN106193,119.0,POS,0.348,1874,3,0,0.331,0,1,18,9.17,0,0
TXN106194,94.09,POS,0.387,398,3,0,0.246,0,0,4,75.08,0,0
TXN106195,129.16,POS,0.55,2425,2,0,0.944,0,0,1,23.17,0,0
TXN106196,346.68,ATM,0.627,2893,3,0,0.466,0,0,9,52.75,0,0
TXN106197,258.31,POS,0.921,1858,5,2,0.286,0,0,2,6.29,0,1
TXN106198,70.2,ATM,0.392,607,5,1,0.384,0,0,5,37.29,0,0
TXN106199,170.15,Bank Transfer,0.875,2482,1,0,0.566,1,0,9,49.22,0,0
TXN106200,658.81,POS,0.993,2294,2,0,0.476,0,0,0,18.07,1,1
TXN106201,64.63,Online,0.339,3155,4,1,0.577,0,0,8,8.57,0,0
TXN106202,171.6,Online,0.027,3487,2,1,0.449,0,1,2,30.51,0,0
TXN106203,122.34,Bank Transfer,0.604,908,5,1,0.577,0,0,12,16.95,0,0
TXN106204,139.35,Online,0.904,1087,4,0,0.913,0,0,15,43.98,0,0
TXN106205,29.06,POS,0.053,3472,4,1,0.837,0,0,1,49.99,0,0
TXN106206,608.36,POS,0.197,458,5,0,0.636,0,0,15,4.49,1,0
TXN106207,68.42,Bank Transfer,0.676,3337,1,1,,0,0,9,10.37,0,0
TXN106208,414.09,POS,0.81,588,3,0,0.863,0,0,18,7.83,0,0
TXN106209,79.73,ATM,0.087,1547,2,1,0.419,0,0,18,3.37,0,0
TXN106210,79.4,POS,0.364,530,3,2,0.892,0,0,13,74.86,1,0
TXN106211,499.26,Online,0.239,3566,4,0,0.27,0,0,12,0.74,1,1
TXN106212,400.97,Online,0.965,1841,5,0,,0,0,23,87.02,0,1
TXN106213,182.85,POS,0.682,3224,5,0,0.64,0,1,1,52.84,0,1
TXN106214,317.71,POS,0.476,143,4,0,0.729,0,0,23,6.69,0,0
TXN106215,111.21,POS,0.862,175,6,2,0.928,0,1,8,16.31,0,1
TXN106216,147.18,ATM,0.538,1957,4,0,0.482,0,0,7,,0,0
TXN106217,76.58,ATM,0.911,182,2,0,0.47,0,0,13,37.92,0,0
TXN106218,366.52,POS,0.239,1999,2,1,0.161,0,0,16,46.35,0,1
TXN106219,74.19,Online,0.027,2590,4,0,0.711,0,0,8,22.83,0,0
TXN106220,655.34,POS,0.429,1798,4,0,0.806,0,0,11,23.11,0,0
TXN106221,108.22,Online,0.204,2866,5,0,0.109,0,0,5,15.78,0,0
TXN106222,151.49,ATM,0.836,398,1,2,0.677,0,0,7,30.08,0,0
TXN106223,316.94,Bank Transfer,0.533,930,1,0,0.369,1,0,6,5.57,1,1
TXN106224,152.0,Bank Transfer,0.289,609,3,0,0.774,0,0,17,50.41,0,0
TXN106225,110.18,POS,0.774,1835,4,0,0.164,0,0,3,37.28,0,0
TXN106226,144.02,POS,0.527,1464,3,1,0.542,0,1,15,45.99,0,0
TXN106227,362.79,Bank Transfer,0.503,1982,2,0,0.885,0,0,10,4.89,0,0
TXN106228,76.49,POS,0.181,584,2,0,0.983,0,0,12,72.75,0,0
TXN106229,130.81,POS,0.995,1643,3,0,0.748,0,0,0,1.37,0,0
TXN106230,149.95,POS,0.659,2800,5,0,0.176,0,1,20,32.17,0,0
TXN106231,352.34,ATM,0.855,280,2,1,0.588,1,1,19,,0,0
TXN106232,134.31,Online,0.76,2879,2,0,0.575,0,0,8,24.81,0,0
TXN106233,905.33,Bank Transfer,0.503,822,2,1,0.54,0,1,7,42.5,0,1
TXN106234,126.91,POS,0.01,3173,1,0,,0,0,15,86.96,0,0
TXN106235,117.02,POS,0.667,2978,4,1,0.119,0,0,22,30.41,0,0
TXN106236,125.08,POS,0.101,1648,5,0,0.718,0,0,23,26.33,0,0
TXN106237,39.78,ATM,0.961,294,3,0,0.64,0,0,1,34.52,0,0
TXN106238,52.63,POS,0.249,1423,4,0,0.593,0,0,23,29.91,0,0
TXN106239,87.3,Bank Transfer,0.367,2282,4,0,0.743,0,0,21,42.38,0,0
TXN106240,462.12,Online,0.552,1258,4,0,0.597,0,1,12,16.71,0,0
TXN106241,143.58,ATM,0.503,2325,6,0,0.484,0,0,1,32.55,0,0
TXN106242,91.41,ATM,0.655,3009,1,1,0.401,0,0,4,25.73,0,0
TXN106243,506.0,Online,0.783,3492,3,0,0.456,0,0,18,36.02,0,0
TXN106244,700.07,ATM,0.758,1470,4,0,0.566,0,0,7,27.08,0,0
TXN106245,520.81,POS,0.908,3604,2,0,0.437,0,0,14,13.4,0,0
TXN106246,63.24,ATM,0.47,930,4,1,0.496,1,0,18,82.5,0,0
TXN106247,90.45,ATM,0.534,3451,4,1,0.675,1,0,15,45.46,0,0
TXN106248,910.27,Online,0.874,546,4,0,0.599,0,1,18,29.95,0,1
TXN106249,188.89,POS,0.282,1989,2,0,0.493,0,0,8,35.19,0,0
TXN106250,113.56,Bank Transfer,0.246,2465,3,0,0.884,0,0,9,20.34,0,0
TXN106251,304.4,Bank Transfer,0.009,181,2,0,0.409,0,0,0,53.59,0,0
TXN106252,406.38,Online,0.738,1635,2,0,0.341,0,0,0,16.56,0,0
TXN106253,83.81,Bank Transfer,0.688,1033,5,0,0.406,0,0,13,18.68,0,0
TXN106254,184.83,Online,0.277,2982,3,1,0.662,0,0,23,84.06,0,0
TXN106255,374.86,POS,0.13,1751,4,0,0.108,0,0,10,6.2,0,0
TXN106256,46.51,Online,0.043,406,3,0,0.428,0,0,12,26.87,0,0
TXN106257,150.26,POS,0.488,171,4,0,0.14,0,0,7,33.85,0,1
TXN106258,48.7,Online,0.193,115,4,1,0.809,0,0,22,48.73,0,0
TXN106259,55.5,Online,0.793,164,5,1,0.432,0,1,8,19.78,0,0
TXN106260,84.51,POS,0.95,1785,5,0,0.247,0,0,13,34.93,0,0
TXN106261,239.16,POS,0.777,1202,3,0,0.547,0,0,20,30.25,0,0
TXN106262,107.55,ATM,0.852,784,4,0,0.428,0,1,2,21.59,0,0
TXN106263,77.6,ATM,0.991,1432,2,2,0.934,0,0,3,23.25,0,0
TXN106264,156.27,Bank Transfer,0.741,1613,4,0,0.702,0,0,4,17.05,0,0
TXN106265,47.14,POS,0.567,2132,3,0,0.53,0,0,20,13.41,0,0
TXN106266,227.88,ATM,0.81,1832,0,1,0.972,0,0,0,19.85,0,0
TXN106267,460.07,POS,0.564,3406,1,0,0.758,0,0,1,23.04,0,1
TXN106268,137.11,POS,0.433,1384,0,1,0.275,1,0,12,30.3,0,0
TXN106269,121.19,ATM,0.033,1446,4,0,0.518,0,0,17,29.54,0,0
TXN106270,215.6,Online,0.643,1521,3,0,0.551,0,0,22,21.35,0,0
TXN106271,19.52,ATM,0.898,204,3,0,0.923,1,0,8,40.0,0,0
TXN106272,253.87,POS,0.693,2742,3,0,0.601,1,0,22,2.2,0,0
TXN106273,3300.69,POS,0.404,1984,2,0,0.718,0,0,3,9.58,0,0
TXN106274,131.28,Online,0.617,1473,1,0,0.247,0,0,19,17.91,0,0
TXN106275,131.75,POS,,1325,2,0,0.465,0,1,6,79.45,1,0
TXN106276,312.19,POS,0.764,1907,2,1,0.263,0,0,5,35.47,0,0
TXN106277,769.19,POS,0.491,3291,3,0,0.505,0,0,14,25.69,0,0
TXN106278,393.46,POS,0.362,1471,2,0,0.883,1,0,21,19.82,0,0
TXN106279,17.19,ATM,0.397,1592,1,0,0.869,0,0,19,75.72,1,0
TXN106280,260.71,POS,0.908,513,5,1,0.236,1,1,19,48.13,0,1
TXN106281,1942.89,Online,0.17,1194,4,0,0.473,0,1,16,31.83,1,0
TXN106282,276.56,Online,0.863,2742,3,0,0.958,1,0,3,45.93,0,1
TXN106283,46.78,Online,0.195,2650,5,0,0.215,0,0,9,22.21,1,0
TXN106284,196.73,Online,0.981,2945,2,0,0.242,0,0,15,3.32,0,1
TXN106285,41.24,Online,0.448,1815,3,0,0.183,1,0,18,6.43,0,0
TXN106286,509.18,ATM,0.733,3288,2,1,0.569,0,0,1,35.13,0,1
TXN106287,57.06,POS,0.729,2039,1,1,0.997,0,1,5,12.55,0,0
TXN106288,159.85,ATM,0.773,503,3,0,0.899,0,1,7,51.9,0,1
TXN106289,62.94,POS,0.789,580,5,0,0.302,0,0,17,2.02,1,0
TXN106290,85.93,Online,0.039,1826,1,1,0.826,0,0,15,23.23,0,0
TXN106291,655.99,Online,0.273,1388,3,0,0.125,0,0,13,29.21,0,0
TXN106292,164.59,POS,0.23,418,6,0,0.641,0,0,19,12.36,0,1
TXN106293,84.84,POS,0.699,198,0,0,0.886,0,1,22,37.29,0,0
TXN106294,47.22,POS,0.683,2269,4,0,0.419,0,0,21,20.91,0,0
TXN106295,22.84,POS,0.297,2762,5,0,0.449,0,1,18,32.25,0,0
TXN106296,42.47,Online,0.794,826,1,0,0.687,0,0,11,28.66,0,0
TXN106297,166.0,POS,0.312,919,5,1,0.886,0,0,15,38.02,0,0
TXN106298,395.53,ATM,0.343,1965,3,0,0.588,0,0,18,47.37,0,0
TXN106299,84.75,Bank Transfer,0.399,466,5,0,0.945,1,0,6,47.14,0,0
TXN106300,713.76,POS,0.745,3062,3,1,0.628,1,0,17,7.64,0,0
TXN106301,72.42,POS,0.012,2164,2,0,0.41,0,0,5,5.56,0,0
TXN106302,116.98,Online,0.906,1338,1,0,0.859,0,0,23,102.19,0,0
TXN106303,50.42,Bank Transfer,0.692,2127,4,0,0.834,1,0,1,18.66,0,1
TXN106304,399.72,Online,0.587,619,8,0,0.681,0,0,8,5.89,0,0
TXN106305,1208.95,POS,0.237,1173,2,0,0.224,1,0,7,8.16,0,1
TXN106306,25.49,Bank Transfer,0.786,1955,5,1,0.102,1,0,13,12.08,0,0
TXN106307,104.99,Online,0.873,3513,5,0,0.147,0,0,7,15.59,0,0
TXN106308,525.73,POS,0.502,3084,6,0,0.327,0,0,20,12.46,0,0
TXN106309,34.92,Bank Transfer,0.292,2330,3,1,0.314,0,0,19,12.28,0,0
TXN106310,261.57,Bank Transfer,0.381,1243,5,0,0.656,1,1,2,25.37,0,0
TXN106311,503.44,Online,0.416,3383,3,0,0.488,0,0,1,40.86,0,0
TXN106312,160.49,POS,0.306,495,2,0,0.123,0,0,14,44.4,0,0
TXN106313,257.31,Online,0.712,1118,4,0,0.879,0,0,1,10.9,1,0
TXN106314,863.42,POS,0.342,1586,1,1,0.634,0,1,6,39.0,0,0
TXN106315,1041.51,Online,0.821,2027,6,0,0.453,0,0,10,43.02,0,1
TXN106316,139.5,POS,0.464,2470,1,1,0.448,0,0,12,43.2,0,0
TXN106317,87.15,Online,0.629,1526,4,1,0.195,1,0,12,11.09,0,1
TXN106318,59.15,ATM,0.948,3442,2,0,0.56,0,0,17,7.22,0,1
TXN106319,394.24,Bank Transfer,0.446,1526,4,0,0.992,0,0,7,37.37,0,0
TXN106320,37.65,ATM,0.17,2309,1,1,0.569,0,0,23,19.77,0,0
TXN106321,115.29,POS,0.55,202,0,1,0.113,0,0,0,16.07,0,0
TXN106322,164.46,POS,0.497,598,6,1,0.658,0,0,17,9.0,0,0
TXN106323,89.75,Online,0.783,825,6,0,0.107,0,0,11,3.63,0,0
TXN106324,196.33,POS,0.86,34,1,0,0.921,0,1,10,8.51,0,1
TXN106325,1928.53,POS,0.713,3176,2,0,0.564,0,0,17,13.06,0,1
TXN106326,131.42,ATM,0.971,2291,7,0,0.721,0,0,17,7.8,1,0
TXN106327,96.02,POS,0.269,3106,3,0,0.887,0,0,13,30.96,0,0
TXN106328,409.66,POS,0.239,1234,1,0,0.807,1,1,10,8.92,0,0
TXN106329,188.59,Online,0.291,410,2,0,0.59,0,0,1,2.29,0,0
TXN106330,625.99,Bank Transfer,0.671,1217,4,2,0.463,0,1,14,50.65,0,0
TXN106331,174.98,Online,0.233,95,0,1,0.932,0,0,0,19.7,0,0
TXN106332,115.77,POS,0.088,1128,2,1,0.121,0,0,12,39.1,0,0
TXN106333,24.94,Online,0.978,399,2,0,0.466,0,0,22,37.24,0,0
TXN106334,29.38,Bank Transfer,0.315,804,3,1,0.549,0,0,12,9.37,1,0
TXN106335,23.67,POS,0.222,2342,2,0,0.884,0,0,22,11.0,0,0
TXN106336,216.88,Online,0.359,3513,3,0,0.249,0,0,5,24.17,0,0
TXN106337,38.01,ATM,0.158,898,4,0,0.729,0,0,0,4.51,0,0
TXN106338,520.91,Online,0.036,3587,4,0,0.701,0,1,9,9.3,0,0
TXN106339,152.97,POS,0.305,2790,0,0,0.964,0,0,15,15.29,0,0
TXN106340,116.26,Bank Transfer,0.338,465,8,0,0.882,0,0,2,25.12,0,0
TXN106341,63.82,POS,0.811,51,5,0,0.536,1,0,12,6.77,0,0
TXN106342,276.51,POS,0.436,438,2,0,0.183,0,0,9,50.46,0,0
TXN106343,66.39,POS,0.737,2621,4,1,0.856,0,0,17,19.43,0,0
TXN106344,55.4,Online,0.736,2458,2,1,0.323,0,1,14,11.37,0,1
TXN106345,487.04,POS,0.789,3238,1,0,0.779,0,0,5,54.54,0,1
TXN106346,211.58,ATM,0.919,1931,1,1,0.606,0,0,19,12.38,0,0
TXN106347,117.34,Bank Transfer,0.499,192,6,0,0.143,0,0,3,12.12,0,0
TXN106348,281.87,POS,0.104,3649,4,1,0.102,0,0,22,28.73,1,0
TXN106349,149.74,ATM,0.039,3169,3,0,0.214,0,0,18,1.03,0,0
TXN106350,217.68,Bank Transfer,0.187,2623,2,0,,0,0,12,14.26,0,0
TXN106351,65.57,POS,0.829,3352,2,1,0.347,0,0,11,35.91,0,0
TXN106352,1176.62,ATM,0.574,1041,1,0,0.299,0,1,13,12.85,0,0
TXN106353,83.13,Bank Transfer,0.14,1969,5,0,0.883,0,1,5,40.13,0,0
TXN106354,703.46,ATM,0.133,1956,3,0,0.58,0,0,1,20.14,0,0
TXN106355,122.87,Online,0.892,1059,2,0,0.205,0,0,9,39.98,0,1
TXN106356,332.65,Bank Transfer,0.52,3636,0,0,0.194,0,0,11,29.11,0,0
TXN106357,309.27,Online,0.172,2067,4,0,0.632,0,0,3,40.97,0,0
TXN106358,467.24,POS,0.897,3356,2,2,0.706,0,0,7,7.26,0,1
TXN106359,64.03,POS,0.721,1154,3,0,0.742,0,0,22,32.92,0,0
TXN106360,435.13,Online,0.478,1823,4,0,0.688,0,0,13,18.75,0,0
TXN106361,940.53,POS,0.465,3408,3,0,0.671,0,0,13,23.45,0,0
TXN106362,114.58,POS,0.673,678,4,1,0.804,0,0,5,3.6,0,0
TXN106363,153.65,POS,0.338,1997,4,1,0.171,0,0,11,53.45,0,0
TXN106364,87.93,ATM,1.0,2912,3,0,0.686,0,1,6,35.19,0,0
TXN106365,104.96,Online,,2921,5,1,0.265,0,1,16,11.68,0,0
TXN106366,821.74,POS,0.641,2750,0,1,0.276,0,0,13,8.25,0,1
TXN106367,54.37,POS,0.687,2238,2,0,0.797,0,0,1,70.43,0,0
TXN106368,57.85,POS,0.996,54,1,0,0.998,0,0,9,10.33,0,0
TXN106369,743.15,POS,0.011,1074,2,1,0.388,0,0,3,51.88,0,0
TXN106370,277.15,Online,0.023,2908,3,0,0.565,0,0,0,28.45,0,1
TXN106371,1236.91,POS,,1840,3,0,0.731,0,0,22,25.66,0,0
TXN106372,94.59,Bank Transfer,0.209,1329,3,0,0.953,0,0,5,18.21,0,0
TXN106373,168.39,POS,0.685,3215,3,0,0.682,0,0,11,7.12,0,0
TXN106374,76.66,POS,0.503,1271,3,2,0.735,0,0,7,44.47,0,0
TXN106375,171.28,ATM,0.319,1416,7,2,0.357,0,1,23,23.51,0,0
TXN106376,25.18,POS,0.231,1493,3,1,0.434,0,1,18,13.76,0,0
TXN106377,294.4,POS,0.777,1265,3,1,0.908,1,0,12,28.79,0,0
TXN106378,205.1,POS,0.171,1860,2,0,0.138,0,0,23,23.79,1,0
TXN106379,140.11,Online,0.159,3492,4,0,0.6,0,0,10,18.85,0,0
TXN106380,100.45,POS,0.442,3640,1,0,0.223,0,0,6,80.3,0,0
TXN106381,60.66,ATM,0.119,1239,3,1,0.139,0,1,4,43.57,0,0
TXN106382,307.27,Online,0.642,1368,1,0,0.228,0,0,0,11.57,0,0
TXN106383,46.01,Bank Transfer,0.992,3141,3,0,0.521,0,1,11,13.71,0,1
TXN106384,247.62,Online,0.748,2112,1,0,0.651,0,0,0,12.3,0,1
TXN106385,1181.4,ATM,0.603,675,2,2,0.247,0,0,8,96.72,0,1
TXN106386,655.58,Online,0.395,2018,4,0,,0,0,4,56.39,0,0
TXN106387,32.95,Online,0.988,2896,5,0,0.975,0,0,3,44.64,0,0
TXN106388,86.77,Online,0.88,1490,0,0,0.584,1,0,19,44.0,1,0
TXN106389,226.21,Online,0.821,2257,4,1,0.156,0,0,0,68.65,0,0
TXN106390,138.34,POS,0.23,2834,1,2,0.321,0,0,22,12.51,0,0
TXN106391,36.62,Online,0.124,465,4,0,0.135,0,0,17,10.05,0,0
TXN106392,218.18,POS,0.178,3558,1,1,0.629,0,1,4,23.61,0,0
TXN106393,146.93,Online,0.259,261,1,0,0.89,0,0,1,78.32,0,0
TXN106394,1006.59,POS,0.082,442,2,0,0.798,0,0,7,38.05,0,0
TXN106395,115.21,POS,0.888,1109,5,1,0.141,0,1,1,20.42,0,0
TXN106396,477.23,POS,0.185,102,4,1,0.8,0,0,18,16.22,0,0
TXN106397,41.8,POS,0.227,2409,2,2,0.559,0,1,14,27.6,0,0
TXN106398,53.09,POS,0.888,1931,5,0,0.867,0,0,23,19.57,0,0
TXN106399,305.41,POS,0.958,1333,2,0,0.457,0,0,10,7.11,0,0
TXN106400,438.66,Online,0.222,3604,2,0,0.466,0,0,4,13.96,0,0
TXN106401,56.97,Online,0.294,1011,2,0,0.989,0,1,19,1.12,0,1
TXN106402,152.03,Bank Transfer,0.8,3212,4,2,0.41,1,1,3,52.11,0,1
TXN106403,37.28,ATM,0.97,2136,3,1,0.277,0,0,14,42.82,1,0
TXN106404,123.81,POS,0.65,2537,3,1,0.977,0,0,23,80.81,0,0
TXN106405,342.72,Online,0.443,3478,4,0,0.914,0,0,2,66.04,0,1
TXN106406,96.07,Online,0.675,949,1,0,0.199,0,0,17,80.17,0,1
TXN106407,115.7,POS,0.78,471,7,0,0.294,0,0,13,11.31,0,0
TXN106408,47.95,Online,0.113,2899,3,1,0.871,0,0,6,16.69,0,0
TXN106409,77.61,Online,0.435,2363,3,0,,0,0,18,12.64,0,0
TXN106410,861.01,Online,0.857,744,6,0,0.384,0,0,6,21.56,0,0
TXN106411,159.64,POS,0.705,3332,4,0,0.413,0,0,16,72.92,0,0
TXN106412,54.47,Online,0.154,2627,1,0,0.405,0,0,17,38.17,0,0
TXN106413,108.33,POS,,1988,2,0,0.308,0,0,15,6.19,1,0
TXN106414,30.04,ATM,0.667,508,3,1,0.261,0,1,8,79.3,1,0
TXN106415,53.83,Bank Transfer,0.265,3520,4,0,0.426,0,0,22,58.93,0,0
TXN106416,578.44,POS,0.344,1931,6,0,0.558,0,0,15,46.63,0,0
TXN106417,128.7,ATM,0.314,2194,3,0,0.121,0,0,14,18.89,0,0
TXN106418,983.12,ATM,0.993,128,3,0,0.137,0,0,6,15.09,0,0
TXN106419,134.92,Online,0.184,2464,1,1,0.596,0,0,6,15.72,0,0
TXN106420,143.17,POS,0.829,3053,5,2,0.26,0,0,5,2.37,0,0
TXN106421,281.71,ATM,0.531,2894,2,0,0.246,0,0,0,4.27,0,0
TXN106422,10.25,Online,0.881,1394,2,0,0.159,0,1,2,46.79,0,1
TXN106423,182.17,POS,0.982,752,1,0,0.813,0,0,10,33.83,0,0
TXN106424,141.32,Online,0.961,1634,6,0,0.357,0,1,9,31.0,0,0
TXN106425,655.92,Online,0.854,2057,3,0,0.555,0,0,10,18.55,0,0
TXN106426,389.43,POS,0.414,1003,2,1,0.572,0,0,1,26.33,0,0
TXN106427,47.77,Bank Transfer,0.271,2253,1,1,0.326,0,0,1,12.05,0,0
TXN106428,513.96,POS,0.319,3376,3,0,0.834,0,0,21,10.94,0,1
TXN106429,114.17,Online,0.653,464,1,0,0.974,0,0,16,20.71,0,0
TXN106430,60.07,Online,0.342,922,2,0,0.491,0,0,21,47.92,0,0
TXN106431,180.75,POS,0.435,1678,4,1,0.99,1,0,9,34.13,0,0
TXN106432,121.17,ATM,0.08,658,4,1,0.285,0,0,9,19.5,0,0
TXN106433,691.22,Online,0.771,2819,3,0,0.786,0,0,10,24.59,0,0
TXN106434,208.64,Online,0.111,250,1,0,0.57,0,0,7,11.16,0,0
TXN106435,182.3,Online,0.337,177,3,0,0.59,0,1,1,26.6,0,1
TXN106436,365.27,Bank Transfer,0.59,1308,0,0,0.918,0,0,15,19.7,0,0
TXN106437,442.69,Bank Transfer,0.531,1526,7,0,0.959,0,0,3,54.84,1,1
TXN106438,324.93,POS,0.893,2583,4,0,0.102,0,0,3,57.09,0,1
TXN106439,613.67,POS,0.659,557,6,1,0.314,0,0,12,25.32,0,0
TXN106440,272.78,Online,0.789,2867,4,0,0.364,0,0,8,36.36,0,0
TXN106441,175.5,Bank Transfer,0.303,666,7,0,0.524,0,0,4,30.18,1,0
TXN106442,512.43,ATM,0.132,3464,1,1,0.633,0,0,19,3.44,0,0
TXN106443,135.52,Online,0.743,1885,6,1,0.866,0,0,21,52.7,0,0
TXN106444,153.43,Bank Transfer,0.154,2805,3,0,0.989,0,1,11,47.05,0,0
TXN106445,830.13,POS,0.834,136,3,0,0.513,0,0,8,6.92,1,1
TXN106446,751.39,POS,0.943,2625,3,1,0.383,0,0,4,44.9,0,1
TXN106447,147.2,Online,0.283,1568,6,0,0.784,0,0,18,5.87,0,0
TXN106448,94.3,POS,0.761,1847,5,1,0.734,0,0,5,14.89,0,0
TXN106449,641.09,Online,0.437,123,3,0,0.208,0,0,15,57.59,1,0
TXN106450,330.44,Online,0.299,2277,1,2,0.683,0,0,10,44.48,0,0
TXN106451,203.48,ATM,0.431,3380,2,0,0.849,0,1,3,22.11,0,0
TXN106452,107.57,Bank Transfer,0.647,3632,4,0,0.164,0,0,16,11.45,0,0
TXN106453,206.79,POS,0.988,3226,4,0,0.59,0,0,13,35.85,0,0
TXN106454,145.23,Online,0.3,2627,3,0,0.115,0,0,8,22.03,0,0
TXN106455,76.38,ATM,0.706,796,1,0,0.354,1,0,14,9.37,0,1
TXN106456,168.86,POS,0.335,1365,3,1,0.147,0,0,10,39.74,1,0
TXN106457,193.53,ATM,0.251,268,2,0,0.971,1,0,20,20.41,2,1
TXN106458,101.96,Online,0.632,844,0,0,0.643,0,0,2,9.12,0,0
TXN106459,366.44,POS,0.761,937,3,0,0.994,0,0,12,73.89,1,1
TXN106460,538.52,Bank Transfer,0.717,2444,4,0,0.895,0,0,8,111.13,0,0
TXN106461,391.47,Online,0.943,132,5,0,0.463,0,1,6,45.39,0,1
TXN106462,112.59,POS,0.107,3394,3,0,0.567,0,0,4,28.06,0,0
TXN106463,316.03,POS,0.541,2689,3,0,0.743,0,0,12,26.73,0,0
TXN106464,160.45,ATM,0.291,2464,5,0,0.298,0,0,14,27.93,0,0
TXN106465,43.13,Bank Transfer,0.817,2107,4,0,0.155,0,1,20,11.87,0,1
TXN106466,290.83,POS,0.062,948,3,0,0.859,0,0,9,25.29,0,0
TXN106467,171.77,POS,0.176,1998,2,0,0.651,0,0,3,15.83,0,0
TXN106468,1985.35,POS,0.772,2337,5,1,0.936,0,0,16,42.2,1,0
TXN106469,637.32,Online,0.355,3114,2,0,0.736,0,0,8,2.76,0,0
TXN106470,302.22,POS,0.682,2502,7,0,0.352,0,0,7,32.39,1,1
TXN106471,190.41,Online,0.999,2959,6,0,0.34,0,0,12,24.21,0,0
TXN106472,174.81,POS,0.46,1683,6,0,0.401,0,0,13,73.57,0,0
TXN106473,54.4,Online,0.533,1510,2,0,0.267,0,0,13,42.51,0,0
TXN106474,26.08,Online,0.975,2856,3,0,0.538,0,1,2,23.77,0,1
TXN106475,62.02,Online,0.746,2239,4,1,0.333,0,0,23,25.97,0,0
TXN106476,141.5,POS,0.197,1456,5,0,0.875,0,0,17,47.31,0,0
TXN106477,18.07,Online,0.804,1629,6,0,0.802,0,0,22,19.56,0,0
TXN106478,86.11,Online,0.516,2044,3,0,0.291,0,0,23,44.92,1,0
TXN106479,115.86,Online,0.787,2288,2,0,0.562,0,0,9,28.82,0,0
TXN106480,119.65,POS,0.599,1335,4,0,0.906,0,0,8,17.63,0,0
TXN106481,76.58,POS,0.227,578,1,0,0.211,0,0,19,10.81,0,0
TXN106482,105.48,Online,0.814,3281,1,0,0.813,0,0,22,18.36,0,0
TXN106483,832.05,POS,0.002,1116,1,0,0.319,1,0,1,22.5,0,0
TXN106484,287.77,Online,0.888,615,3,0,0.408,0,0,11,11.16,0,0
TXN106485,84.75,POS,0.819,941,3,0,0.6,0,1,13,23.63,0,0
TXN106486,138.61,POS,0.97,3175,3,0,0.833,0,0,3,29.95,1,1
TXN106487,144.27,Online,0.036,636,1,0,0.275,0,1,4,5.53,0,0
TXN106488,68.86,Online,0.438,2554,0,0,0.934,0,0,8,26.74,0,0
TXN106489,68.78,POS,0.169,1528,0,0,0.517,0,0,0,119.26,1,0
TXN106490,407.7,ATM,0.374,2229,2,0,0.388,0,0,8,31.26,0,0
TXN106491,97.54,Online,0.36,2659,4,0,0.293,0,1,22,21.7,0,0
TXN106492,49.67,Bank Transfer,0.598,834,5,1,0.386,0,0,22,4.42,0,0
TXN106493,142.15,POS,0.437,1463,5,0,0.383,0,0,23,34.66,0,0
TXN106494,167.0,Bank Transfer,0.966,2892,1,0,0.83,0,1,3,73.53,0,1
TXN106495,20.64,ATM,0.278,3587,3,1,0.472,0,0,23,7.56,0,0
TXN106496,142.49,POS,0.419,3117,0,0,0.391,0,1,18,10.43,0,0
TXN106497,353.53,Online,0.701,1123,6,2,0.238,0,1,20,31.19,0,0
TXN106498,233.04,Online,0.277,888,5,0,,0,0,21,66.89,1,0
TXN106499,1379.94,Online,0.724,3462,2,0,0.443,0,0,4,4.61,0,0
TXN106500,518.59,Online,0.709,2516,1,0,0.841,0,0,14,51.65,0,1
TXN106501,632.03,Bank Transfer,0.712,730,4,3,0.233,0,0,2,15.02,0,1
TXN106502,2440.81,Online,0.675,2372,6,1,0.628,0,0,8,46.05,0,1
TXN106503,316.76,Bank Transfer,0.817,1191,1,0,0.156,0,0,1,77.71,0,1
TXN106504,174.7,ATM,0.995,596,1,1,0.213,0,0,23,14.06,0,0
TXN106505,392.97,ATM,0.055,623,3,0,0.982,0,0,11,25.54,0,0
TXN106506,84.84,ATM,0.497,1399,2,0,0.729,0,0,22,60.0,0,1
TXN106507,165.29,Online,0.813,891,2,0,0.572,0,0,22,31.63,0,0
TXN106508,77.65,Bank Transfer,0.0,2871,3,0,0.195,0,0,18,19.46,0,0
TXN106509,220.96,Online,0.545,598,3,0,0.112,0,0,21,7.26,0,0
TXN106510,77.33,POS,0.66,707,4,0,0.333,0,0,9,9.12,0,0
TXN106511,74.67,Online,0.192,2291,2,0,0.538,0,1,17,27.94,0,0
TXN106512,224.41,POS,0.401,1601,3,1,0.168,0,0,2,25.76,1,0
TXN106513,129.32,Bank Transfer,0.789,756,1,0,0.42,0,0,20,17.68,0,1
TXN106514,21.6,Online,0.067,280,8,2,0.334,0,0,7,33.31,0,0
TXN106515,34.62,Online,0.135,338,1,0,0.93,0,0,22,35.84,0,0
TXN106516,47.12,POS,0.818,1084,5,0,0.66,0,0,23,29.2,0,0
TXN106517,61.38,Online,0.809,994,4,0,0.598,0,0,18,23.08,0,1
TXN106518,224.62,POS,0.59,2132,1,1,0.539,0,0,21,12.47,0,0
TXN106519,184.74,Online,0.416,2485,2,0,0.236,0,0,22,37.86,0,0
TXN106520,430.64,Online,0.106,629,3,1,0.442,0,0,2,36.55,0,0
TXN106521,315.07,Online,0.811,1581,3,0,0.649,0,0,22,42.88,0,0
TXN106522,433.5,POS,0.242,1718,5,0,0.858,0,1,0,27.46,0,0
TXN106523,272.71,Online,0.913,595,3,0,0.96,0,0,9,20.58,0,0
TXN106524,183.04,Online,0.776,1799,8,0,0.702,0,0,20,30.03,0,0
TXN106525,445.57,ATM,0.081,259,2,0,0.778,0,0,1,6.8,0,1
TXN106526,372.19,Bank Transfer,0.635,1158,2,0,0.563,1,0,23,2.27,0,0
TXN106527,216.18,ATM,0.921,2670,6,1,0.277,0,0,5,59.0,0,0
TXN106528,529.04,POS,0.879,915,6,1,0.716,0,1,14,50.14,0,1
TXN106529,14.21,POS,0.613,2578,5,1,0.756,0,0,23,37.08,0,0
TXN106530,111.0,Bank Transfer,0.172,416,3,0,0.314,0,0,8,20.34,0,0
TXN106531,109.31,Bank Transfer,0.68,1700,3,1,0.903,0,1,6,26.66,1,1
TXN106532,469.98,POS,0.666,3295,0,1,0.559,0,1,19,24.58,0,0
TXN106533,714.37,Online,0.589,1940,4,0,0.717,0,0,4,7.67,0,1
TXN106534,34.81,Online,0.266,2985,1,1,0.569,0,0,12,41.26,0,0
TXN106535,608.6,POS,0.9,900,3,0,0.62,0,0,15,22.5,0,1
TXN106536,46.0,Bank Transfer,0.503,701,2,0,0.763,0,0,10,10.03,0,0
TXN106537,47.41,Bank Transfer,0.297,1786,3,0,0.303,0,0,2,48.35,0,0
TXN106538,117.41,Bank Transfer,0.255,927,2,0,0.808,0,0,12,2.83,0,1
TXN106539,107.96,POS,0.281,2667,4,0,0.407,1,0,21,24.86,0,0
TXN106540,31.24,Online,0.461,1304,3,0,0.602,0,0,17,11.61,0,0
TXN106541,284.26,Bank Transfer,0.231,2822,4,0,0.646,0,0,7,12.89,0,0
TXN106542,292.77,Online,0.517,156,4,1,0.939,0,0,22,6.72,0,0
TXN106543,425.83,Online,0.192,1262,2,0,0.259,0,0,20,70.76,0,0
TXN106544,96.21,Online,0.271,909,3,0,0.482,0,1,4,41.66,0,0
TXN106545,142.65,POS,0.12,2487,1,0,0.195,0,0,11,68.79,0,0
TXN106546,143.97,Online,0.357,775,2,1,0.485,0,0,3,5.13,0,0
TXN106547,802.71,ATM,0.406,1791,3,0,0.755,0,1,11,11.46,0,0
TXN106548,8.72,POS,0.404,1334,2,0,0.387,0,0,1,19.52,0,0
TXN106549,57.0,POS,0.725,2706,3,0,0.67,0,0,12,30.16,0,0
TXN106550,149.24,Online,0.483,1369,5,1,0.767,0,0,20,27.79,0,0
TXN106551,50.12,Online,0.693,2530,2,0,0.594,0,0,10,4.48,0,0
TXN106552,114.63,POS,0.033,353,5,0,0.853,1,0,7,10.98,0,0
TXN106553,130.83,POS,0.437,2746,4,0,0.157,0,0,0,19.0,1,0
TXN106554,76.89,ATM,0.09,2342,1,0,0.747,0,0,2,35.95,0,0
TXN106555,158.3,POS,0.462,626,3,0,0.872,0,0,19,35.94,0,0
TXN106556,278.15,Online,0.615,423,3,1,0.784,0,0,19,35.86,0,0
TXN106557,117.18,Online,0.797,1196,1,0,0.468,0,0,15,37.39,0,1
TXN106558,94.33,Online,0.55,3606,5,0,0.383,0,0,18,79.21,1,0
TXN106559,125.74,Online,0.38,989,2,1,0.258,0,0,5,64.74,0,0
TXN106560,147.31,Online,0.264,1748,2,1,0.47,0,0,10,47.69,0,0
TXN106561,26.04,Online,0.957,1648,1,0,0.371,0,0,10,12.33,0,0
TXN106562,235.46,Online,0.198,1097,2,0,0.681,0,0,11,52.95,0,0
TXN106563,94.54,Online,0.042,1712,1,0,0.278,0,0,19,9.07,0,0
TXN106564,524.02,Online,0.126,665,6,0,0.105,0,0,12,7.34,0,0
TXN106565,268.02,Online,0.998,2445,6,1,0.794,0,0,23,13.94,0,0
TXN106566,478.22,Online,0.906,609,1,0,0.78,0,0,23,43.45,0,0
TXN106567,54.0,Online,0.32,2091,5,0,0.319,0,0,8,10.09,0,0
TXN106568,102.37,POS,0.004,1181,2,0,0.68,0,0,17,24.84,0,0
TXN106569,42.84,ATM,0.767,2129,7,2,0.817,0,0,15,37.28,0,0
TXN106570,73.32,POS,0.301,2013,1,0,0.421,0,0,19,61.74,0,0
TXN106571,519.1,Bank Transfer,0.022,2321,0,1,0.579,0,0,17,57.91,0,0
TXN106572,656.87,Online,0.457,2221,2,0,0.352,0,0,20,68.14,0,0
TXN106573,47.08,POS,0.424,1017,4,1,0.361,0,0,2,48.11,1,0
TXN106574,93.85,Online,0.362,2159,4,0,0.464,0,1,7,43.93,0,1
TXN106575,137.52,POS,0.653,848,1,0,0.614,0,0,6,19.43,1,0
TXN106576,266.56,Bank Transfer,0.726,1434,2,2,0.769,0,0,10,12.92,0,0
TXN106577,25.54,Bank Transfer,0.559,808,3,0,0.388,1,0,22,12.64,0,0
TXN106578,29.87,ATM,0.014,1964,1,0,0.501,0,0,4,54.62,0,0
TXN106579,242.17,Online,0.022,2851,1,0,0.967,0,0,10,21.9,0,0
TXN106580,21.14,Bank Transfer,0.882,2220,3,0,0.928,0,0,21,20.47,0,1
TXN106581,94.94,Online,0.186,382,1,0,0.2,0,0,6,24.94,0,0
TXN106582,174.53,Bank Transfer,0.398,308,3,0,0.771,0,0,21,88.77,0,1
TXN106583,224.9,POS,0.104,1174,1,1,0.658,0,0,13,7.29,0,0
TXN106584,128.8,Bank Transfer,0.229,2160,3,0,0.662,0,1,17,30.65,0,0
TXN106585,102.95,Online,0.485,1044,4,0,0.67,1,1,5,4.54,0,0
TXN106586,345.35,POS,0.236,3632,5,0,0.493,0,0,12,70.37,0,0
TXN106587,197.39,Bank Transfer,0.659,2172,2,0,0.84,0,0,19,44.33,0,0
TXN106588,77.71,Online,0.367,3266,3,0,0.687,0,0,1,3.37,1,0
TXN106589,154.12,Bank Transfer,0.788,3375,1,1,0.746,1,1,22,11.64,0,0
TXN106590,217.71,POS,0.602,377,3,0,,0,0,5,15.48,0,1
TXN106591,827.36,Online,0.254,3210,4,0,0.489,1,1,15,16.81,0,1
TXN106592,325.81,Online,0.808,213,4,1,0.206,1,0,22,20.95,1,1
TXN106593,499.97,POS,0.932,411,4,0,0.193,0,0,15,33.07,0,0
TXN106594,80.59,ATM,0.12,1985,3,0,0.679,0,1,19,22.73,0,0
TXN106595,87.87,Online,0.67,1985,3,0,0.548,0,1,8,14.4,0,0
TXN106596,117.29,POS,0.631,2377,4,0,0.827,0,0,2,47.75,0,0
TXN106597,128.56,Online,0.67,164,1,0,0.141,0,1,12,10.86,0,0
TXN106598,54.16,POS,0.031,419,4,0,0.15,0,0,17,60.24,0,0
TXN106599,526.33,ATM,0.028,2898,3,0,0.791,0,1,19,81.38,0,1
TXN106600,359.01,Bank Transfer,0.295,2170,2,1,0.995,0,0,3,89.44,0,0
TXN106601,109.32,Online,0.08,1386,5,0,0.863,0,0,13,8.11,0,0
TXN106602,281.94,Online,0.366,689,3,0,0.477,0,0,11,16.72,0,0
TXN106603,185.47,Online,0.872,807,3,1,0.888,0,0,2,,0,1
TXN106604,304.85,POS,0.354,1141,3,0,0.133,1,0,13,30.38,0,0
TXN106605,38.69,Bank Transfer,0.393,1782,4,0,0.759,0,0,12,19.12,0,0
TXN106606,128.3,POS,0.268,2976,1,0,0.256,0,1,3,75.38,0,0
TXN106607,140.04,Online,0.422,1605,3,0,0.356,0,0,2,6.48,0,0
TXN106608,276.9,POS,0.798,1613,0,0,0.414,0,1,18,,0,0
TXN106609,79.17,Online,0.831,3444,3,1,0.26,0,0,8,49.11,0,0
TXN106610,12.18,ATM,0.421,367,1,0,0.553,0,1,3,47.04,0,0
TXN106611,50.31,POS,0.397,150,3,1,0.483,0,0,22,4.72,2,0
TXN106612,139.62,POS,0.195,3624,2,0,0.578,0,0,8,3.84,0,0
TXN106613,158.2,POS,0.976,3468,2,0,0.432,0,1,10,17.34,0,0
TXN106614,799.31,POS,0.311,1490,1,0,0.183,0,0,17,20.04,1,1
TXN106615,265.8,Online,0.343,878,2,0,0.825,0,1,21,35.31,0,0
TXN106616,161.02,ATM,0.43,475,4,0,0.826,0,0,1,1.5,1,0
TXN106617,143.68,Online,0.08,555,3,0,0.751,0,0,11,30.75,0,0
TXN106618,447.73,POS,0.329,3259,2,0,0.692,0,1,14,25.6,1,0
TXN106619,82.26,Online,0.931,2715,5,0,0.529,0,0,9,25.8,0,0
TXN106620,128.99,ATM,0.074,3087,2,0,0.767,0,0,20,9.46,1,0
TXN106621,49.94,Online,0.24,1921,3,0,0.882,0,0,13,23.62,0,0
TXN106622,613.33,POS,0.218,2411,2,0,0.781,0,0,11,21.49,0,0
TXN106623,219.75,ATM,0.235,3272,4,0,0.33,0,1,14,36.34,0,0
TXN106624,73.15,POS,0.955,1324,0,1,0.283,0,0,17,29.82,0,1
TXN106625,132.36,ATM,0.709,1994,1,1,0.609,1,0,17,17.32,0,0
TXN106626,247.06,ATM,0.92,1073,2,1,0.455,0,0,3,38.33,0,0
TXN106627,115.5,Bank Transfer,0.858,1859,4,0,0.412,0,0,6,49.82,0,0
TXN106628,86.97,POS,0.625,799,6,0,0.943,0,0,7,34.9,0,0
TXN106629,77.15,POS,0.56,776,0,1,0.764,0,0,2,10.74,0,0
TXN106630,208.3,Bank Transfer,0.509,1323,2,0,0.551,0,0,0,16.59,0,0
TXN106631,103.75,Online,0.69,3468,3,0,0.409,0,0,11,10.07,0,0
TXN106632,94.28,Online,0.702,1012,2,0,0.337,1,1,0,21.46,1,1
TXN106633,39.01,Online,0.599,2435,2,0,0.997,0,1,15,6.17,0,0
TXN106634,160.4,POS,0.449,2098,6,0,0.367,0,0,8,22.55,0,0
TXN106635,123.81,Online,0.675,2207,0,1,0.861,0,1,3,20.23,0,0
TXN106636,107.59,Bank Transfer,0.157,501,1,0,0.219,0,1,15,20.07,0,1
TXN106637,181.05,Online,0.552,2890,3,0,0.789,0,0,0,19.2,1,0
TXN106638,313.56,Online,0.519,2870,3,0,0.543,0,0,16,18.12,0,0
TXN106639,299.34,Bank Transfer,0.535,396,4,0,0.507,0,0,18,17.95,0,0
TXN106640,257.94,Online,0.511,1456,1,2,0.828,0,0,10,78.56,0,1
TXN106641,116.67,POS,0.75,3166,4,0,0.149,0,0,10,77.76,0,0
TXN106642,84.18,Online,0.757,889,1,0,0.108,0,0,3,3.94,0,1
TXN106643,52.25,POS,0.33,1841,2,0,0.195,0,0,16,24.52,0,0
TXN106644,82.01,POS,0.351,3025,2,1,0.142,0,0,13,19.27,0,0
TXN106645,151.36,Online,0.016,2934,1,0,0.938,0,0,0,8.96,0,0
TXN106646,67.61,POS,0.113,1431,3,0,0.207,0,1,15,35.34,1,0
TXN106647,163.38,POS,0.262,2609,2,0,0.808,0,0,19,28.74,0,0
TXN106648,56.52,Online,0.766,3399,3,0,0.78,0,0,19,38.83,0,1
TXN106649,28.19,POS,0.798,1663,4,0,0.101,1,0,21,12.88,0,0
TXN106650,336.77,Online,0.248,3556,1,0,0.351,0,0,18,39.5,0,0
TXN106651,92.35,POS,0.87,2816,3,1,0.827,0,0,2,25.78,0,0
TXN106652,64.26,Online,0.376,2374,1,1,0.686,0,0,8,22.25,0,0
TXN106653,49.71,Bank Transfer,0.798,2638,5,1,0.798,0,0,3,102.31,1,1
TXN106654,226.57,POS,0.467,708,3,0,0.847,0,0,7,10.1,0,0
TXN106655,586.93,ATM,0.713,43,5,1,0.128,0,1,13,67.83,0,1
TXN106656,99.18,POS,0.356,3025,1,1,0.705,0,0,17,4.6,0,0
TXN106657,119.63,POS,0.071,2597,1,0,0.131,0,0,3,22.65,0,0
TXN106658,433.39,POS,0.254,3425,5,0,0.936,0,0,9,35.44,0,1
TXN106659,24.28,POS,0.697,1871,5,0,0.484,0,0,6,7.57,0,0
TXN106660,1060.9,POS,0.918,1425,6,1,0.387,0,1,20,45.23,0,1
TXN106661,1709.75,ATM,0.628,3068,4,0,0.256,0,0,19,31.83,0,1
TXN106662,9.91,ATM,0.769,3438,6,0,0.71,0,1,15,50.95,0,0
TXN106663,134.63,Bank Transfer,0.014,2960,1,0,0.838,0,0,18,47.2,0,0
TXN106664,72.32,Bank Transfer,0.76,3024,4,0,0.198,0,0,9,29.58,1,0
TXN106665,113.89,Online,0.836,647,3,0,0.984,0,0,22,2.92,0,0
TXN106666,97.67,POS,0.413,3173,6,0,0.173,0,1,9,8.22,1,0
TXN106667,334.21,POS,0.494,108,4,0,0.806,0,0,21,86.27,0,0
TXN106668,132.61,Online,0.052,2764,2,0,0.162,0,0,7,69.65,0,0
TXN106669,59.69,Bank Transfer,0.175,740,6,0,0.287,0,0,7,53.85,0,0
TXN106670,124.94,POS,0.056,179,4,0,0.242,0,0,2,64.9,1,0
TXN106671,248.34,POS,0.731,2712,0,0,0.252,0,0,23,1.41,0,0
TXN106672,45.43,Online,0.8,1258,2,0,0.872,0,0,4,5.55,0,0
TXN106673,28.61,Bank Transfer,0.109,3184,8,1,0.697,0,0,10,44.91,0,0
TXN106674,1088.7,Online,0.922,1053,4,0,0.975,0,1,20,77.69,0,0
TXN106675,78.07,ATM,0.84,2566,4,0,0.3,0,0,13,11.43,0,0
TXN106676,129.37,Online,0.576,2359,0,0,0.271,0,0,17,76.11,0,0
TXN106677,99.7,POS,0.978,3000,4,0,0.249,0,0,8,3.29,0,1
TXN106678,256.75,Online,0.882,3147,2,0,0.851,0,1,17,35.41,0,0
TXN106679,873.75,ATM,0.223,2155,5,1,0.398,0,0,13,0.93,0,0
TXN106680,265.05,ATM,0.954,1282,5,0,0.639,0,0,7,36.34,0,1
TXN106681,32.51,Online,0.443,1863,4,1,0.412,0,0,12,24.08,0,0
TXN106682,37.18,POS,0.155,2208,3,0,0.586,0,0,23,12.4,0,0
TXN106683,99.59,POS,0.2,3542,1,0,0.721,0,0,7,38.29,0,0
TXN106684,113.5,POS,0.684,654,2,0,0.207,0,0,14,38.49,0,0
TXN106685,26.52,POS,0.988,321,4,0,0.913,0,0,12,14.75,0,0
TXN106686,336.75,POS,0.445,1711,0,0,0.378,0,0,19,63.72,0,0
TXN106687,50.08,Online,0.573,1555,2,0,0.248,0,0,17,34.29,1,0
TXN106688,660.7,ATM,0.3,3291,2,0,0.809,0,0,17,9.08,0,0
TXN106689,916.56,ATM,0.845,1036,0,0,0.997,0,0,12,18.04,0,0
TXN106690,115.79,ATM,0.115,567,1,0,0.399,0,0,11,44.95,0,0
TXN106691,230.21,Bank Transfer,0.582,471,0,2,0.47,0,0,20,15.63,0,0
TXN106692,43.3,Bank Transfer,0.586,3266,3,0,0.269,0,0,7,49.46,0,0
TXN106693,276.91,POS,0.001,2222,5,0,0.121,0,0,21,20.31,0,0
TXN106694,90.18,POS,0.941,3563,3,0,0.221,0,0,5,11.08,0,0
TXN106695,50.04,POS,0.974,982,5,0,0.961,0,0,9,47.19,0,0
TXN106696,111.13,Bank Transfer,0.467,324,3,1,0.896,0,0,1,70.95,0,0
TXN106697,93.15,POS,0.726,1705,3,0,0.818,0,0,18,13.15,0,0
TXN106698,107.22,POS,0.849,655,0,1,0.946,0,0,17,21.86,0,0
TXN106699,383.63,Online,0.117,524,0,1,0.669,0,0,22,55.38,1,0
TXN106700,67.67,Online,0.085,3225,4,0,0.454,0,0,4,63.79,0,0
TXN106701,841.36,Online,0.689,1441,4,0,0.335,0,1,18,64.72,0,1
TXN106702,39.45,ATM,0.559,283,4,1,0.782,1,0,9,13.81,0,0
TXN106703,746.53,Online,0.679,754,2,0,0.721,1,0,11,5.21,0,1
TXN106704,53.7,ATM,0.572,1358,2,0,0.54,0,0,8,39.51,1,0
TXN106705,148.26,POS,0.726,3276,7,0,0.66,0,0,16,11.88,0,0
TXN106706,90.9,ATM,0.155,2340,5,0,0.679,0,0,14,9.24,0,0
TXN106707,105.24,Online,0.216,1921,4,0,0.497,0,0,10,47.04,0,0
TXN106708,330.75,POS,,2139,8,0,0.285,0,0,11,47.34,0,0
TXN106709,665.03,Bank Transfer,0.417,2924,3,0,0.296,0,0,7,3.84,0,0
TXN106710,488.1,Bank Transfer,0.76,731,3,2,0.215,0,0,19,14.3,1,0
TXN106711,99.0,ATM,0.831,1788,2,1,0.217,0,0,15,11.78,0,1
TXN106712,178.44,Bank Transfer,0.401,1428,1,2,0.457,0,1,23,74.7,0,0
TXN106713,67.89,Online,0.602,183,6,1,0.298,0,0,1,5.25,0,0
TXN106714,55.06,POS,0.295,2024,2,1,0.142,0,0,16,25.97,0,0
TXN106715,47.17,POS,0.476,2544,2,2,0.408,0,0,3,11.66,0,0
TXN106716,95.82,Bank Transfer,0.941,2441,4,0,0.218,0,0,2,30.97,0,0
TXN106717,190.49,ATM,0.269,203,2,0,0.734,0,0,13,11.5,0,0
TXN106718,21.94,Bank Transfer,0.788,1459,3,0,0.554,0,0,15,28.97,0,0
TXN106719,141.69,ATM,0.042,1460,3,1,0.132,0,0,9,26.38,0,0
TXN106720,675.89,Online,0.345,593,3,0,0.246,0,0,8,18.49,0,1
TXN106721,455.73,POS,0.659,2009,1,0,0.12,0,0,4,35.04,1,1
TXN106722,82.67,POS,0.776,1952,6,3,0.33,0,1,8,18.47,0,0
TXN106723,36.71,Online,0.592,2852,2,3,0.247,0,0,22,37.33,0,0
TXN106724,235.06,ATM,0.869,2794,5,0,0.192,0,0,9,24.01,0,0
TXN106725,14.62,POS,0.821,3282,3,1,0.28,0,0,23,3.39,0,0
TXN106726,450.41,Bank Transfer,0.618,1567,2,0,0.719,0,0,23,18.55,0,0
TXN106727,119.87,Online,0.348,771,0,0,0.12,0,0,9,24.09,0,0
TXN106728,926.39,POS,0.364,1989,2,1,0.258,1,0,9,61.01,0,1
TXN106729,26.39,Bank Transfer,0.615,2432,4,0,0.585,0,0,16,24.4,0,0
TXN106730,371.72,Online,0.657,1236,2,0,0.38,0,0,3,25.35,0,0
TXN106731,134.22,ATM,0.395,1732,6,0,0.524,0,0,19,25.24,0,0
TXN106732,106.59,Online,0.398,3355,1,0,0.989,0,0,7,13.33,1,0
TXN106733,37.72,Online,0.177,2808,6,0,0.343,0,0,6,90.62,0,0
TXN106734,269.28,POS,0.0,2236,2,0,0.879,0,0,7,29.89,0,0
TXN106735,291.82,Online,0.461,3432,2,0,0.106,0,0,5,84.7,0,0
TXN106736,884.59,ATM,0.831,81,4,0,0.428,0,0,13,74.84,0,1
TXN106737,406.69,Bank Transfer,0.767,1959,6,0,0.353,0,0,15,14.57,0,0
TXN106738,81.95,Bank Transfer,0.994,993,6,0,0.689,0,0,18,2.29,0,0
TXN106739,54.39,POS,0.669,1068,1,0,0.981,0,0,8,6.58,0,0
TXN106740,37.77,Bank Transfer,0.234,2868,2,0,0.638,0,0,21,75.02,0,0
TXN106741,647.57,POS,0.677,2920,2,0,0.564,0,0,7,28.33,0,0
TXN106742,68.16,POS,0.828,1789,5,0,0.746,1,0,22,35.56,0,0
TXN106743,652.12,ATM,0.641,1936,1,0,0.105,0,0,18,30.92,0,0
TXN106744,250.9,Bank Transfer,0.482,2201,2,0,0.783,0,1,22,13.52,0,0
TXN106745,206.42,Bank Transfer,0.619,3223,2,0,0.191,0,0,20,4.79,0,0
TXN106746,109.19,ATM,0.026,109,5,0,0.933,0,0,19,67.36,0,0
TXN106747,287.34,POS,0.265,2079,3,1,0.912,1,0,1,22.72,0,0
TXN106748,146.13,POS,0.158,276,3,0,0.433,0,0,10,26.71,0,0
TXN106749,102.59,POS,0.413,3422,5,0,0.106,0,0,9,28.51,0,0
TXN106750,297.68,Online,0.893,893,5,2,0.338,0,0,7,16.67,0,1
TXN106751,128.51,Online,0.188,93,3,1,0.831,0,0,20,14.77,1,0
TXN106752,66.8,POS,0.071,2959,1,0,0.407,0,0,19,35.84,0,0
TXN106753,270.38,Online,0.777,2705,4,1,0.466,0,0,17,17.59,0,1
TXN106754,139.21,Online,0.868,3293,2,0,0.697,0,0,15,65.53,0,0
TXN106755,241.99,ATM,0.531,1284,4,1,0.353,0,0,22,42.77,0,0
TXN106756,94.27,Online,0.377,1031,2,0,0.668,0,0,21,68.9,1,0
TXN106757,44.3,POS,0.431,2450,1,1,0.501,0,1,13,16.11,0,0
TXN106758,841.41,Online,0.659,3453,5,0,0.999,0,0,9,21.97,0,0
TXN106759,696.88,Online,0.831,3441,0,0,0.972,0,0,18,42.8,0,0
TXN106760,359.17,POS,0.189,1476,3,1,0.559,0,0,8,14.34,1,0
TXN106761,100.7,POS,0.902,2397,3,0,0.474,0,0,5,75.99,0,0
TXN106762,109.91,Bank Transfer,0.657,3024,5,1,0.119,0,0,23,8.17,0,0
TXN106763,591.3,ATM,0.738,2726,0,0,0.401,0,0,3,20.69,0,0
TXN106764,104.19,POS,0.087,2204,7,0,0.755,0,0,7,10.39,0,0
TXN106765,78.84,Online,0.918,602,4,2,0.79,0,0,2,9.25,2,0
TXN106766,965.1,Online,0.528,2316,3,2,0.247,0,0,21,23.02,0,0
TXN106767,141.5,POS,0.362,647,4,2,0.911,0,0,21,5.8,0,0
TXN106768,869.94,POS,0.399,1663,2,0,0.247,0,0,13,45.61,0,0
TXN106769,36.66,Bank Transfer,0.293,2105,2,2,0.882,0,0,16,,0,1
TXN106770,249.18,Online,0.163,124,2,0,0.476,0,0,10,87.48,0,0
TXN106771,1177.42,POS,0.035,1588,6,0,0.312,0,0,9,34.36,0,0
TXN106772,152.89,ATM,0.264,1164,7,0,0.738,0,0,21,27.23,0,0
TXN106773,113.98,Online,0.497,432,4,0,0.873,0,1,17,,0,1
TXN106774,46.17,Online,0.667,2373,6,1,0.967,0,0,3,76.15,0,0
TXN106775,438.05,POS,0.733,2666,3,0,0.789,0,1,20,60.63,0,0
TXN106776,68.71,POS,0.596,3265,3,0,0.965,0,0,2,17.55,0,0
TXN106777,134.99,POS,0.116,2560,2,0,0.454,1,0,16,27.01,0,0
TXN106778,43.19,Bank Transfer,0.432,692,2,0,0.914,1,0,0,45.27,0,0
TXN106779,704.08,Online,0.667,361,3,0,0.525,0,0,0,37.65,1,1
TXN106780,471.01,ATM,0.743,3006,2,2,0.212,0,0,21,24.33,0,0
TXN106781,143.8,POS,0.325,206,6,0,0.969,0,0,6,8.83,0,0
TXN106782,46.8,ATM,0.928,1406,6,0,0.237,0,0,1,8.28,0,1
TXN106783,689.46,Online,,1401,4,0,0.185,0,0,1,32.11,0,1
TXN106784,102.93,Online,0.852,687,2,0,0.38,0,0,5,11.16,0,0
TXN106785,49.15,POS,0.667,2321,2,0,0.601,0,0,17,20.42,0,0
TXN106786,25.48,Online,0.414,2818,4,0,0.388,0,0,9,61.27,0,0
TXN106787,77.79,POS,0.934,3264,0,0,0.639,0,0,21,6.88,0,0
TXN106788,34.65,POS,0.901,1729,1,0,0.638,0,0,0,92.98,0,0
TXN106789,79.61,ATM,0.828,1602,3,0,0.774,0,0,11,23.48,0,0
TXN106790,312.44,POS,0.891,765,5,0,0.973,0,0,4,17.7,0,0
TXN106791,101.96,POS,0.917,334,2,1,0.664,0,0,13,11.94,0,1
TXN106792,211.81,Bank Transfer,0.746,3073,3,0,0.322,1,0,1,68.85,0,0
TXN106793,72.0,POS,0.2,3072,3,0,0.124,0,0,17,42.39,0,0
TXN106794,158.41,Online,0.539,3581,2,1,0.661,0,1,14,14.08,0,1
TXN106795,1013.23,ATM,0.616,482,6,0,0.428,0,0,0,28.37,0,0
TXN106796,104.74,ATM,0.773,1555,4,0,0.427,0,0,6,6.24,0,0
TXN106797,217.99,POS,0.495,2337,6,0,0.398,0,0,8,27.18,0,0
TXN106798,31.02,Online,0.513,3218,1,0,0.482,1,1,17,4.42,0,0
TXN106799,678.65,Online,0.996,1526,4,1,0.538,0,0,2,13.48,0,1
TXN106800,92.09,POS,0.452,531,0,0,0.705,1,0,6,35.96,0,0
TXN106801,424.34,ATM,0.13,3322,3,0,0.792,0,0,12,15.39,0,0
TXN106802,131.21,Bank Transfer,0.71,331,0,0,0.513,0,0,18,8.08,1,0
TXN106803,273.58,POS,0.363,2581,4,0,0.177,0,1,2,45.2,0,0
TXN106804,290.33,POS,0.249,1355,2,2,0.498,0,0,17,11.52,0,0
TXN106805,94.4,ATM,0.628,30,5,0,0.908,0,0,22,76.97,0,0
TXN106806,442.26,Online,0.954,1933,0,2,0.916,0,0,8,26.46,0,0
TXN106807,69.48,ATM,0.313,1379,1,0,0.969,0,0,12,11.34,0,0
TXN106808,323.09,POS,0.372,1608,3,1,0.813,0,0,1,36.31,0,0
TXN106809,100.46,POS,0.465,682,6,1,0.733,0,1,21,89.58,1,0
TXN106810,210.52,Online,0.688,2465,3,1,0.591,0,0,3,19.0,0,0
TXN106811,93.5,Bank Transfer,0.396,1056,2,1,0.401,0,0,13,54.29,0,0
TXN106812,156.02,POS,0.425,581,4,1,0.832,0,0,0,53.13,0,1
TXN106813,50.67,Bank Transfer,0.701,1474,3,0,0.261,0,0,19,33.67,0,0
TXN106814,190.1,Online,0.985,708,1,0,0.763,0,0,1,19.44,0,1
TXN106815,155.12,POS,0.317,1989,1,0,0.589,0,0,3,29.47,0,0
TXN106816,86.47,Online,0.585,1957,6,0,0.627,0,0,0,61.23,0,0
TXN106817,140.47,POS,,2920,2,2,0.452,0,0,6,26.0,0,0
TXN106818,169.7,Online,0.212,3576,1,1,0.608,0,1,19,18.33,0,0
TXN106819,80.13,POS,0.818,342,1,0,0.807,0,1,0,20.2,0,0
TXN106820,130.48,Online,0.355,165,3,1,0.534,0,1,7,42.99,0,0
TXN106821,54.3,POS,0.111,1626,4,0,0.826,0,0,23,42.88,0,0
TXN106822,1549.57,ATM,0.025,273,2,0,0.121,0,0,13,23.93,0,0
TXN106823,428.0,Bank Transfer,0.033,3109,5,1,0.822,0,0,0,26.24,0,0
TXN106824,195.02,Online,0.798,2954,2,0,0.902,0,0,4,24.27,1,0
TXN106825,479.2,Online,0.675,1594,2,0,0.936,0,0,0,14.42,0,0
TXN106826,20.51,Bank Transfer,0.793,3508,6,1,0.515,0,0,21,21.5,0,0
TXN106827,11.5,POS,0.753,1909,5,0,0.495,0,0,12,49.86,1,0
TXN106828,99.55,ATM,0.381,2004,1,0,,0,0,9,19.23,0,0
TXN106829,37.39,Online,0.933,2848,1,0,0.175,1,1,22,24.43,0,1
TXN106830,117.14,Bank Transfer,0.878,2025,3,0,0.887,0,0,3,20.38,1,1
TXN106831,182.3,POS,0.348,2610,5,0,0.328,0,0,15,43.18,0,0
TXN106832,372.57,POS,0.773,896,5,0,0.237,0,1,21,17.47,0,1
TXN106833,47.55,POS,0.82,1876,2,0,0.789,0,0,3,18.8,0,0
TXN106834,221.32,POS,0.488,2962,7,0,0.225,0,0,22,34.41,0,0
TXN106835,150.56,POS,0.12,3530,2,0,0.788,0,0,10,20.36,0,0
TXN106836,210.08,Bank Transfer,0.334,725,2,0,0.85,0,0,17,21.96,0,0
TXN106837,88.25,POS,0.989,161,2,1,0.332,0,0,9,53.87,0,0
TXN106838,591.78,POS,0.716,2178,2,0,0.191,0,0,15,67.32,0,0
TXN106839,133.82,POS,0.775,227,5,0,0.431,0,0,21,19.17,0,0
TXN106840,874.96,Online,0.912,2500,5,0,0.221,0,1,19,72.65,0,0
TXN106841,67.33,Online,0.203,1577,1,0,0.627,0,0,9,31.23,0,0
TXN106842,311.95,POS,0.968,2927,4,0,0.91,0,0,7,1.94,0,1
TXN106843,139.82,ATM,0.518,601,3,0,0.567,0,0,5,22.39,0,0
TXN106844,106.94,ATM,0.745,196,3,1,0.311,1,0,6,93.88,0,0
TXN106845,279.31,POS,0.318,813,2,0,0.637,0,1,6,31.47,0,0
TXN106846,110.04,ATM,0.329,259,3,0,0.181,0,0,19,67.52,0,0
TXN106847,10.36,POS,0.36,573,1,2,0.376,1,0,20,19.7,0,0
TXN106848,6.94,Online,0.348,2772,0,0,0.923,0,1,4,39.87,0,0
TXN106849,529.76,Bank Transfer,0.063,2536,1,1,0.866,0,0,13,113.92,0,0
TXN106850,507.89,Bank Transfer,0.31,2281,3,0,0.793,0,0,13,17.34,0,0
TXN106851,979.79,POS,0.647,1554,7,0,0.713,0,0,1,12.18,1,1
TXN106852,145.83,Online,0.902,839,4,1,0.76,0,0,9,16.78,0,0
TXN106853,40.75,POS,0.042,3049,1,1,0.674,0,0,17,16.89,0,0
TXN106854,97.55,Online,0.017,3202,1,0,0.611,0,0,12,34.73,0,0
TXN106855,150.12,Online,0.592,936,5,0,0.146,0,0,22,26.24,0,1
TXN106856,54.22,POS,0.7,3275,1,0,0.189,0,0,13,48.14,0,0
TXN106857,771.68,Bank Transfer,0.608,2286,3,0,0.309,0,0,21,20.77,0,0
TXN106858,1393.4,Online,0.973,1281,1,0,0.593,0,0,2,47.15,0,1
TXN106859,239.43,POS,0.229,802,2,0,0.298,0,0,6,12.97,0,0
TXN106860,146.81,Bank Transfer,0.481,2168,5,0,0.52,0,0,5,21.4,0,0
TXN106861,40.65,ATM,0.916,82,4,0,0.624,0,0,6,39.94,0,1
TXN106862,696.76,POS,0.617,1175,4,1,0.774,0,0,17,45.94,1,0
TXN106863,160.18,Online,0.577,2523,2,0,0.602,0,0,12,21.87,0,0
TXN106864,111.14,Bank Transfer,0.933,1828,7,1,0.709,0,0,13,80.2,0,1
TXN106865,240.13,Bank Transfer,0.339,556,6,0,0.508,0,0,6,45.36,1,0
TXN106866,82.62,POS,0.157,606,3,0,0.93,0,0,13,69.23,0,0
TXN106867,171.89,Online,0.129,2541,7,1,0.788,0,0,16,8.99,0,0
TXN106868,35.08,Bank Transfer,0.822,3061,3,0,0.501,0,0,20,39.12,0,0
TXN106869,440.14,Bank Transfer,0.857,2530,5,0,0.262,0,0,18,58.2,0,1
TXN106870,133.7,POS,0.234,598,3,1,0.739,0,0,23,77.94,0,0
TXN106871,472.86,Online,0.457,2448,4,0,0.502,0,0,20,43.38,0,0
TXN106872,121.37,Bank Transfer,0.585,1031,3,0,0.302,0,0,14,27.82,0,0
TXN106873,129.52,POS,0.139,2172,3,0,0.641,1,0,16,2.82,0,0
TXN106874,44.15,Online,0.849,2167,1,0,0.448,1,0,6,17.44,0,0
TXN106875,317.27,Online,0.419,3233,5,0,,1,0,20,10.51,0,1
TXN106876,61.82,Online,0.863,3017,3,0,0.354,0,0,4,48.19,0,0
TXN106877,91.25,ATM,0.76,303,1,1,0.522,0,0,19,7.92,1,0
TXN106878,148.57,POS,0.295,30,3,2,0.418,0,0,3,19.51,0,0
TXN106879,167.54,ATM,0.717,3403,1,0,0.864,0,0,3,15.97,0,0
TXN106880,26.95,POS,0.741,1136,2,0,0.483,0,1,3,40.43,0,0
TXN106881,117.82,ATM,0.311,268,3,0,0.312,0,0,20,,1,0
TXN106882,328.73,Online,0.254,722,2,0,0.876,0,0,9,73.93,0,0
TXN106883,101.66,POS,0.823,1823,4,0,0.934,0,0,9,8.07,0,0
TXN106884,118.54,Bank Transfer,0.678,3246,3,3,0.432,0,1,11,24.67,0,1
TXN106885,174.58,ATM,0.74,3372,3,2,0.89,0,0,3,9.34,0,0
TXN106886,130.85,POS,0.313,2406,5,0,0.541,0,0,6,33.09,0,0
TXN106887,52.96,POS,0.722,1003,2,0,0.759,0,1,17,63.16,1,0
TXN106888,143.12,Online,0.714,2609,1,0,0.345,0,0,7,29.22,0,0
TXN106889,401.04,Bank Transfer,0.333,3063,3,0,0.244,0,0,16,67.85,0,0
TXN106890,51.87,POS,0.27,1516,3,0,0.567,0,0,19,63.76,0,0
TXN106891,102.06,Bank Transfer,0.431,2177,4,0,0.462,0,1,19,20.19,0,0
TXN106892,37.28,POS,0.739,1800,3,1,0.1,0,1,23,27.56,0,1
TXN106893,380.46,Online,0.194,3147,2,0,0.141,1,0,2,18.49,0,0
TXN106894,135.32,Online,0.874,2247,1,0,0.665,1,1,20,28.12,0,0
TXN106895,63.42,POS,0.255,205,3,0,0.411,0,0,22,16.6,0,0
TXN106896,162.76,Bank Transfer,0.84,3184,4,0,0.13,0,0,2,39.34,0,0
TXN106897,44.54,POS,0.156,2042,0,0,0.487,0,0,5,6.19,0,0
TXN106898,52.8,Bank Transfer,0.739,1589,3,0,0.212,1,0,0,13.75,0,0
TXN106899,34.46,POS,0.561,712,3,0,0.236,1,0,2,27.07,0,0
TXN106900,51.07,POS,0.661,2558,6,0,0.784,0,0,18,27.61,1,0
TXN106901,576.71,Bank Transfer,0.974,95,2,0,0.17,0,0,12,12.62,1,1
TXN106902,71.3,Online,0.053,658,4,0,0.514,0,0,14,0.87,0,0
TXN106903,236.57,POS,0.149,2524,3,1,0.394,0,0,10,112.15,0,0
TXN106904,64.31,Online,0.079,1016,1,0,0.981,1,0,12,45.63,0,0
TXN106905,317.2,POS,0.52,2743,6,1,0.12,0,0,6,32.34,0,1
TXN106906,53.19,Bank Transfer,0.803,979,1,0,0.51,0,0,8,20.09,0,1
TXN106907,154.35,POS,0.055,2695,2,0,0.729,0,0,21,2.21,0,0
TXN106908,156.47,Online,0.779,2488,3,1,0.949,0,0,5,22.45,0,0
TXN106909,1522.04,POS,0.433,2661,4,0,0.384,0,0,0,48.19,0,1
TXN106910,278.78,Online,0.941,2685,4,0,0.671,0,0,21,37.49,0,0
TXN106911,82.03,Bank Transfer,0.383,2925,4,0,0.33,0,0,20,29.61,0,0
TXN106912,294.43,ATM,0.985,1361,2,1,0.667,0,0,6,26.72,1,1
TXN106913,1259.13,POS,0.557,1729,3,0,0.179,0,1,2,15.2,0,1
TXN106914,29.09,POS,0.99,283,2,0,0.358,0,0,4,3.6,1,0
TXN106915,63.91,POS,0.632,1288,5,1,0.5,0,0,19,7.82,1,0
TXN106916,117.11,Bank Transfer,0.346,1694,3,1,0.154,1,0,15,40.43,0,0
TXN106917,97.8,POS,0.803,2820,4,0,0.276,0,0,6,48.9,0,0
TXN106918,106.4,Online,0.487,3298,2,1,0.195,0,0,19,8.48,1,0
TXN106919,40.28,POS,0.309,2442,4,0,0.951,0,0,5,17.55,0,0
TXN106920,604.23,Bank Transfer,0.478,493,4,1,0.561,0,1,7,40.1,0,0
TXN106921,35.78,Online,0.872,754,4,0,0.628,1,0,8,37.23,0,1
TXN106922,121.48,Online,0.732,1960,1,0,0.836,0,1,1,30.7,0,0
TXN106923,422.35,Bank Transfer,0.174,1605,2,1,0.409,0,0,11,42.44,0,0
TXN106924,144.0,Bank Transfer,0.839,3399,2,0,0.19,0,0,16,5.97,0,0
TXN106925,55.73,Online,0.431,689,5,0,0.252,0,0,4,26.96,0,0
TXN106926,38.53,ATM,0.083,2097,6,0,0.719,0,0,18,19.44,0,0
TXN106927,117.92,Online,0.147,2849,3,0,0.953,0,0,22,13.85,0,0
TXN106928,69.61,Online,0.066,1614,3,0,0.505,0,0,3,37.48,0,0
TXN106929,182.22,POS,0.677,924,3,1,0.377,0,1,7,37.49,0,0
TXN106930,36.55,Online,0.258,500,3,0,0.893,0,0,1,60.09,1,0
TXN106931,334.63,Online,0.096,2284,1,0,0.457,0,0,4,58.45,0,0
TXN106932,166.59,POS,0.366,2314,5,0,0.216,0,0,7,24.3,0,0
TXN106933,179.44,POS,0.867,2692,1,1,0.332,1,0,19,26.94,1,1
TXN106934,627.08,ATM,0.629,3061,7,0,0.803,0,0,3,9.04,0,0
TXN106935,95.79,POS,0.486,3619,4,2,0.876,0,0,6,27.92,0,0
TXN106936,71.82,Online,0.733,708,3,2,0.812,1,0,15,36.88,0,0
TXN106937,85.82,Online,0.076,1597,1,0,0.986,0,0,21,33.58,0,0
TXN106938,122.42,POS,0.883,1202,2,1,0.22,0,1,7,9.46,0,1
TXN106939,135.51,POS,0.178,3188,0,0,0.542,0,0,20,59.91,0,0
TXN106940,64.67,POS,0.021,456,4,0,0.694,0,0,7,30.11,0,0
TXN106941,19.63,POS,0.362,2434,1,1,0.979,1,0,8,16.38,0,0
TXN106942,84.7,Online,0.058,1170,1,0,0.954,0,0,17,47.23,1,0
TXN106943,212.69,ATM,0.167,60,5,1,0.421,0,0,20,27.17,0,1
TXN106944,170.08,Bank Transfer,0.739,2192,1,0,0.9,1,0,6,93.29,0,0
TXN106945,492.53,POS,0.405,1446,3,0,0.564,0,0,10,33.2,0,0
TXN106946,1048.89,ATM,0.007,2530,3,0,0.187,1,0,2,27.75,1,1
TXN106947,317.14,POS,0.644,1456,2,1,0.152,0,0,5,33.85,0,0
TXN106948,591.42,ATM,0.707,718,2,0,0.999,0,1,21,58.4,0,0
TXN106949,319.51,POS,0.902,463,7,0,0.948,0,0,5,12.58,0,0
TXN106950,820.49,Online,0.155,684,3,0,0.669,0,0,2,33.24,0,0
TXN106951,944.69,Online,0.857,1612,4,2,0.73,0,0,7,24.01,0,0
TXN106952,384.2,POS,0.709,1002,0,0,0.626,0,0,4,35.04,0,0
TXN106953,300.78,Bank Transfer,0.564,451,2,0,0.816,0,1,20,43.28,0,0
TXN106954,120.88,POS,0.262,1177,3,1,0.355,0,0,1,21.61,0,0
TXN106955,142.4,POS,0.458,3054,2,0,0.324,1,0,17,23.89,0,0
TXN106956,105.86,Online,0.198,3069,1,0,0.551,0,0,19,6.97,0,0
TXN106957,276.23,Online,0.718,1340,1,0,0.284,0,0,15,67.62,0,0
TXN106958,72.22,POS,0.704,1918,5,1,0.565,0,1,15,8.67,1,0
TXN106959,122.6,POS,0.192,692,2,0,0.96,0,1,11,73.37,0,0
TXN106960,14.08,POS,0.253,1521,4,1,0.376,0,1,0,25.45,0,0
TXN106961,831.38,Bank Transfer,0.901,2208,1,0,0.643,0,0,19,12.14,0,0
TXN106962,119.05,Online,0.472,98,4,0,0.908,0,0,22,10.34,0,0
TXN106963,234.06,POS,0.551,3134,5,0,0.615,0,0,8,34.04,0,0
TXN106964,637.65,Online,0.959,3304,1,1,0.194,0,0,9,32.19,0,1
TXN106965,200.4,Bank Transfer,0.207,3414,4,1,0.659,0,0,4,6.65,0,0
TXN106966,629.13,Bank Transfer,0.627,794,7,1,0.641,0,0,11,44.44,0,1
TXN106967,42.87,POS,0.774,3267,4,0,0.385,0,0,1,25.98,0,0
TXN106968,1631.7,Online,0.319,442,3,0,0.654,0,0,21,9.11,0,0
TXN106969,440.15,POS,0.309,3223,3,0,0.79,0,0,21,34.0,0,1
TXN106970,182.95,POS,0.897,521,5,0,0.83,0,0,15,45.58,0,0
TXN106971,617.13,Bank Transfer,0.099,1289,5,0,0.804,0,0,0,27.12,0,0
TXN106972,46.13,Bank Transfer,0.157,3463,2,0,0.554,0,1,22,48.95,0,0
TXN106973,111.21,POS,0.411,1859,2,0,0.786,0,0,23,12.6,0,0
TXN106974,629.07,Bank Transfer,0.798,814,2,1,0.15,0,0,19,17.48,0,1
TXN106975,22.94,ATM,0.455,1374,3,0,0.757,0,0,23,19.76,0,1
TXN106976,259.94,ATM,0.271,1225,5,0,0.328,0,0,21,57.45,0,0
TXN106977,252.69,ATM,0.42,3368,1,0,0.177,0,1,5,54.43,0,1
TXN106978,1063.4,Online,0.445,1522,3,0,0.528,0,0,4,54.44,0,1
TXN106979,30.48,Bank Transfer,0.727,366,3,0,0.266,0,0,20,0.8,0,0
TXN106980,742.21,POS,0.869,629,2,0,0.981,0,0,17,33.94,1,1
TXN106981,84.82,Online,0.321,2036,3,0,0.269,0,1,10,1.23,0,0
TXN106982,94.92,POS,0.709,79,4,0,0.941,0,0,20,8.49,0,1
TXN106983,43.73,ATM,0.701,923,2,0,0.855,0,1,21,10.58,0,0
TXN106984,50.01,POS,0.767,2216,2,0,0.862,0,1,18,40.32,0,0
TXN106985,222.19,Online,0.575,3108,3,0,0.496,0,1,9,42.98,0,0
TXN106986,48.8,ATM,0.015,379,1,0,0.339,0,0,21,22.25,0,0
TXN106987,311.15,POS,0.656,1257,2,0,0.532,0,1,12,7.01,0,0
TXN106988,76.48,POS,0.612,1443,5,0,0.959,0,0,18,23.42,0,0
TXN106989,44.12,POS,0.612,3156,3,0,0.371,0,0,17,14.9,0,0
TXN106990,87.55,Online,0.281,2876,2,0,0.221,0,0,10,4.54,0,0
TXN106991,207.83,POS,0.098,3389,2,0,0.785,1,0,14,64.09,0,0
TXN106992,112.47,Online,0.189,2277,5,0,0.53,0,0,14,34.94,0,0
TXN106993,153.58,Online,0.216,652,2,0,0.319,0,0,5,53.12,0,0
TXN106994,297.74,Bank Transfer,0.174,3427,3,0,0.141,0,0,6,48.48,0,0
TXN106995,438.09,ATM,0.245,2760,3,2,0.826,0,0,9,15.27,0,0
TXN106996,108.84,POS,0.069,2422,1,0,0.332,0,0,0,9.54,0,0
TXN106997,52.24,Bank Transfer,0.269,1296,3,0,0.111,0,1,11,17.1,1,0
TXN106998,160.15,ATM,0.998,2908,0,1,0.985,0,0,5,19.06,0,0
TXN106999,237.61,ATM,0.511,1489,5,0,0.865,0,0,17,13.01,0,0
TXN107000,34.44,Online,0.344,1203,7,0,0.659,0,0,10,9.23,0,0
TXN107001,60.91,POS,0.72,1023,2,0,0.631,0,0,0,29.45,0,0
TXN107002,72.3,Online,0.469,2419,0,0,0.289,0,0,6,18.84,0,0
TXN107003,120.56,Online,0.029,2262,3,1,0.481,0,0,23,25.26,0,0
TXN107004,69.34,POS,0.547,852,6,0,0.66,0,0,18,25.15,0,0
TXN107005,300.98,POS,0.304,1272,4,0,0.37,0,0,10,6.65,0,0
TXN107006,29.81,POS,0.571,852,4,0,0.714,0,0,1,17.57,0,0
TXN107007,30.58,Online,0.173,2711,4,0,0.677,0,0,9,61.41,0,0
TXN107008,106.28,POS,0.483,1272,3,0,0.911,1,0,22,21.23,0,0
TXN107009,124.51,Online,0.194,2848,1,0,0.182,0,0,20,19.22,0,0
TXN107010,34.65,ATM,0.299,869,3,0,0.137,0,0,10,41.97,0,1
TXN107011,80.9,POS,0.687,1460,1,0,0.101,0,0,11,17.02,0,0
TXN107012,99.38,POS,0.228,125,3,0,0.982,0,0,10,9.75,0,0
TXN107013,100.15,POS,0.417,47,4,1,0.646,0,0,14,54.62,0,0
TXN107014,172.76,POS,0.073,134,4,3,0.779,0,0,22,42.76,0,0
TXN107015,76.59,ATM,0.687,269,9,1,0.682,0,0,17,24.4,0,0
TXN107016,650.56,Online,0.539,3388,2,0,0.307,0,1,18,9.51,0,0
TXN107017,241.82,Bank Transfer,0.814,1021,8,0,0.701,0,0,7,25.33,0,0
TXN107018,66.21,Bank Transfer,0.535,1955,3,0,0.693,0,0,7,56.41,0,0
TXN107019,163.12,POS,0.994,3483,5,1,0.919,1,0,23,25.92,0,0
TXN107020,168.01,Online,0.241,1793,2,0,0.42,0,1,15,19.53,0,0
TXN107021,500.06,Online,0.742,1455,2,1,0.669,1,1,19,15.38,0,1
TXN107022,81.42,Online,0.432,2668,3,0,0.453,1,0,9,21.06,0,0
TXN107023,319.69,POS,0.376,2724,3,0,0.257,1,1,19,35.73,0,1
TXN107024,154.76,POS,0.732,394,5,1,0.791,0,0,2,35.01,0,0
TXN107025,659.56,Online,0.956,3418,2,0,0.519,0,0,2,45.21,0,1
TXN107026,539.63,Online,0.756,475,1,0,0.465,0,0,13,96.44,0,0
TXN107027,180.73,POS,0.33,1266,2,0,0.514,0,0,11,16.54,0,0
TXN107028,114.17,POS,0.51,3480,2,1,0.919,0,0,1,12.47,0,0
TXN107029,246.31,Online,0.217,2061,4,0,0.644,0,0,11,6.77,0,0
TXN107030,123.91,ATM,0.62,2087,1,1,0.302,0,0,22,23.18,0,0
TXN107031,796.56,Online,0.403,3115,4,0,0.483,0,0,1,24.69,0,0
TXN107032,160.53,POS,0.228,1654,2,1,0.191,0,0,1,9.42,0,0
TXN107033,98.92,POS,0.021,2255,1,0,0.383,0,0,17,83.29,0,0
TXN107034,93.73,ATM,0.925,2004,5,0,0.409,0,0,3,53.11,2,0
TXN107035,44.12,ATM,0.079,436,2,0,0.228,0,1,8,67.49,0,0
TXN107036,258.93,POS,0.329,1132,1,0,0.886,0,0,3,13.12,0,0
TXN107037,65.37,Online,0.19,2815,4,1,0.662,0,0,9,53.01,0,0
TXN107038,445.03,Online,0.494,1219,2,0,0.115,0,1,16,14.11,0,0
TXN107039,40.73,Online,0.195,3302,3,1,0.19,0,0,15,47.34,0,0
TXN107040,168.55,POS,0.736,3502,3,0,0.978,0,0,2,22.26,1,0
TXN107041,468.82,Online,0.225,2812,1,1,0.189,0,0,14,29.99,0,0
TXN107042,17.25,Bank Transfer,0.185,32,4,1,0.719,0,1,21,106.38,0,1
TXN107043,1116.85,POS,0.217,2754,0,1,0.781,0,0,20,27.53,1,1
TXN107044,97.0,POS,0.298,3582,0,0,0.897,0,0,21,48.26,0,0
TXN107045,170.9,POS,0.642,2765,1,0,0.882,0,0,21,32.15,0,0
TXN107046,262.81,POS,0.21,2337,1,0,0.701,0,0,20,20.32,1,0
TXN107047,306.78,Bank Transfer,0.697,2247,1,0,0.698,0,0,12,27.83,0,0
TXN107048,195.17,Bank Transfer,0.43,1823,6,0,0.533,0,0,8,20.23,0,0
TXN107049,402.38,POS,0.197,927,2,0,0.153,0,0,19,6.7,0,0
TXN107050,249.4,Bank Transfer,0.24,1759,2,0,0.642,0,0,6,2.82,0,0
TXN107051,863.4,POS,0.527,3327,3,1,0.441,0,0,15,21.76,0,0
TXN107052,250.22,Online,0.379,339,2,0,0.545,0,0,19,29.42,0,0
TXN107053,1058.53,Online,0.514,496,0,0,0.685,0,1,4,6.47,0,1
TXN107054,365.43,POS,0.813,3197,3,1,0.661,0,0,9,55.55,0,0
TXN107055,24.39,Online,0.046,3024,5,0,0.791,0,0,0,23.09,0,0
TXN107056,2020.5,Online,0.394,1878,3,0,0.716,0,0,18,26.94,0,0
TXN107057,83.57,POS,0.415,1330,3,0,0.863,0,0,2,83.04,0,0
TXN107058,662.18,Bank Transfer,0.251,431,2,0,0.984,0,0,14,32.7,0,0
TXN107059,152.44,POS,0.442,2469,3,0,0.442,0,0,7,30.69,0,0
TXN107060,428.84,POS,0.567,1981,2,1,0.557,0,0,22,57.49,0,0
TXN107061,74.55,Bank Transfer,0.585,2944,5,0,0.12,1,0,10,21.8,0,0
TXN107062,277.48,Online,0.67,1342,6,0,0.329,0,0,11,56.29,0,0
TXN107063,115.22,Online,0.077,2920,4,2,0.566,0,0,15,53.19,0,0
TXN107064,719.82,POS,0.46,3485,1,0,0.435,0,0,18,16.87,0,1
TXN107065,230.14,POS,0.758,613,1,0,0.493,0,0,11,33.26,0,0
TXN107066,378.4,POS,0.455,2798,4,1,0.565,0,1,14,96.68,0,0
TXN107067,17.05,Online,0.656,2241,4,1,0.844,0,0,22,56.1,0,0
TXN107068,136.24,Online,0.59,1506,5,0,0.14,0,0,20,18.53,0,0
TXN107069,223.75,Online,0.465,806,2,0,0.663,0,0,3,6.79,0,0
TXN107070,185.6,Bank Transfer,0.079,590,5,1,0.62,0,1,2,21.96,0,0
TXN107071,388.06,Bank Transfer,0.633,435,2,0,0.422,0,1,2,23.85,0,0
TXN107072,102.93,POS,0.535,993,4,0,0.781,0,0,13,11.87,0,0
TXN107073,155.83,Bank Transfer,0.006,1889,1,1,0.992,0,0,22,33.07,0,0
TXN107074,483.58,Bank Transfer,0.207,1978,2,0,0.697,0,0,1,9.51,0,0
TXN107075,15.2,Bank Transfer,0.061,3604,3,0,0.704,0,0,4,48.73,0,0
TXN107076,267.56,Online,0.57,2713,2,0,0.311,0,0,13,24.04,0,0
TXN107077,106.28,POS,0.015,3583,4,1,0.886,0,0,18,30.48,0,0
TXN107078,59.6,POS,0.842,2758,2,1,0.201,0,0,1,46.91,0,0
TXN107079,207.79,Bank Transfer,0.947,2105,0,1,0.803,1,0,10,4.26,0,0
TXN107080,506.46,Online,0.976,2985,4,0,0.905,0,0,8,17.63,0,1
TXN107081,419.53,Bank Transfer,0.227,2825,2,0,0.75,0,0,5,6.82,0,0
TXN107082,129.66,ATM,0.495,2953,1,1,0.383,1,0,6,3.89,0,0
TXN107083,356.29,POS,0.891,933,6,1,0.573,0,0,5,56.01,0,0
TXN107084,353.57,Online,0.687,2651,3,0,0.88,0,0,4,103.16,0,1
TXN107085,136.0,Bank Transfer,0.299,842,3,0,0.167,1,0,21,30.24,0,0
TXN107086,74.21,POS,0.834,1180,2,0,0.323,0,1,0,3.81,0,0
TXN107087,78.63,Online,0.574,2587,1,0,0.291,0,0,13,9.14,0,0
TXN107088,343.04,Bank Transfer,0.73,1858,0,1,0.672,0,0,20,10.57,0,1
TXN107089,142.29,POS,0.969,2875,3,0,0.197,0,0,18,50.21,0,0
TXN107090,52.13,POS,0.998,2638,1,0,0.342,1,0,15,16.27,0,0
TXN107091,27.53,Online,0.505,2715,4,1,0.864,0,0,13,32.89,0,0
TXN107092,340.98,ATM,0.157,564,2,0,0.657,0,0,8,26.51,0,0
TXN107093,85.9,Online,0.62,408,2,1,0.576,0,0,1,43.48,0,0
TXN107094,206.52,POS,0.644,928,4,0,0.19,0,1,18,26.11,0,1
TXN107095,512.71,POS,0.572,1319,1,1,0.244,0,0,8,0.49,0,1
TXN107096,40.09,POS,0.422,2998,4,0,0.2,0,0,19,40.28,0,0
TXN107097,141.86,POS,0.582,189,1,1,0.274,0,0,12,54.77,0,0
TXN107098,125.12,POS,0.534,1985,3,0,0.312,0,0,19,3.69,0,0
TXN107099,216.97,ATM,0.945,2875,5,0,0.488,1,0,12,59.72,0,0
TXN107100,512.43,POS,0.838,1344,4,0,0.398,0,0,7,13.45,0,0
TXN107101,39.27,ATM,0.394,1158,2,0,0.128,0,0,18,1.96,0,1
TXN107102,262.38,Bank Transfer,0.571,770,4,1,0.842,0,1,22,24.43,0,0
TXN107103,416.35,Online,0.566,1585,4,2,0.843,0,0,17,17.61,0,0
TXN107104,123.18,Online,0.511,2259,6,0,0.434,1,0,9,30.52,0,0
TXN107105,129.35,POS,0.058,2125,7,1,0.909,0,0,15,20.51,0,0
TXN107106,225.53,Online,0.713,3108,1,0,0.971,0,0,23,14.93,0,0
TXN107107,209.52,POS,0.731,32,3,0,0.442,0,0,21,80.82,1,1
TXN107108,265.7,POS,0.484,1089,5,2,0.706,0,0,2,7.6,0,0
TXN107109,260.16,Online,0.902,1311,5,0,0.873,0,0,23,28.55,1,0
TXN107110,55.59,POS,0.984,1446,0,0,0.807,0,0,13,4.65,0,0
TXN107111,399.52,POS,0.813,2662,4,0,0.311,0,1,1,41.33,0,1
TXN107112,476.65,Online,0.928,395,4,0,0.6,0,0,7,7.99,0,1
TXN107113,178.77,Online,0.488,1065,4,0,0.485,0,0,22,86.97,0,1
TXN107114,33.31,POS,0.914,227,1,0,0.357,0,0,22,20.07,0,0
TXN107115,132.32,POS,0.935,2095,3,1,0.668,0,0,8,11.62,0,0
TXN107116,180.26,POS,0.624,3520,8,1,0.107,0,0,16,20.11,0,1
TXN107117,47.25,Online,0.151,3567,6,0,0.247,0,0,18,19.84,0,0
TXN107118,103.53,Online,0.152,203,2,0,0.191,0,0,0,32.76,0,0
TXN107119,36.26,POS,0.472,457,3,1,0.995,1,0,15,5.98,0,0
TXN107120,272.41,Online,0.736,2096,2,0,0.239,0,0,3,17.54,0,0
TXN107121,175.2,Bank Transfer,0.501,1001,3,1,0.848,0,0,8,30.1,0,0
TXN107122,28.62,Online,0.8,866,1,0,0.877,0,0,16,16.55,0,0
TXN107123,210.92,Online,0.77,2505,4,1,0.552,0,0,20,43.44,0,0
TXN107124,140.26,Online,0.204,1143,3,0,0.149,0,0,21,46.76,0,0
TXN107125,248.74,Bank Transfer,0.133,2196,2,2,0.785,0,0,2,54.33,0,0
TXN107126,100.33,Bank Transfer,0.706,170,5,1,0.634,0,0,10,62.79,0,0
TXN107127,66.59,POS,0.32,3570,4,1,0.678,0,0,5,17.73,1,0
TXN107128,68.66,POS,0.931,335,2,2,0.603,1,0,19,88.96,0,1
TXN107129,86.65,POS,0.869,155,10,1,0.401,0,0,18,19.78,0,0
TXN107130,151.23,ATM,0.451,1542,3,1,0.994,1,0,4,35.54,0,0
TXN107131,172.08,POS,0.581,3208,4,1,0.723,0,0,12,11.66,1,0
TXN107132,122.64,Bank Transfer,0.847,2340,4,2,0.738,0,0,15,30.22,1,0
TXN107133,97.19,POS,0.871,1798,2,0,0.596,0,1,2,11.47,0,1
TXN107134,104.44,Online,0.557,1032,3,1,0.153,0,0,10,47.42,0,0
TXN107135,1822.06,POS,0.972,851,3,0,0.629,0,0,15,78.41,0,0
TXN107136,68.67,Online,0.521,2394,1,1,0.529,0,0,15,21.05,1,0
TXN107137,84.95,Online,,1852,1,1,0.474,0,0,9,11.22,0,0
TXN107138,3999.22,ATM,0.563,2248,4,0,0.519,0,0,19,30.11,2,0
TXN107139,226.11,Online,0.777,1522,5,1,0.867,0,0,1,6.4,0,0
TXN107140,37.34,Online,0.985,1118,1,0,0.877,0,0,9,26.78,0,0
TXN107141,344.7,ATM,0.105,679,2,0,0.88,0,0,1,6.87,0,1
TXN107142,59.74,Bank Transfer,0.441,1087,1,0,0.612,0,0,12,11.74,0,0
TXN107143,368.36,ATM,0.587,824,7,0,0.773,0,0,2,18.39,0,1
TXN107144,120.19,ATM,0.881,1795,6,0,0.342,0,0,6,2.53,0,0
TXN107145,95.6,Online,0.716,1073,2,2,0.239,0,0,8,5.65,0,0
TXN107146,741.86,Bank Transfer,0.231,2910,1,2,0.667,1,0,7,6.78,0,0
TXN107147,261.49,Online,0.859,2028,2,1,0.913,0,1,14,47.73,0,1
TXN107148,392.68,Bank Transfer,0.664,1136,2,0,0.708,0,0,0,35.87,0,0
TXN107149,229.27,ATM,0.895,330,2,0,0.933,0,0,16,53.17,0,0
TXN107150,95.16,POS,0.834,471,3,0,0.496,0,0,22,11.99,0,0
TXN107151,273.51,POS,0.129,351,4,0,0.475,0,0,15,43.67,0,0
TXN107152,497.31,ATM,0.96,1194,6,0,0.892,0,1,1,21.43,0,1
TXN107153,169.82,Online,0.454,1230,4,0,0.613,0,1,2,52.7,0,1
TXN107154,899.32,Online,0.983,208,3,0,0.314,0,0,6,10.77,0,0
TXN107155,347.4,Bank Transfer,0.187,2590,3,1,,0,0,19,4.36,0,0
TXN107156,183.46,Online,0.793,1944,0,0,0.333,0,0,8,72.03,0,0
TXN107157,190.85,POS,0.305,3571,2,0,0.104,0,0,19,20.1,2,0
TXN107158,170.24,Online,0.045,3242,0,0,0.989,0,0,19,24.96,1,0
TXN107159,42.47,POS,0.994,73,2,0,0.242,0,0,7,55.97,0,0
TXN107160,135.63,Online,0.304,2563,1,0,0.245,0,1,18,11.95,0,0
TXN107161,185.15,Bank Transfer,0.081,3549,3,0,0.75,0,1,18,85.35,0,0
TXN107162,97.9,POS,0.86,2931,5,1,0.951,0,0,16,29.61,0,0
TXN107163,208.03,ATM,0.432,2513,2,1,0.25,1,0,4,9.89,0,0
TXN107164,151.61,ATM,0.576,534,4,0,0.298,0,1,17,12.57,0,0
TXN107165,321.72,POS,0.985,3291,4,0,0.413,0,0,3,57.21,0,0
TXN107166,288.04,ATM,0.481,3005,3,0,0.543,1,0,5,15.67,0,0
TXN107167,175.41,ATM,0.067,1971,3,0,0.169,0,0,11,135.26,0,0
TXN107168,37.82,Online,0.691,3365,2,0,0.139,0,0,18,29.23,0,0
TXN107169,889.56,POS,0.711,1705,3,0,0.102,0,0,2,19.02,0,0
TXN107170,128.78,POS,0.194,1959,5,0,0.997,0,0,17,42.47,0,0
TXN107171,136.88,Online,0.545,2872,2,1,0.686,0,0,13,,0,0
TXN107172,105.37,POS,0.369,2637,3,0,0.911,0,0,8,9.91,0,0
TXN107173,91.07,POS,0.05,2025,5,0,0.792,0,0,12,19.14,0,0
TXN107174,695.1,Bank Transfer,0.312,2865,7,1,0.916,0,0,18,61.48,0,0
TXN107175,593.5,ATM,0.91,3278,2,0,0.46,0,0,2,35.02,0,0
TXN107176,231.46,ATM,0.3,2378,2,0,0.827,0,0,12,69.78,0,0
TXN107177,133.29,Bank Transfer,0.223,3262,2,1,0.977,0,0,16,36.13,0,0
TXN107178,275.65,POS,0.941,1517,4,0,0.563,0,1,20,52.3,0,0
TXN107179,159.78,POS,0.382,1950,7,1,0.828,0,1,12,67.94,0,0
TXN107180,122.7,Online,0.941,2377,4,0,0.967,0,0,3,133.3,0,0
TXN107181,208.12,Online,0.88,2107,1,0,0.761,0,1,2,33.01,0,0
TXN107182,95.47,POS,0.47,676,5,0,0.11,0,0,23,61.65,1,0
TXN107183,191.0,ATM,0.385,1681,2,0,0.82,0,0,14,4.08,0,0
TXN107184,182.04,POS,0.138,517,4,1,0.197,0,0,16,43.63,0,0
TXN107185,271.22,Online,0.191,2525,3,0,0.95,0,0,10,28.99,0,1
TXN107186,79.91,Online,0.232,2921,3,0,0.888,0,0,19,5.39,0,0
TXN107187,301.91,Online,0.47,2500,8,0,0.39,0,1,14,99.41,0,1
TXN107188,59.96,POS,0.372,3161,2,0,0.671,1,1,17,38.99,0,0
TXN107189,83.72,POS,0.8,2385,3,0,0.973,0,0,14,24.53,0,1
TXN107190,87.45,Bank Transfer,0.297,1402,0,0,0.395,0,0,4,77.02,0,0
TXN107191,50.8,Bank Transfer,0.425,255,3,0,0.777,0,0,9,5.73,0,0
TXN107192,409.8,Online,0.123,150,5,0,0.394,0,1,17,27.18,0,1
TXN107193,56.31,POS,0.271,3518,1,1,0.559,0,0,3,2.61,0,0
TXN107194,73.78,Online,0.783,2850,2,0,0.945,1,0,21,29.56,0,1
TXN107195,520.82,POS,0.707,1244,4,0,0.516,0,0,15,6.49,0,0
TXN107196,83.88,POS,0.402,3489,4,0,0.117,0,0,9,20.14,0,0
TXN107197,122.96,POS,0.577,921,5,0,0.556,0,0,23,39.32,0,0
TXN107198,53.95,POS,0.458,2825,3,1,0.389,0,0,19,72.31,0,0
TXN107199,341.36,POS,0.895,793,6,0,0.87,0,0,11,22.86,0,1
TXN107200,346.1,POS,0.395,2599,3,1,0.824,0,0,16,16.16,0,0
TXN107201,310.74,ATM,0.722,280,1,1,0.796,0,0,18,36.85,0,0
TXN107202,254.05,Online,0.219,2502,4,0,0.728,0,0,13,21.33,0,0
TXN107203,159.75,Online,0.434,1684,3,1,0.988,0,0,22,40.47,0,0
TXN107204,87.85,POS,0.529,2138,3,0,0.357,0,1,2,40.97,0,1
TXN107205,65.7,Bank Transfer,0.105,180,7,0,0.177,0,0,15,39.7,0,0
TXN107206,539.1,POS,0.587,1368,5,0,0.724,0,0,15,46.44,0,0
TXN107207,318.88,POS,0.575,612,2,0,0.672,0,0,4,54.55,0,0
TXN107208,74.19,Online,0.159,2261,3,0,0.431,0,0,19,32.55,1,0
TXN107209,154.44,Online,0.999,49,1,1,0.117,0,1,16,23.39,0,1
TXN107210,109.93,ATM,0.092,3305,3,0,0.433,0,1,19,40.54,0,0
TXN107211,48.03,Online,0.895,662,1,0,0.251,0,0,7,17.95,0,0
TXN107212,177.27,POS,0.492,1918,2,0,0.236,1,1,16,2.58,1,0
TXN107213,97.95,POS,0.223,3632,2,0,0.893,0,0,4,13.55,0,0
TXN107214,57.25,Online,0.113,1513,3,0,0.553,0,0,13,47.6,0,0
TXN107215,33.81,POS,0.699,1990,4,0,0.563,0,0,15,28.53,0,0
TXN107216,31.07,POS,0.754,3504,2,0,0.229,0,0,19,77.83,0,0
TXN107217,102.37,POS,0.673,273,2,0,0.941,0,0,16,36.48,0,0
TXN107218,136.31,Bank Transfer,0.42,2065,3,1,0.434,0,0,7,21.84,0,0
TXN107219,61.85,POS,0.173,2072,5,0,0.629,0,0,21,25.52,2,0
TXN107220,284.5,POS,0.79,2649,1,0,0.171,0,0,9,18.18,1,0
TXN107221,139.0,Bank Transfer,0.871,2204,2,0,0.583,0,0,16,25.04,0,0
TXN107222,264.25,ATM,0.392,1768,4,1,0.174,0,0,10,6.36,0,0
TXN107223,123.6,Online,0.841,2012,1,2,0.499,0,1,12,45.98,0,0
TXN107224,67.55,Online,0.636,1061,7,1,0.882,0,0,14,31.17,0,1
TXN107225,166.35,POS,0.527,1246,4,0,0.142,0,0,15,28.52,0,1
TXN107226,41.99,ATM,0.611,3468,3,1,0.458,0,0,1,6.38,0,0
TXN107227,254.54,POS,0.108,2409,2,0,0.328,0,0,23,27.81,0,0
TXN107228,58.14,Bank Transfer,0.125,2500,4,0,0.273,0,0,6,15.72,0,0
TXN107229,371.75,POS,0.727,546,3,0,0.459,0,0,14,70.11,0,0
TXN107230,105.8,Online,0.97,1429,1,1,,1,1,23,54.23,0,1
TXN107231,429.46,Online,0.508,824,3,2,0.518,0,0,10,52.36,0,0
TXN107232,48.3,POS,0.054,3463,3,0,0.655,0,0,20,12.44,0,0
TXN107233,75.36,POS,0.068,3630,5,0,0.853,0,0,14,60.08,0,0
TXN107234,217.23,ATM,0.467,1242,4,1,0.206,0,0,4,10.42,0,0
TXN107235,478.42,POS,0.658,1534,5,0,0.408,0,0,17,38.61,0,0
TXN107236,785.73,Bank Transfer,0.155,2509,2,0,0.136,0,0,7,29.73,0,0
TXN107237,154.68,POS,0.033,565,2,0,0.185,0,0,20,26.21,0,0
TXN107238,932.38,Online,0.729,2061,4,1,0.346,1,0,2,10.15,0,1
TXN107239,111.09,Online,0.146,815,3,0,0.648,0,1,4,43.77,0,1
TXN107240,445.31,Online,0.438,1940,1,0,0.494,0,0,12,4.22,0,0
TXN107241,57.85,Online,0.734,2651,1,0,0.273,0,0,2,8.85,0,0
TXN107242,225.92,ATM,0.125,2706,2,0,0.146,0,0,16,0.71,1,0
TXN107243,14.27,Online,0.443,450,3,0,0.538,0,0,11,47.81,0,0
TXN107244,48.35,Online,0.111,1078,3,0,0.134,0,0,15,28.57,0,0
TXN107245,236.67,Online,0.348,1311,1,1,0.267,0,0,18,5.82,0,0
TXN107246,39.95,Online,0.912,2656,3,0,0.153,0,0,10,10.44,0,0
TXN107247,227.45,POS,0.686,1218,4,0,0.616,0,0,2,5.54,0,0
TXN107248,367.4,POS,0.023,1707,4,0,0.239,0,0,18,16.72,0,0
TXN107249,89.9,Online,0.134,855,4,0,0.436,0,0,21,10.84,0,0
TXN107250,56.32,Bank Transfer,0.294,1278,5,0,0.299,0,0,9,27.25,0,0
TXN107251,92.37,POS,0.896,1756,4,0,0.909,0,0,22,5.58,0,0
TXN107252,56.5,Online,0.747,791,7,0,0.672,0,1,17,44.01,0,0
TXN107253,134.13,POS,0.617,428,4,1,0.478,0,0,23,52.03,0,1
TXN107254,164.37,Online,0.153,545,2,0,0.833,0,0,19,97.55,0,0
TXN107255,109.29,ATM,0.929,1682,5,0,0.837,0,0,15,21.89,0,0
TXN107256,791.84,ATM,0.808,623,2,0,0.741,0,0,17,85.02,0,1
TXN107257,72.28,ATM,0.239,148,5,0,0.559,0,0,17,60.0,0,0
TXN107258,596.71,ATM,0.404,3048,3,0,0.568,0,0,0,4.23,0,0
TXN107259,52.39,POS,0.428,3542,1,0,0.828,0,0,8,22.18,0,0
TXN107260,159.62,Online,0.588,1880,3,1,0.233,0,0,8,10.13,0,0
TXN107261,484.49,POS,0.375,2219,1,1,0.603,0,0,21,8.55,2,0
TXN107262,460.06,Bank Transfer,0.21,633,5,0,0.931,0,0,2,24.51,0,0
TXN107263,97.49,ATM,0.667,301,2,0,0.844,0,0,2,36.68,0,0
TXN107264,258.54,POS,0.678,318,6,0,0.494,0,0,11,13.85,0,0
TXN107265,226.15,POS,0.442,720,1,1,0.796,0,0,8,25.86,0,0
TXN107266,86.49,Online,0.487,433,0,0,0.235,0,0,7,22.78,0,0
TXN107267,274.77,Bank Transfer,0.051,2695,3,0,0.918,0,0,22,26.04,0,0
TXN107268,955.75,POS,0.456,2818,1,1,0.562,0,0,3,18.32,0,1
TXN107269,237.86,Online,0.8,2678,3,1,0.814,0,0,12,17.32,0,0
TXN107270,261.48,POS,0.591,1070,1,0,0.575,1,0,20,17.05,1,0
TXN107271,290.66,Online,0.921,1351,4,0,0.652,0,0,17,36.48,1,0
TXN107272,34.43,Online,0.717,1328,0,0,0.45,0,1,13,6.18,1,1
TXN107273,235.15,POS,0.778,567,3,0,0.249,0,0,12,23.24,0,0
TXN107274,53.69,ATM,0.458,1741,3,1,0.568,0,0,17,6.34,0,0
TXN107275,82.28,POS,0.173,1970,4,0,0.988,0,1,0,66.96,0,0
TXN107276,1289.41,ATM,0.912,770,7,0,0.127,0,0,20,36.39,1,1
TXN107277,115.21,POS,0.659,1030,2,0,0.416,0,0,6,43.66,0,0
TXN107278,70.8,Online,0.909,1733,9,0,0.187,0,0,19,10.11,0,0
TXN107279,469.93,POS,0.618,380,1,0,0.719,0,0,5,27.69,0,0
TXN107280,57.53,Online,0.454,2162,1,1,0.395,0,0,21,35.11,0,0
TXN107281,94.88,POS,0.135,1282,3,0,0.984,0,0,4,8.04,0,0
TXN107282,517.52,Online,0.398,2599,5,0,0.254,0,0,14,32.07,0,0
TXN107283,154.9,POS,0.598,2748,2,1,0.519,0,0,10,34.53,0,0
TXN107284,31.14,POS,0.931,1372,3,0,0.988,0,0,23,7.04,0,0
TXN107285,255.7,ATM,0.829,1311,4,0,0.279,0,0,18,15.0,0,0
TXN107286,99.84,Online,0.513,1941,2,1,0.205,0,0,1,26.54,0,0
TXN107287,692.18,Online,0.448,177,4,1,0.69,0,1,11,36.84,0,0
TXN107288,80.95,Online,0.033,726,5,1,0.169,0,0,3,32.15,0,0
TXN107289,424.63,Online,0.351,465,1,0,0.462,0,1,19,4.27,0,1
TXN107290,876.29,Bank Transfer,0.981,1057,4,0,0.357,0,0,16,48.68,0,0
TXN107291,63.37,Online,0.741,2188,4,1,0.539,0,1,6,51.95,0,0
TXN107292,122.34,Bank Transfer,0.525,915,4,0,0.183,0,1,18,12.62,0,1
TXN107293,218.9,Bank Transfer,0.862,1920,3,0,0.898,0,0,8,17.15,0,0
TXN107294,62.97,Online,0.023,2535,3,0,0.171,0,0,17,18.74,0,0
TXN107295,194.47,POS,0.958,2473,1,1,0.929,0,0,19,37.65,0,0
TXN107296,118.52,Online,0.7,1952,3,0,0.819,0,0,5,36.12,1,0
TXN107297,116.16,ATM,0.013,2099,5,0,0.859,0,0,17,26.32,1,0
TXN107298,155.86,POS,0.706,1630,3,1,0.747,0,0,1,23.21,0,1
TXN107299,159.38,POS,0.083,1829,2,0,0.978,1,1,0,43.89,0,0
TXN107300,174.84,POS,0.64,2907,2,0,0.821,0,0,8,13.67,1,0
TXN107301,81.55,ATM,0.301,1749,2,0,0.479,0,0,11,10.76,0,0
TXN107302,85.19,Online,0.212,1303,1,0,0.84,0,0,7,21.45,0,0
TXN107303,131.82,POS,0.628,3510,4,0,0.948,0,0,1,7.14,1,0
TXN107304,141.92,Online,0.434,3349,4,1,0.878,0,1,16,48.06,0,0
TXN107305,95.69,ATM,0.065,3151,2,0,0.669,0,0,18,21.62,0,0
TXN107306,205.19,Bank Transfer,0.822,3001,4,0,0.926,0,0,20,45.78,0,0
TXN107307,24.17,POS,0.266,1416,2,0,0.601,0,0,11,31.65,0,0
TXN107308,71.49,POS,0.618,3503,5,0,0.293,0,0,23,46.17,0,0
TXN107309,112.18,POS,0.609,2395,1,1,0.258,0,0,15,24.0,0,0
TXN107310,63.05,Online,0.056,3254,5,0,0.729,0,0,16,62.08,0,0
TXN107311,756.87,POS,0.997,103,2,0,0.416,0,0,9,97.42,0,1
TXN107312,151.24,POS,0.448,416,5,0,0.183,0,0,22,45.45,0,0
TXN107313,177.11,ATM,0.205,105,4,0,0.162,0,0,0,16.16,0,0
TXN107314,91.54,Online,0.437,3639,3,0,0.215,0,0,14,66.36,0,0
TXN107315,146.09,POS,0.603,1183,1,1,0.796,0,1,3,10.05,0,0
TXN107316,44.02,Online,0.003,171,6,1,0.14,0,0,5,44.41,0,0
TXN107317,125.23,POS,0.3,2762,5,0,0.794,0,1,5,8.55,0,0
TXN107318,58.15,POS,0.536,2895,2,0,0.104,0,0,23,21.94,0,0
TXN107319,112.46,Online,0.694,3380,4,0,0.169,0,0,1,19.65,0,0
TXN107320,11.47,POS,0.313,2125,5,0,0.885,0,0,5,34.12,0,0
TXN107321,48.04,POS,0.404,2502,4,0,0.843,0,0,7,7.36,0,0
TXN107322,641.58,Bank Transfer,0.221,2266,4,0,0.626,0,0,4,24.21,0,0
TXN107323,340.49,Bank Transfer,0.293,2587,2,0,0.303,0,0,7,44.7,0,0
TXN107324,555.04,POS,0.687,1902,3,0,0.143,0,0,13,71.45,0,1
TXN107325,594.5,Online,0.337,146,5,0,0.448,0,0,18,30.98,0,0
TXN107326,290.9,POS,0.28,635,5,0,0.806,0,1,14,65.13,0,1
TXN107327,94.36,ATM,0.299,3397,0,0,0.589,1,0,6,9.66,0,0
TXN107328,52.6,Bank Transfer,0.613,205,3,1,0.835,0,0,18,2.74,0,0
TXN107329,467.19,Online,0.561,344,4,0,0.71,0,1,21,10.97,0,0
TXN107330,158.31,Online,0.407,2927,1,0,0.909,0,0,3,5.38,0,0
TXN107331,1797.27,POS,0.632,3457,6,0,0.785,0,0,6,43.35,0,0
TXN107332,103.02,POS,0.643,1647,3,0,0.258,0,0,3,44.31,0,0
TXN107333,1067.31,Online,0.013,542,3,1,0.298,0,0,9,29.67,0,1
TXN107334,126.88,POS,0.339,2160,2,1,0.367,1,0,9,44.57,0,0
TXN107335,564.56,Online,0.244,150,2,0,0.339,0,0,4,25.07,0,0
TXN107336,809.72,Online,0.829,1334,7,0,0.221,0,0,10,24.14,0,1
TXN107337,53.36,POS,0.275,2070,3,0,0.814,0,0,16,54.21,0,0
TXN107338,91.38,Online,0.317,3217,1,1,0.369,0,0,18,19.5,0,0
TXN107339,52.83,ATM,0.538,441,2,1,0.555,0,0,5,33.78,0,0
TXN107340,43.38,Online,0.547,2226,6,1,0.951,0,0,15,43.25,0,0
TXN107341,289.19,Online,0.811,134,2,1,0.366,0,0,7,52.56,0,0
TXN107342,121.92,ATM,0.388,1714,1,0,0.645,0,0,3,32.67,0,0
TXN107343,156.39,POS,0.281,2447,2,0,0.56,0,0,18,21.0,0,0
TXN107344,258.85,Online,0.608,160,1,0,0.906,0,0,7,18.96,0,0
TXN107345,23.16,Online,0.728,2702,2,1,0.954,0,0,13,,0,0
TXN107346,537.41,POS,0.993,3597,2,0,0.986,0,1,23,19.23,0,1
TXN107347,104.68,Bank Transfer,0.618,1090,4,0,0.313,0,0,10,21.37,0,0
TXN107348,252.75,Online,0.491,2770,6,0,0.939,0,0,16,31.67,0,0
TXN107349,276.09,POS,0.133,1961,0,0,0.864,0,0,22,36.19,0,0
TXN107350,584.52,POS,0.987,3353,2,1,0.557,0,0,12,34.45,0,0
TXN107351,133.64,Bank Transfer,0.685,2151,6,0,0.638,0,0,9,30.59,0,0
TXN107352,17.75,ATM,0.165,2936,4,0,0.109,0,0,20,19.21,0,0
TXN107353,157.14,POS,0.46,612,8,1,0.887,0,0,16,18.81,0,0
TXN107354,181.4,Online,0.56,955,6,0,0.312,0,0,15,57.44,0,0
TXN107355,52.76,POS,0.217,1623,6,1,0.558,1,0,17,38.13,0,0
TXN107356,172.0,Online,0.732,3301,2,0,0.709,0,0,5,1.94,0,0
TXN107357,103.44,Online,0.65,2335,4,0,0.824,0,1,21,4.05,0,0
TXN107358,38.75,POS,0.234,797,6,2,0.816,0,0,23,13.51,0,1
TXN107359,290.47,Online,0.99,3236,8,1,0.675,0,0,8,39.03,0,0
TXN107360,84.46,Bank Transfer,0.949,2269,1,0,0.379,0,0,19,14.12,0,1
TXN107361,98.85,POS,0.266,1546,3,0,0.858,0,0,8,34.49,0,0
TXN107362,93.45,POS,0.442,1420,5,1,0.364,0,0,15,11.17,0,1
TXN107363,510.54,Bank Transfer,0.895,2561,3,0,0.853,0,0,1,42.73,0,1
TXN107364,142.46,POS,0.406,3220,2,0,0.346,0,1,15,38.06,1,1
TXN107365,160.63,Online,0.955,1846,1,1,0.466,0,0,4,3.1,0,0
TXN107366,95.52,Online,0.2,3085,4,0,0.443,0,0,8,73.13,0,1
TXN107367,235.77,POS,0.724,2589,4,0,0.725,0,1,7,16.2,0,0
TXN107368,572.1,POS,0.6,297,0,0,0.687,1,1,13,4.78,0,1
TXN107369,283.68,POS,0.346,2886,1,0,0.311,0,0,7,21.97,0,0
TXN107370,294.97,POS,0.718,2059,2,1,0.379,0,0,0,40.78,0,0
TXN107371,272.12,Online,0.024,1950,5,0,0.763,0,0,1,8.64,0,0
TXN107372,37.33,ATM,0.231,2248,1,0,0.167,0,0,14,27.27,0,0
TXN107373,61.8,POS,0.261,251,6,0,0.912,0,0,2,19.56,0,0
TXN107374,120.91,Online,0.117,3314,4,0,0.896,0,0,3,8.55,1,0
TXN107375,71.82,Online,0.034,3198,1,0,0.116,0,0,6,26.43,0,0
TXN107376,51.19,POS,0.353,3644,4,0,0.791,0,0,2,10.49,1,0
TXN107377,22.82,Online,0.218,2205,4,0,0.103,0,0,7,17.67,0,0
TXN107378,38.61,POS,0.133,897,4,0,0.377,0,0,19,11.85,0,0
TXN107379,114.83,Online,0.157,2204,1,1,0.34,0,0,0,14.59,0,0
TXN107380,138.46,POS,0.826,1050,4,0,0.81,0,0,14,20.43,0,0
TXN107381,67.15,Online,0.095,1874,1,0,0.228,1,0,14,14.37,0,0
TXN107382,160.6,Bank Transfer,0.725,2930,4,2,,0,0,12,15.07,0,1
TXN107383,96.17,POS,0.054,659,8,0,0.758,0,0,5,19.99,0,0
TXN107384,441.67,Bank Transfer,0.041,1676,3,0,0.128,0,1,15,11.3,0,0
TXN107385,126.26,POS,0.442,1789,2,1,0.35,0,1,10,6.28,0,0
TXN107386,297.77,POS,0.382,3395,2,0,1.0,0,1,20,8.48,0,0
TXN107387,181.86,POS,0.546,1973,1,0,0.87,0,0,17,26.58,0,0
TXN107388,36.52,ATM,0.703,1264,2,0,0.689,0,0,16,,0,0
TXN107389,135.55,Online,0.31,1419,2,0,0.488,0,0,5,5.26,0,0
TXN107390,43.14,Bank Transfer,0.194,1127,3,0,0.767,0,0,4,14.46,0,0
TXN107391,133.2,Online,0.822,569,1,0,0.473,0,0,16,8.9,1,0
TXN107392,70.45,Online,0.165,2601,6,0,0.166,0,0,10,21.38,0,0
TXN107393,217.45,Bank Transfer,0.798,2789,3,0,0.553,0,0,20,34.68,0,0
TXN107394,38.77,Bank Transfer,0.587,749,5,2,0.686,0,0,11,55.0,0,0
TXN107395,150.61,ATM,0.289,1682,2,1,0.62,0,0,23,18.13,1,0
TXN107396,263.07,Online,0.314,2755,4,1,0.567,0,0,4,81.35,0,1
TXN107397,367.82,ATM,0.371,2566,3,0,0.984,0,1,13,9.71,0,0
TXN107398,69.12,POS,0.591,319,3,1,0.104,1,0,19,15.71,0,0
TXN107399,151.07,Bank Transfer,0.98,200,2,0,0.454,0,0,9,11.8,0,0
TXN107400,178.42,Bank Transfer,0.318,287,3,0,0.237,0,0,0,37.06,0,1
TXN107401,697.24,Online,0.942,1855,0,1,0.444,0,0,8,19.25,0,1
TXN107402,33.74,POS,0.205,3338,2,0,0.418,0,0,13,42.45,0,0
TXN107403,59.67,POS,,297,3,0,0.141,0,0,8,24.17,1,0
TXN107404,2451.52,Bank Transfer,0.532,2567,2,1,0.228,0,0,21,39.96,0,1
TXN107405,112.95,Bank Transfer,0.976,2685,5,0,0.79,0,0,6,17.76,0,0
TXN107406,22.4,ATM,0.485,3518,2,1,0.465,0,0,14,2.93,0,0
TXN107407,82.88,Bank Transfer,0.8,2133,2,1,0.919,0,0,13,10.7,0,0
TXN107408,9.31,Online,0.473,3486,1,0,0.996,0,0,1,40.32,0,0
TXN107409,188.84,Bank Transfer,0.85,1664,4,0,0.895,0,0,5,31.73,0,0
TXN107410,333.55,POS,0.813,990,1,0,0.684,0,0,12,34.4,0,0
TXN107411,59.64,POS,0.686,3551,2,0,0.602,0,0,4,34.66,0,0
TXN107412,92.69,Online,0.615,1917,3,0,0.763,0,0,19,12.82,2,0
TXN107413,373.78,POS,0.518,1210,3,1,0.107,0,0,1,0.92,0,1
TXN107414,25.78,Online,0.957,2358,2,1,0.205,0,0,22,104.23,0,1
TXN107415,39.58,ATM,0.557,1560,7,1,0.138,0,1,17,25.06,0,1
TXN107416,118.14,POS,0.337,2736,1,0,0.831,0,0,5,29.95,1,0
TXN107417,69.94,ATM,0.882,2699,2,1,0.235,0,0,13,32.68,0,0
TXN107418,110.62,POS,0.66,97,4,2,0.927,0,0,15,23.85,0,0
TXN107419,41.94,ATM,0.558,1930,2,1,0.641,0,0,15,17.19,0,0
TXN107420,183.89,POS,0.682,3123,4,0,0.997,0,0,23,47.48,0,0
TXN107421,127.84,ATM,0.349,2413,8,1,0.752,0,0,19,11.68,0,0
TXN107422,257.03,Online,0.421,2637,4,2,0.179,0,0,21,11.15,0,0
TXN107423,181.34,Online,0.196,3564,5,1,0.539,0,1,17,21.54,0,0
TXN107424,182.49,POS,0.855,1274,5,0,0.255,0,0,22,3.7,0,0
TXN107425,34.94,POS,0.666,2548,7,0,0.172,0,1,11,4.04,0,1
TXN107426,242.89,POS,0.824,137,3,0,0.638,0,0,4,32.68,0,0
TXN107427,106.61,POS,0.317,575,4,0,0.422,0,1,4,42.57,0,0
TXN107428,125.64,POS,0.995,2556,4,0,0.507,0,0,1,39.82,0,0
TXN107429,423.38,ATM,0.357,787,2,0,0.506,0,0,1,10.25,0,1
TXN107430,72.28,POS,0.354,2879,2,2,0.198,0,0,21,54.3,0,0
TXN107431,573.17,POS,0.961,3178,3,1,0.105,0,1,12,3.43,0,1
TXN107432,629.22,POS,0.655,3266,1,0,0.928,0,0,1,19.51,0,0
TXN107433,315.07,Online,0.933,203,6,0,0.417,0,0,4,19.85,0,0
TXN107434,55.67,Online,0.623,1207,0,0,0.16,0,0,1,13.21,0,0
TXN107435,16.67,Online,0.246,1873,2,0,0.434,0,0,14,28.41,0,1
TXN107436,436.52,Online,0.391,87,2,0,0.711,0,0,6,21.22,0,0
TXN107437,165.9,Online,,3309,3,0,0.599,0,0,9,40.67,0,0
TXN107438,70.44,Online,0.489,3524,6,0,0.358,1,0,9,35.47,0,0
TXN107439,479.89,POS,0.709,2839,4,0,0.345,0,0,5,23.48,0,1
TXN107440,62.7,Online,0.167,1035,5,1,0.667,0,0,19,18.72,0,0
TXN107441,97.11,POS,0.4,448,3,1,0.445,0,0,14,44.08,0,1
TXN107442,250.86,ATM,0.839,3022,4,0,0.645,0,0,14,43.95,0,1
TXN107443,48.73,Online,0.941,2710,4,1,0.317,0,0,16,5.01,0,0
TXN107444,133.02,Online,0.324,3453,6,0,0.415,0,0,20,20.73,0,0
TXN107445,441.04,Online,0.173,1413,2,0,0.849,0,1,9,28.35,0,0
TXN107446,183.3,Bank Transfer,0.023,639,4,0,0.599,0,1,9,12.43,1,0
TXN107447,516.68,Online,0.127,3292,5,0,0.454,1,0,8,7.02,0,0
TXN107448,461.09,Online,0.836,419,4,0,0.288,0,0,18,20.61,0,1
TXN107449,149.57,Bank Transfer,0.456,2103,2,0,0.645,0,0,7,14.81,0,0
TXN107450,14.34,Online,0.292,1736,1,0,0.464,0,0,15,44.45,0,0
TXN107451,49.12,Online,0.776,2016,5,2,0.39,1,0,2,6.52,0,0
TXN107452,318.41,POS,0.793,1486,2,0,0.676,0,0,20,12.66,0,1
TXN107453,31.49,POS,0.362,61,7,0,0.63,0,0,19,27.35,0,0
TXN107454,107.05,ATM,0.901,2280,1,0,0.292,0,0,2,48.28,0,0
TXN107455,208.2,POS,0.463,933,6,0,0.791,0,1,4,6.65,0,0
TXN107456,645.21,POS,0.261,454,3,0,0.8,0,0,3,37.17,0,0
TXN107457,83.51,POS,0.9,1524,3,0,0.649,0,0,5,71.04,0,0
TXN107458,77.98,Bank Transfer,0.153,1082,4,1,0.648,0,0,9,41.27,0,0
TXN107459,140.83,Online,0.996,2650,4,1,0.363,0,0,4,33.41,0,1
TXN107460,210.8,Online,0.613,1340,4,0,0.458,0,0,19,17.61,0,0
TXN107461,127.2,Bank Transfer,0.915,1912,6,1,0.873,0,0,18,0.6,0,0
TXN107462,423.8,POS,0.179,1786,3,0,0.854,0,0,2,20.91,0,1
TXN107463,66.74,ATM,0.389,3116,4,0,0.875,0,0,11,11.51,0,0
TXN107464,167.36,ATM,0.873,402,2,1,0.87,0,0,3,52.98,0,0
TXN107465,231.65,Online,0.837,154,4,1,0.857,0,1,0,26.49,0,0
TXN107466,99.46,ATM,0.872,3168,3,1,0.527,0,1,0,6.86,1,1
TXN107467,343.68,Bank Transfer,0.28,1198,2,0,0.414,0,0,5,8.87,0,0
TXN107468,172.25,POS,0.618,2627,5,2,0.962,0,0,3,2.37,0,0
TXN107469,326.64,POS,0.39,2193,3,0,0.786,0,0,6,10.17,0,0
TXN107470,180.21,ATM,0.321,2793,3,0,0.113,0,0,16,6.23,0,0
TXN107471,216.24,Online,0.52,2414,4,1,0.241,0,0,4,45.28,0,1
TXN107472,78.85,Online,0.715,914,1,1,0.716,0,1,13,2.31,0,0
TXN107473,78.98,POS,0.519,1848,4,0,0.787,0,0,10,37.02,0,0
TXN107474,504.92,ATM,0.23,1138,6,0,0.199,0,1,4,22.0,0,1
TXN107475,280.2,ATM,0.807,1473,5,0,0.607,0,0,21,29.56,0,0
TXN107476,53.36,Bank Transfer,0.978,2002,3,0,0.608,0,0,13,14.79,0,1
TXN107477,177.84,Online,0.363,289,5,1,0.466,0,0,0,86.68,0,1
TXN107478,13.82,Bank Transfer,0.849,142,3,0,0.595,0,1,5,23.41,0,0
TXN107479,83.6,Online,0.864,2550,4,0,0.146,0,0,3,25.01,0,0
TXN107480,388.01,Online,0.261,350,5,0,0.471,0,0,9,63.33,0,1
TXN107481,130.96,Online,0.705,3301,1,0,0.255,0,0,8,33.57,0,1
TXN107482,166.99,Online,0.938,2355,2,0,,1,0,18,8.79,0,0
TXN107483,7.27,Online,0.74,2957,2,0,0.596,0,0,10,39.57,0,0
TXN107484,100.26,POS,0.03,1736,5,1,0.103,0,0,16,37.08,0,0
TXN107485,208.15,POS,0.605,2568,4,0,0.965,0,1,4,9.72,0,0
TXN107486,236.34,Online,0.778,702,1,0,0.461,1,0,2,11.87,0,0
TXN107487,388.52,POS,0.618,2325,3,0,0.3,0,0,11,13.12,0,0
TXN107488,120.27,Online,0.029,1154,3,0,0.546,0,1,22,15.58,0,0
TXN107489,125.76,POS,0.12,2824,3,0,0.65,0,0,9,34.85,0,0
TXN107490,39.17,POS,0.802,1359,2,0,0.953,0,0,8,5.56,0,0
TXN107491,120.96,Online,0.488,2841,4,1,0.953,0,0,22,16.35,0,0
TXN107492,42.03,POS,0.958,3266,6,0,0.749,0,0,22,11.98,0,0
TXN107493,23.39,Bank Transfer,0.415,55,1,1,0.776,0,0,0,21.73,0,0
TXN107494,50.14,Bank Transfer,0.822,256,4,0,0.418,0,1,0,4.41,0,0
TXN107495,670.94,Online,0.035,1325,2,1,0.39,0,0,21,44.61,0,0
TXN107496,113.23,Online,0.841,2009,5,0,0.422,0,0,13,30.43,0,0
TXN107497,184.91,POS,0.859,3172,2,0,0.442,0,0,17,13.22,0,0
TXN107498,88.81,ATM,0.362,1620,4,0,0.637,0,0,6,25.21,0,0
TXN107499,24.77,POS,0.309,3109,2,0,0.567,0,0,3,42.01,0,0
TXN107500,378.46,Bank Transfer,0.91,2670,2,1,0.418,0,0,8,12.38,0,1
TXN107501,16.91,Bank Transfer,0.778,2600,1,1,0.79,0,0,11,22.33,1,0
TXN107502,85.22,POS,0.598,3323,3,0,0.983,1,1,13,23.87,0,0
TXN107503,140.52,Online,0.436,1148,5,0,0.587,0,0,21,39.93,0,0
TXN107504,186.88,Online,0.912,2454,5,0,0.417,0,0,5,60.18,0,0
TXN107505,71.77,Online,0.747,2918,7,1,0.778,0,0,5,21.02,1,1
TXN107506,23.62,POS,0.417,3535,3,0,0.27,0,0,6,44.02,0,0
TXN107507,66.61,ATM,0.497,868,2,1,0.639,0,0,12,27.35,0,0
TXN107508,70.19,POS,0.098,2878,1,0,0.354,1,0,10,9.01,0,1
TXN107509,68.5,Bank Transfer,0.811,841,2,0,0.27,0,0,20,14.98,0,0
TXN107510,391.53,Online,0.842,3512,2,0,0.579,1,1,22,33.08,0,0
TXN107511,44.1,Online,0.356,1969,8,0,0.207,0,0,2,28.25,0,0
TXN107512,200.53,Bank Transfer,0.31,3198,2,0,0.587,0,0,10,77.49,0,0
TXN107513,173.87,ATM,0.252,2098,6,0,0.877,0,0,15,27.51,0,0
TXN107514,387.79,Online,0.173,303,1,0,0.764,0,0,19,7.1,0,0
TXN107515,129.91,Online,0.948,1301,3,1,0.672,0,0,4,40.15,0,0
TXN107516,327.38,Online,0.759,2234,7,0,0.165,0,1,20,42.13,0,1
TXN107517,124.93,POS,0.433,2215,4,1,0.179,0,0,1,16.15,0,0
TXN107518,229.15,Bank Transfer,,2021,4,0,0.84,0,0,9,38.52,1,0
TXN107519,33.02,POS,0.139,2596,3,0,0.808,0,0,19,79.48,0,0
TXN107520,10.61,Online,0.71,2119,3,1,0.23,0,0,19,56.68,0,0
TXN107521,216.49,ATM,0.203,682,5,1,0.532,0,1,15,10.54,0,1
TXN107522,228.42,POS,0.348,313,1,0,0.967,0,1,6,22.27,0,0
TXN107523,238.77,Bank Transfer,0.957,1074,2,0,0.822,0,0,20,31.58,0,0
TXN107524,87.8,POS,0.581,528,3,0,0.501,0,1,6,4.55,0,1
TXN107525,658.34,POS,0.808,2563,0,0,0.481,0,1,23,48.22,0,1
TXN107526,93.7,Online,0.104,3567,1,2,0.532,0,0,12,38.67,0,0
TXN107527,226.08,Online,0.33,3386,4,1,0.129,0,0,4,10.4,0,0
TXN107528,268.98,Bank Transfer,0.896,2080,2,0,0.679,0,0,12,41.26,0,0
TXN107529,827.77,Online,0.81,3231,5,1,0.489,0,0,6,42.6,0,0
TXN107530,108.09,POS,0.723,2411,7,0,0.2,0,0,5,31.37,0,1
TXN107531,77.23,POS,0.587,499,3,0,0.112,0,1,0,50.67,0,1
TXN107532,33.18,Online,0.269,2152,4,1,0.652,0,0,10,42.86,0,0
TXN107533,700.9,Online,0.585,2092,5,0,0.635,0,0,14,6.73,0,0
TXN107534,226.2,POS,0.051,2021,1,1,0.793,1,0,7,15.78,0,0
TXN107535,233.47,Online,0.202,2926,5,0,0.21,0,0,8,21.42,1,0
TXN107536,3349.96,Bank Transfer,0.518,3600,4,0,0.157,0,0,7,13.25,0,1
TXN107537,205.42,Online,0.002,889,3,0,0.855,0,0,2,35.98,0,0
TXN107538,40.35,Online,0.232,92,5,1,0.204,0,0,15,2.58,0,0
TXN107539,122.01,POS,0.152,2358,7,2,0.208,0,0,6,10.07,0,0
TXN107540,55.99,ATM,0.346,430,6,0,0.946,0,0,10,37.45,0,0
TXN107541,99.9,POS,0.858,1578,1,0,0.211,0,0,15,32.99,0,1
TXN107542,99.23,Online,0.947,3405,1,0,0.514,0,1,23,50.73,0,1
TXN107543,82.51,POS,0.165,2429,1,1,0.897,0,0,6,119.95,0,0
TXN107544,36.84,POS,0.231,3424,2,0,0.334,0,0,4,28.5,0,0
TXN107545,729.6,POS,0.847,146,1,0,0.503,0,0,9,17.46,0,0
TXN107546,200.11,POS,0.173,2587,4,0,0.98,0,1,13,10.65,0,0
TXN107547,118.45,Bank Transfer,0.741,1162,2,1,0.365,0,0,1,21.35,0,0
TXN107548,316.6,POS,0.085,299,3,0,0.789,0,0,7,20.12,0,0
TXN107549,237.71,Bank Transfer,0.648,1142,5,0,0.672,0,0,4,13.33,0,0
TXN107550,195.53,Online,0.266,3409,4,0,0.749,0,0,11,20.1,0,0
TXN107551,294.42,POS,0.75,1545,4,0,0.437,0,0,11,50.87,0,0
TXN107552,169.68,Online,0.519,3351,5,1,0.745,0,1,16,7.07,0,0
TXN107553,290.1,POS,0.179,444,4,0,,0,0,12,7.83,0,0
TXN107554,315.17,ATM,0.402,2405,3,0,0.884,0,0,11,65.57,0,0
TXN107555,174.64,POS,0.514,1610,7,1,0.355,0,0,5,11.69,0,0
TXN107556,119.06,Bank Transfer,0.996,1114,3,0,0.174,0,0,8,39.27,0,0
TXN107557,685.67,POS,0.48,1990,1,0,0.393,0,0,20,31.98,0,0
TXN107558,92.03,POS,0.151,2253,6,0,0.772,0,0,13,23.24,1,0
TXN107559,219.49,POS,0.555,126,4,1,0.563,0,0,23,16.73,0,0
TXN107560,224.51,Online,0.22,2396,6,0,0.58,0,0,2,13.14,1,0
TXN107561,80.68,Online,0.88,1119,2,0,0.235,1,0,18,30.98,0,0
TXN107562,66.17,Bank Transfer,0.834,2939,6,0,0.24,0,0,5,38.29,0,0
TXN107563,104.18,POS,0.129,671,2,0,0.237,0,0,0,23.76,0,0
TXN107564,90.72,POS,0.588,1064,3,0,0.505,0,0,17,26.53,1,0
TXN107565,34.53,ATM,0.697,3549,4,0,0.582,0,1,11,32.81,0,0
TXN107566,77.36,Online,0.252,924,5,0,0.95,0,1,11,10.18,0,0
TXN107567,193.68,ATM,0.626,501,3,0,0.381,0,0,4,11.8,1,0
TXN107568,526.34,Online,0.463,2022,3,1,0.191,1,0,21,6.63,0,1
TXN107569,258.37,ATM,0.482,2301,4,1,0.513,0,1,16,80.09,0,0
TXN107570,11.03,POS,0.551,2081,3,0,0.579,0,0,14,15.84,0,0
TXN107571,281.83,Bank Transfer,0.57,1484,4,1,0.636,0,0,2,30.47,0,0
TXN107572,84.93,POS,0.71,418,2,0,0.889,0,0,8,13.28,0,0
TXN107573,233.48,ATM,0.452,1070,5,0,0.489,0,0,3,23.11,0,0
TXN107574,146.33,POS,0.723,234,3,0,0.143,0,0,14,19.67,0,0
TXN107575,122.4,ATM,0.486,3121,2,0,0.903,0,1,1,19.5,0,0
TXN107576,133.99,Bank Transfer,0.663,969,2,0,0.461,0,0,12,29.7,0,0
TXN107577,145.12,Bank Transfer,0.263,2433,3,0,0.12,0,0,12,64.72,0,0
TXN107578,569.3,Online,0.542,972,2,2,0.358,0,0,21,11.82,0,0
TXN107579,145.52,Online,0.468,2275,3,0,0.51,0,0,2,11.26,0,0
TXN107580,439.46,ATM,0.302,360,0,0,0.943,0,0,23,43.6,0,0
TXN107581,379.9,Online,0.062,369,4,0,0.14,0,0,16,61.19,0,1
TXN107582,289.18,Online,0.51,1174,5,0,0.886,0,0,13,40.76,0,0
TXN107583,24.86,POS,0.01,967,5,1,0.182,0,0,2,29.59,0,0
TXN107584,453.34,Online,0.39,1195,4,0,0.689,1,1,0,32.54,0,0
TXN107585,93.89,POS,0.371,1030,3,0,0.236,0,0,9,13.82,1,0
TXN107586,303.6,Online,0.634,2542,5,0,0.407,0,1,20,15.13,0,1
TXN107587,56.12,POS,0.987,1602,6,1,0.874,0,1,20,54.33,0,0
TXN107588,45.37,Online,0.858,587,3,0,0.636,0,0,13,78.97,0,1
TXN107589,1071.04,ATM,0.975,3365,5,1,0.855,0,0,7,30.18,0,0
TXN107590,57.0,Online,0.951,2328,1,0,0.327,0,1,21,14.97,0,0
TXN107591,466.9,Bank Transfer,0.074,1491,2,2,0.532,1,0,12,76.76,0,0
TXN107592,167.07,POS,0.282,1874,1,0,0.285,0,0,4,26.45,0,0
TXN107593,97.5,Online,0.297,1217,1,0,0.867,0,0,13,66.61,0,0
TXN107594,141.91,Online,0.071,1452,4,0,0.599,0,0,17,12.39,0,0
TXN107595,40.4,Online,0.847,286,4,0,0.577,1,0,14,28.53,0,0
TXN107596,146.39,Online,0.895,3038,3,0,0.357,0,0,20,23.49,0,0
TXN107597,50.26,POS,0.605,1423,5,0,0.195,0,0,6,6.78,0,0
TXN107598,99.94,Online,0.891,2550,2,0,0.574,0,0,13,42.53,0,0
TXN107599,374.39,POS,0.714,219,2,1,0.238,0,1,4,24.79,0,1
TXN107600,191.37,Online,0.441,361,6,0,0.166,0,0,0,,0,0
TXN107601,33.71,ATM,0.15,1352,5,0,0.743,0,0,20,98.71,0,0
TXN107602,347.75,POS,0.958,167,3,0,0.74,0,0,23,13.52,0,0
TXN107603,147.36,Online,0.692,3533,5,0,0.136,0,0,22,16.12,0,0
TXN107604,86.3,Online,0.354,171,4,0,0.837,0,0,17,17.14,0,0
TXN107605,313.15,ATM,0.129,2042,1,0,0.922,0,0,22,45.96,0,0
TXN107606,125.56,POS,0.799,1300,4,0,0.885,0,0,1,11.42,0,0
TXN107607,46.26,Online,0.802,786,2,0,0.293,0,0,1,23.04,0,0
TXN107608,941.82,ATM,0.543,538,3,0,0.786,0,1,5,5.0,0,0
TXN107609,145.87,Online,1.0,1113,3,0,0.714,0,0,5,12.79,0,1
TXN107610,136.81,ATM,0.386,215,1,0,0.702,0,1,11,72.41,0,1
TXN107611,98.98,POS,0.942,2097,0,0,0.181,0,0,16,17.82,0,0
TXN107612,482.98,Bank Transfer,0.63,879,1,0,0.484,0,0,7,70.75,1,0
TXN107613,87.81,POS,0.736,99,2,0,0.106,0,0,4,29.1,0,0
TXN107614,31.66,POS,0.917,447,1,1,0.982,0,0,13,57.02,0,0
TXN107615,75.29,Online,0.831,3286,4,0,0.316,0,0,20,11.74,0,0
TXN107616,559.35,Online,0.289,897,3,0,0.964,0,0,22,20.53,0,0
TXN107617,341.09,Online,0.867,2122,2,0,0.793,0,0,20,19.19,0,0
TXN107618,115.01,POS,0.54,1512,2,0,0.29,0,1,16,22.83,0,0
TXN107619,585.96,POS,0.045,1812,1,0,0.485,0,0,4,36.44,0,0
TXN107620,313.54,ATM,0.674,3121,3,0,0.638,0,0,3,71.86,0,0
TXN107621,113.68,POS,0.5,2622,4,1,0.138,0,0,17,55.13,0,0
TXN107622,125.72,ATM,0.537,2024,3,1,0.599,0,0,6,9.03,0,0
TXN107623,206.3,Online,0.412,754,2,0,0.414,1,0,8,49.11,0,1
TXN107624,64.59,POS,0.064,3106,2,0,0.174,0,0,12,56.65,0,0
TXN107625,149.08,Online,0.18,108,2,0,0.725,0,0,17,8.02,0,0
TXN107626,202.05,Bank Transfer,0.756,2048,6,0,0.61,0,0,22,26.02,1,0
TXN107627,27.47,ATM,0.234,2257,3,0,0.831,0,0,14,8.49,0,0
TXN107628,122.82,POS,0.628,3454,5,0,0.911,0,0,12,39.34,1,0
TXN107629,109.61,Online,0.542,609,5,0,0.276,0,0,4,3.37,1,1
TXN107630,414.91,Bank Transfer,0.221,1075,1,0,0.691,0,0,16,11.27,0,0
TXN107631,23.46,Online,0.281,74,6,0,0.388,0,1,16,27.82,0,0
TXN107632,101.34,POS,0.384,924,2,0,0.605,0,0,13,26.25,0,0
TXN107633,91.67,POS,0.88,3392,1,1,0.238,0,0,8,13.04,1,1
TXN107634,387.64,Online,0.941,61,6,0,0.324,0,0,23,15.85,0,1
TXN107635,142.09,ATM,0.387,2884,3,0,0.831,0,0,11,31.22,0,0
TXN107636,894.35,Bank Transfer,0.046,3414,3,0,0.288,0,0,19,54.4,0,0
TXN107637,287.78,Bank Transfer,0.601,443,3,0,0.45,0,0,6,5.32,1,0
TXN107638,98.47,POS,0.418,1335,4,1,0.869,0,0,12,24.46,1,0
TXN107639,188.61,Online,0.492,3274,4,1,0.337,0,0,0,17.72,0,1
TXN107640,104.16,POS,0.442,2637,2,0,0.574,0,0,22,17.95,0,0
TXN107641,350.51,POS,0.655,274,5,0,0.259,0,0,9,36.28,0,0
TXN107642,39.17,POS,0.304,3163,3,1,0.281,0,0,18,46.8,0,0
TXN107643,65.12,Bank Transfer,0.893,2936,2,0,0.313,0,0,0,18.47,0,0
TXN107644,234.09,POS,0.421,1158,1,0,0.351,0,0,15,19.41,0,0
TXN107645,505.61,Online,0.342,1530,2,0,0.198,0,0,4,6.28,1,0
TXN107646,16.41,Online,0.923,1133,1,0,0.627,0,0,5,2.65,0,0
TXN107647,586.68,POS,0.358,1905,0,2,0.496,0,0,21,43.85,0,0
TXN107648,129.01,Online,0.083,2851,5,0,0.117,0,0,13,51.12,0,0
TXN107649,22.56,POS,0.155,2449,2,0,0.131,0,0,21,32.55,0,0
TXN107650,7.38,Online,0.714,3535,2,0,0.775,0,0,5,57.79,0,0
TXN107651,32.16,Online,0.562,387,3,2,0.846,0,1,12,12.89,0,0
TXN107652,145.52,ATM,0.535,3374,3,1,0.985,0,0,0,,0,0
TXN107653,138.95,Online,0.082,3316,2,0,0.15,0,1,13,40.42,0,0
TXN107654,279.56,ATM,0.164,1413,4,0,0.544,0,0,7,9.71,0,0
TXN107655,85.67,POS,0.396,549,2,0,0.18,0,0,13,30.77,1,0
TXN107656,49.01,POS,0.448,846,5,0,0.605,0,1,21,36.8,2,1
TXN107657,98.19,Online,0.377,3438,4,2,0.676,0,0,19,14.64,0,0
TXN107658,153.49,Bank Transfer,0.503,64,5,0,0.581,0,0,7,14.55,0,1
TXN107659,186.94,POS,0.734,361,5,1,0.305,0,0,13,21.33,0,1
TXN107660,67.41,POS,0.636,291,3,1,0.503,0,1,1,32.25,0,1
TXN107661,365.57,Bank Transfer,0.611,652,3,0,0.514,1,0,13,4.74,0,1
TXN107662,79.73,Bank Transfer,0.558,2887,2,0,0.928,0,0,18,15.61,1,0
TXN107663,62.2,POS,0.201,238,2,1,0.323,0,0,13,12.22,0,0
TXN107664,86.28,ATM,0.605,3522,2,0,0.55,0,0,21,13.64,0,0
TXN107665,434.78,Online,0.158,1469,2,0,0.888,0,0,11,64.46,0,0
TXN107666,129.96,Online,0.713,1954,4,0,0.443,0,0,21,11.76,0,0
TXN107667,74.11,Online,0.452,2168,0,0,0.473,0,0,13,17.37,0,0
TXN107668,374.69,Bank Transfer,,2966,1,0,0.313,0,0,11,12.4,2,0
TXN107669,1264.9,POS,0.863,2292,0,1,0.668,1,0,22,19.32,0,1
TXN107670,183.04,ATM,0.373,250,1,0,0.454,0,0,1,4.85,0,0
TXN107671,509.71,POS,0.1,3029,7,0,0.809,0,1,7,20.94,1,0
TXN107672,418.25,Online,0.891,349,3,0,0.656,0,1,1,34.03,0,1
TXN107673,80.99,Online,0.365,1942,1,0,0.626,0,0,22,23.37,0,0
TXN107674,152.42,ATM,0.407,3166,5,1,0.73,0,1,20,31.94,0,1
TXN107675,41.16,Bank Transfer,0.296,1876,6,1,0.141,0,0,13,25.05,0,0
TXN107676,120.91,ATM,0.42,1547,4,0,0.313,0,0,21,26.26,0,0
TXN107677,79.35,ATM,0.521,1210,7,1,0.429,0,0,8,30.78,0,0
TXN107678,99.2,POS,0.843,2872,2,0,0.823,0,0,13,37.8,0,0
TXN107679,70.11,Bank Transfer,0.72,2387,0,0,,0,1,2,29.52,0,0
TXN107680,111.38,Online,0.513,2965,4,0,0.392,0,0,8,17.3,0,0
TXN107681,252.71,Online,0.764,3318,1,0,0.728,0,1,23,84.28,2,1
TXN107682,131.7,Online,0.848,2173,4,0,0.653,0,0,16,17.35,0,0
TXN107683,23.0,Online,0.058,1316,1,3,0.818,0,0,10,31.99,1,0
TXN107684,70.38,Online,0.592,2178,1,0,0.47,0,0,22,19.72,0,0
TXN107685,32.48,POS,0.043,1320,4,0,0.319,0,0,18,17.89,0,0
TXN107686,189.44,POS,0.308,773,4,2,0.517,0,1,20,28.3,0,0
TXN107687,245.51,Bank Transfer,0.762,1272,2,0,0.41,0,0,15,9.63,0,0
TXN107688,191.82,Bank Transfer,0.791,1764,3,0,0.419,0,1,18,92.82,0,0
TXN107689,67.53,Online,0.884,853,2,0,0.579,0,1,2,41.46,0,1
TXN107690,189.97,Bank Transfer,0.498,1171,3,2,0.416,0,0,7,25.29,0,0
TXN107691,92.75,Online,0.084,2081,3,0,0.219,0,0,3,16.32,0,0
TXN107692,47.55,Online,0.127,518,5,1,0.134,0,1,3,49.99,0,0
TXN107693,311.67,Bank Transfer,0.244,412,0,0,0.577,1,0,17,23.38,0,0
TXN107694,336.31,Online,0.372,2833,1,0,0.36,0,0,21,22.01,0,0
TXN107695,383.33,ATM,0.527,3051,2,0,0.79,0,0,13,0.85,0,0
TXN107696,80.77,Online,0.646,1164,3,0,0.651,0,0,12,18.42,0,0
TXN107697,482.68,Online,0.163,528,1,0,0.822,0,0,7,17.42,0,0
TXN107698,90.6,POS,,1699,3,1,0.382,0,0,4,7.98,0,0
TXN107699,285.29,Bank Transfer,0.173,659,4,1,0.64,0,0,5,8.99,0,0
TXN107700,89.04,POS,0.755,3204,2,1,0.964,0,0,21,65.54,0,0
TXN107701,118.63,Online,0.302,278,4,0,0.315,0,0,21,15.44,0,0
TXN107702,13.18,POS,0.167,1852,1,1,0.953,0,0,17,8.74,0,0
TXN107703,109.74,Online,0.431,1410,5,0,0.261,0,0,4,22.38,0,0
TXN107704,162.57,Online,0.248,1718,2,0,0.237,0,0,0,37.29,0,0
TXN107705,98.49,ATM,0.369,2772,1,0,0.761,0,0,22,20.6,0,0
TXN107706,859.36,Online,0.824,978,3,0,0.983,0,0,19,40.61,0,0
TXN107707,46.41,POS,0.334,3324,5,0,0.831,0,0,16,61.8,0,0
TXN107708,84.47,POS,0.175,3570,1,0,0.155,0,0,19,23.37,0,0
TXN107709,60.05,POS,0.232,1602,2,0,0.261,0,0,7,17.67,0,0
TXN107710,84.46,ATM,0.034,1426,2,0,0.723,0,1,7,78.85,0,0
TXN107711,416.3,ATM,0.901,881,4,0,0.877,0,0,14,46.52,0,0
TXN107712,650.69,POS,0.697,2975,3,0,0.507,0,1,9,43.48,0,0
TXN107713,73.64,Online,0.463,2656,2,0,0.694,0,0,16,12.43,0,0
TXN107714,72.02,POS,0.561,1658,3,1,0.488,0,0,7,16.85,0,0
TXN107715,46.66,Bank Transfer,0.254,2521,4,0,0.529,0,0,8,53.17,0,0
TXN107716,548.01,Bank Transfer,0.404,1362,1,0,0.86,0,0,2,4.08,1,0
TXN107717,455.32,ATM,0.32,2497,3,0,0.826,0,0,16,57.24,0,0
TXN107718,133.49,POS,0.825,2998,3,1,0.63,0,0,11,31.96,0,0
TXN107719,36.74,Online,0.743,1635,0,0,0.287,0,0,10,8.79,0,0
TXN107720,40.18,Bank Transfer,0.284,2441,4,0,0.503,0,0,8,5.14,1,0
TXN107721,176.03,POS,0.762,2076,2,1,0.728,0,0,5,32.35,0,0
TXN107722,257.07,Online,0.094,292,0,0,0.138,0,0,19,46.16,0,0
TXN107723,18.8,Bank Transfer,0.203,254,3,1,0.648,0,0,21,8.72,0,0
TXN107724,107.63,ATM,0.106,983,5,0,0.659,0,0,16,33.68,0,0
TXN107725,748.67,Online,0.238,935,3,0,0.632,0,0,4,27.09,0,1
TXN107726,119.4,Online,0.226,717,6,0,0.545,0,0,5,15.44,0,0
TXN107727,658.29,Bank Transfer,0.901,3385,5,1,0.499,0,0,17,20.55,0,0
TXN107728,284.02,Online,0.327,2223,2,0,0.696,0,0,9,18.15,0,0
TXN107729,50.19,Bank Transfer,0.355,181,3,0,0.425,0,0,10,40.8,0,0
TXN107730,110.76,Online,0.1,3300,2,0,0.913,0,0,3,10.02,0,0
TXN107731,130.49,ATM,0.066,1121,1,0,0.138,0,1,8,4.27,0,0
TXN107732,57.25,Bank Transfer,0.219,3606,3,0,0.911,0,0,1,14.03,0,0
TXN107733,56.27,Online,0.135,850,3,0,0.907,0,1,2,47.85,0,0
TXN107734,669.66,POS,0.345,335,1,1,0.718,0,1,7,14.38,0,0
TXN107735,55.85,POS,0.186,501,2,0,0.833,0,0,14,87.41,0,0
TXN107736,436.35,ATM,0.178,1427,1,0,0.51,0,0,20,13.06,1,0
TXN107737,95.92,Online,0.648,3376,1,1,0.319,0,0,14,11.65,0,0
TXN107738,144.66,POS,0.942,2029,1,1,0.49,0,0,1,37.96,1,0
TXN107739,260.3,Bank Transfer,0.012,485,2,0,0.857,0,0,19,58.08,0,0
TXN107740,81.57,Bank Transfer,0.706,1180,4,0,0.628,0,0,15,21.62,0,0
TXN107741,261.88,Bank Transfer,0.659,1801,4,1,0.875,0,0,23,72.11,0,1
TXN107742,19.17,Online,0.585,2000,5,0,0.802,0,0,14,22.74,0,0
TXN107743,230.37,Bank Transfer,0.692,3069,5,0,0.272,0,0,0,21.96,0,1
TXN107744,12.57,Bank Transfer,0.509,195,5,0,0.837,0,0,6,20.1,0,0
TXN107745,118.29,POS,0.927,44,5,0,0.107,0,0,15,36.08,0,1
TXN107746,348.71,Bank Transfer,0.158,2638,1,0,0.977,0,0,13,30.71,0,0
TXN107747,276.52,Online,0.474,422,4,0,0.336,0,0,4,39.87,1,0
TXN107748,40.51,Bank Transfer,0.653,2502,3,0,0.365,1,0,18,15.56,0,0
TXN107749,46.08,ATM,0.909,1267,2,1,0.395,0,0,18,17.47,0,0
TXN107750,74.54,Online,0.487,1434,4,0,0.949,0,0,17,12.02,0,0
TXN107751,178.79,POS,0.977,564,2,0,0.694,0,0,17,7.74,0,0
TXN107752,19.45,POS,0.656,2831,8,1,0.359,0,0,3,21.78,0,0
TXN107753,146.46,POS,0.699,691,6,0,0.383,1,0,1,67.73,0,0
TXN107754,202.64,Online,0.818,59,6,0,0.849,0,0,8,24.4,0,0
TXN107755,111.83,Bank Transfer,0.734,2169,4,0,0.172,0,0,0,25.87,0,0
TXN107756,250.97,POS,0.523,578,1,0,0.815,0,0,5,58.28,0,0
TXN107757,185.62,POS,0.773,647,1,0,0.773,0,0,23,14.75,0,0
TXN107758,86.34,Online,0.036,820,5,0,0.413,0,0,23,12.9,0,0
TXN107759,21.41,POS,0.933,2342,5,0,0.656,0,0,0,35.96,0,0
TXN107760,169.59,POS,0.823,2752,3,1,0.821,0,0,16,25.19,0,0
TXN107761,57.22,POS,0.638,3344,5,1,0.221,0,0,6,7.81,0,0
TXN107762,83.23,Online,0.069,3585,2,1,0.955,0,0,17,33.14,0,0
TXN107763,239.64,Online,0.295,860,1,0,0.308,0,0,18,29.82,0,0
TXN107764,612.37,ATM,0.254,809,7,0,0.689,0,0,4,18.83,1,0
TXN107765,142.87,POS,0.257,798,1,1,0.702,0,0,12,19.45,0,0
TXN107766,258.29,POS,0.672,707,4,1,0.286,0,0,19,11.38,0,0
TXN107767,35.01,ATM,0.876,71,1,1,0.201,1,0,5,4.58,0,0
TXN107768,189.72,Bank Transfer,0.682,2157,2,0,0.789,0,0,5,53.05,0,0
TXN107769,139.78,POS,0.389,83,2,1,0.47,0,0,23,24.66,0,0
TXN107770,507.36,Bank Transfer,0.969,169,1,0,0.701,0,0,4,38.97,0,1
TXN107771,86.45,ATM,0.863,1465,3,0,0.149,0,0,16,38.68,0,0
TXN107772,116.55,Bank Transfer,0.685,2962,3,1,0.798,0,0,1,18.99,0,0
TXN107773,427.87,Online,0.397,1800,3,2,0.806,0,0,10,1.01,1,1
TXN107774,135.36,POS,0.684,1469,4,1,0.497,0,0,7,5.93,0,0
TXN107775,48.97,POS,0.408,691,6,0,0.342,0,1,20,59.2,0,0
TXN107776,1903.85,ATM,0.155,2492,1,1,0.142,1,0,12,30.4,1,0
TXN107777,50.47,Bank Transfer,0.619,1199,3,1,0.353,0,0,19,20.37,1,0
TXN107778,139.11,Online,0.698,3637,3,0,0.458,0,0,20,38.65,0,0
TXN107779,209.91,POS,0.349,537,4,1,0.318,0,1,11,35.1,0,0
TXN107780,193.95,POS,0.929,2873,4,0,0.13,0,0,8,13.87,1,1
TXN107781,122.76,Online,0.854,2496,2,0,0.204,0,0,17,31.07,0,0
TXN107782,123.38,Bank Transfer,0.583,1354,3,1,0.666,0,0,10,44.36,0,0
TXN107783,117.34,Online,0.06,1452,2,0,,0,0,6,48.52,0,0
TXN107784,48.62,Online,0.017,3512,3,0,0.856,0,0,15,11.14,0,0
TXN107785,1274.39,Online,0.64,2688,2,1,0.28,0,0,2,9.27,0,0
TXN107786,119.11,Bank Transfer,0.814,186,5,0,0.239,0,0,12,39.19,0,0
TXN107787,269.6,ATM,0.5,2022,1,0,0.449,0,1,5,89.77,0,0
TXN107788,106.2,POS,0.023,2709,0,0,0.668,1,0,8,3.79,0,0
TXN107789,104.09,Online,0.145,1395,2,1,0.873,0,1,20,12.7,0,0
TXN107790,94.12,ATM,0.211,2529,0,0,0.769,1,0,2,75.84,0,1
TXN107791,31.51,Bank Transfer,0.628,2297,2,1,0.665,0,0,4,63.51,0,0
TXN107792,126.39,Online,0.486,1217,2,1,0.415,0,1,5,44.52,0,1
TXN107793,98.79,POS,0.102,55,4,0,0.992,0,0,0,16.91,0,0
TXN107794,478.92,Online,0.502,157,3,0,0.333,0,0,20,93.09,0,0
TXN107795,44.85,Online,0.869,2529,4,1,0.296,0,0,13,32.85,0,0
TXN107796,83.33,POS,0.439,2836,3,0,0.639,0,0,11,19.72,0,0
TXN107797,60.43,Bank Transfer,0.15,1373,6,1,0.816,1,0,4,75.11,0,0
TXN107798,627.99,POS,0.578,1752,1,0,0.977,0,0,0,29.99,0,0
TXN107799,62.21,Bank Transfer,0.929,1889,4,1,0.448,0,1,10,42.18,1,1
TXN107800,260.42,Online,0.116,3226,4,1,0.452,0,0,1,31.12,0,0
TXN107801,391.57,POS,0.156,1924,0,0,0.836,0,0,22,53.19,0,0
TXN107802,128.24,Online,0.567,2096,0,0,0.914,0,0,18,21.18,0,0
TXN107803,37.46,Online,0.34,2051,2,0,0.621,0,0,17,53.97,0,0
TXN107804,37.93,Bank Transfer,0.896,501,2,2,0.107,0,0,11,26.81,0,1
TXN107805,350.64,Online,0.713,2572,5,0,0.557,0,0,2,72.08,0,1
TXN107806,42.07,POS,0.147,3316,7,1,0.457,0,0,13,13.13,0,0
TXN107807,219.65,Bank Transfer,0.871,430,2,0,0.526,0,0,21,31.34,0,1
TXN107808,166.39,Online,0.642,287,3,0,0.264,1,0,2,37.7,0,0
TXN107809,216.4,POS,0.494,1800,3,0,0.71,0,0,0,57.22,0,0
TXN107810,237.84,Bank Transfer,0.257,2798,4,0,0.997,0,0,11,25.05,0,0
TXN107811,58.34,POS,0.65,331,2,0,0.695,0,0,8,17.23,0,0
TXN107812,55.95,POS,0.898,2721,2,0,0.343,0,0,5,33.01,0,0
TXN107813,303.36,Online,0.038,877,4,1,0.488,0,0,13,51.19,0,0
TXN107814,79.1,Online,0.375,694,0,0,0.669,0,0,5,33.71,0,0
TXN107815,9.49,Online,0.936,715,4,0,0.783,0,0,15,9.11,1,0
TXN107816,283.94,Bank Transfer,0.383,1934,9,1,0.888,0,0,17,60.69,0,0
TXN107817,52.65,POS,0.036,2197,1,0,0.508,0,0,22,27.7,0,0
TXN107818,236.78,Bank Transfer,0.101,1701,4,0,0.938,0,0,18,20.83,0,0
TXN107819,597.54,POS,0.691,2224,5,1,0.925,0,1,10,33.36,1,0
TXN107820,150.92,POS,0.7,2944,2,0,0.764,0,0,21,33.63,0,0
TXN107821,401.72,POS,0.115,3037,0,1,0.896,0,0,10,31.32,1,0
TXN107822,173.09,POS,0.219,2669,3,0,0.623,0,0,0,29.29,0,0
TXN107823,725.91,Online,0.564,1919,6,0,0.1,0,0,15,14.1,0,1
TXN107824,51.31,Bank Transfer,0.687,822,5,1,0.547,0,0,21,26.36,1,0
TXN107825,147.2,ATM,0.157,2725,3,0,0.544,0,0,0,16.44,0,0
TXN107826,290.95,ATM,0.456,2466,1,0,0.165,0,0,18,24.0,0,0
TXN107827,122.68,POS,0.562,3248,2,1,0.384,0,0,16,48.9,0,0
TXN107828,469.76,Bank Transfer,0.05,2608,4,0,0.455,0,0,4,28.97,1,0
TXN107829,96.35,Online,0.224,513,7,1,0.698,0,0,9,8.45,1,0
TXN107830,1175.41,ATM,0.919,2092,5,1,0.561,0,1,4,18.92,0,1
TXN107831,1239.17,ATM,0.88,2639,5,2,0.116,0,0,4,48.09,0,1
TXN107832,196.78,POS,0.322,3639,7,0,0.982,1,0,4,35.37,0,1
TXN107833,257.91,Online,0.868,1217,5,0,0.398,0,0,5,17.11,0,0
TXN107834,488.66,Bank Transfer,0.633,3143,2,0,0.473,0,1,23,42.18,0,0
TXN107835,45.28,POS,0.982,1036,3,1,0.64,0,0,2,60.29,0,0
TXN107836,39.96,Online,0.966,1394,1,0,0.966,0,0,7,26.86,0,0
TXN107837,521.35,Bank Transfer,0.617,3515,1,0,0.421,0,0,8,17.48,0,0
TXN107838,195.19,POS,0.468,624,3,1,0.446,0,1,6,17.9,0,0
TXN107839,118.33,Online,0.142,777,3,0,0.592,0,1,15,80.39,0,1
TXN107840,150.07,Online,0.53,3054,8,0,,0,0,6,20.57,0,0
TXN107841,13.65,ATM,0.398,3340,2,0,0.209,0,0,19,37.4,0,0
TXN107842,122.66,Online,0.646,409,2,0,0.562,1,0,6,5.78,1,0
TXN107843,69.89,Online,0.089,3011,0,0,0.962,0,0,6,33.87,0,0
TXN107844,371.69,POS,0.835,2162,6,0,0.532,0,1,17,67.65,1,0
TXN107845,401.43,Bank Transfer,0.967,3210,2,1,0.448,0,0,11,21.85,0,0
TXN107846,264.19,Bank Transfer,0.209,1828,5,0,0.179,0,1,6,8.61,0,0
TXN107847,220.4,Online,0.633,2151,1,0,0.607,0,0,13,46.33,0,0
TXN107848,33.2,Bank Transfer,0.802,869,3,1,0.55,0,0,11,53.36,0,0
TXN107849,267.91,Online,0.554,2146,1,0,0.47,0,0,12,35.14,0,0
TXN107850,278.49,Bank Transfer,0.935,1544,4,0,0.778,0,0,0,4.8,0,0
TXN107851,515.53,POS,0.512,1487,3,1,0.306,0,1,21,7.21,0,0
TXN107852,1234.24,POS,0.271,1042,4,0,0.833,0,0,9,0.83,0,0
TXN107853,27.32,Bank Transfer,0.472,1481,8,0,0.812,0,0,14,38.05,0,0
TXN107854,100.64,Online,0.488,638,3,2,0.177,0,0,13,37.03,0,0
TXN107855,70.65,POS,0.254,3109,1,0,0.975,0,0,22,31.66,0,0
TXN107856,176.36,ATM,0.787,1496,3,0,0.299,1,1,22,21.44,0,1
TXN107857,150.42,Online,0.618,1433,2,0,0.555,0,0,18,41.27,0,0
TXN107858,117.44,POS,0.37,3575,5,2,0.425,0,0,23,11.99,0,1
TXN107859,414.72,Online,0.422,1791,3,1,0.634,0,0,3,61.4,0,0
TXN107860,49.33,Online,0.372,2572,5,1,0.587,0,0,10,18.32,0,0
TXN107861,52.4,POS,0.448,3636,2,1,0.991,0,0,3,18.93,1,0
TXN107862,53.29,POS,0.528,3151,0,1,0.928,0,0,23,15.43,2,0
TXN107863,103.51,Online,0.331,1312,3,1,0.337,1,0,19,42.19,0,0
TXN107864,43.44,ATM,0.818,1957,2,0,0.414,0,0,14,68.64,0,0
TXN107865,141.38,Online,0.928,3007,3,0,0.894,1,0,21,37.78,0,1
TXN107866,125.78,Online,0.523,1840,3,0,0.667,0,0,0,14.96,0,1
TXN107867,67.59,Online,0.711,1033,1,0,0.803,0,0,17,9.64,0,0
TXN107868,355.59,POS,0.931,1943,1,1,0.616,0,0,10,37.35,0,0
TXN107869,139.84,Online,0.192,120,3,0,0.955,0,0,6,8.31,0,0
TXN107870,429.51,POS,0.19,3218,5,0,0.57,0,0,19,30.89,0,0
TXN107871,122.11,Online,0.073,2178,0,1,0.569,0,0,11,18.27,0,0
TXN107872,144.87,POS,0.442,956,1,1,0.261,0,0,15,14.43,0,0
TXN107873,84.54,Online,0.331,1765,5,0,0.34,0,0,6,46.12,0,0
TXN107874,147.37,Online,0.561,144,2,0,0.959,1,0,0,25.38,0,0
TXN107875,302.55,ATM,0.451,2877,3,1,0.67,0,0,6,15.63,0,0
TXN107876,98.36,ATM,0.19,1951,1,2,0.528,0,1,3,27.88,0,0
TXN107877,249.24,Bank Transfer,0.391,45,2,0,0.818,0,0,20,16.56,0,0
TXN107878,65.84,Online,0.029,1694,3,1,0.914,0,0,2,29.35,0,0
TXN107879,317.05,POS,0.537,285,3,0,,0,0,23,25.44,0,1
TXN107880,83.1,POS,0.271,1431,2,0,0.824,0,0,11,31.21,0,0
TXN107881,347.82,POS,0.112,3142,1,0,0.31,0,0,8,87.18,0,0
TXN107882,157.74,POS,0.066,2397,4,0,0.294,0,0,1,40.68,0,0
TXN107883,679.23,POS,0.714,1770,3,1,0.118,0,0,4,7.84,0,0
TXN107884,46.8,POS,0.247,1882,2,0,0.286,0,0,13,62.93,0,0
TXN107885,33.91,Online,0.659,1863,2,0,0.804,0,1,2,68.01,1,1
TXN107886,80.14,Online,0.816,382,4,0,0.646,0,0,2,2.54,0,0
TXN107887,37.17,POS,0.5,844,2,0,0.812,0,0,7,20.08,0,0
TXN107888,37.24,Online,0.133,2985,1,0,0.552,1,0,20,16.14,0,0
TXN107889,276.32,POS,0.615,3381,4,1,0.423,0,0,15,30.95,0,0
TXN107890,147.79,Online,0.072,557,2,0,0.202,0,1,18,4.88,0,0
TXN107891,91.86,Online,0.817,3340,3,1,0.452,0,0,8,10.76,0,1
TXN107892,100.79,POS,0.762,139,5,1,0.888,0,0,18,59.32,0,1
TXN107893,81.68,POS,0.402,1900,4,0,0.464,0,1,22,4.21,0,0
TXN107894,773.07,Bank Transfer,0.269,3025,5,0,0.608,0,1,6,13.02,0,0
TXN107895,71.13,Online,0.71,818,3,0,0.918,0,0,2,13.84,0,0
TXN107896,39.56,Online,0.567,3465,2,0,0.679,0,0,1,98.5,0,0
TXN107897,329.0,POS,0.145,3587,3,0,0.633,0,0,10,25.34,0,0
TXN107898,119.61,POS,0.759,1566,1,1,0.939,0,0,22,14.58,0,0
TXN107899,1139.99,POS,0.334,3260,6,1,0.387,0,0,16,11.42,0,0
TXN107900,87.69,Bank Transfer,0.894,316,1,0,0.978,0,0,2,18.63,0,0
TXN107901,345.84,POS,0.829,1917,3,1,0.878,0,0,9,14.96,0,0
TXN107902,437.99,POS,0.276,1088,1,0,0.605,0,0,17,17.9,0,0
TXN107903,88.12,Bank Transfer,0.255,2297,1,0,0.454,0,0,17,24.15,0,0
TXN107904,70.6,Online,0.398,937,2,1,0.206,0,1,5,38.83,0,0
TXN107905,311.49,POS,0.804,1621,3,1,0.452,0,0,10,19.99,0,0
TXN107906,263.72,Online,0.131,2678,2,1,0.44,0,0,12,14.61,0,0
TXN107907,36.21,Online,0.316,775,5,0,0.338,0,0,18,22.35,0,0
TXN107908,48.02,Bank Transfer,0.659,3078,5,2,0.536,0,1,13,3.09,0,0
TXN107909,11.75,POS,0.033,2496,6,0,0.979,0,0,6,18.93,0,0
TXN107910,269.18,ATM,0.056,937,3,0,0.439,0,0,17,26.07,0,0
TXN107911,114.23,POS,0.762,2452,2,3,0.383,0,0,20,49.78,0,1
TXN107912,126.2,ATM,0.522,1180,7,0,0.352,0,1,0,11.31,0,0
TXN107913,27.35,ATM,0.558,2011,5,0,0.128,0,0,4,21.31,0,0
TXN107914,49.5,ATM,0.249,2239,4,1,0.234,1,0,16,78.3,0,0
TXN107915,92.02,Bank Transfer,0.532,2978,1,1,0.306,0,0,5,28.53,0,0
TXN107916,75.77,Online,0.545,1291,2,0,0.871,1,0,15,19.01,0,0
TXN107917,166.97,POS,0.414,1665,4,0,0.793,1,1,5,18.91,1,0
TXN107918,265.99,POS,0.964,1632,4,0,0.756,0,0,22,35.93,0,0
TXN107919,1435.99,POS,0.049,3146,1,0,0.252,0,0,1,30.21,1,0
TXN107920,145.47,Online,0.415,3077,3,1,0.981,0,1,23,32.85,0,0
TXN107921,452.78,POS,0.857,815,2,0,0.962,0,0,8,13.96,0,0
TXN107922,64.72,ATM,0.206,411,2,0,0.691,0,0,1,25.41,0,0
TXN107923,27.8,ATM,0.935,3511,5,0,0.954,0,0,19,64.0,0,0
TXN107924,104.34,Bank Transfer,0.425,634,2,0,0.803,0,1,17,16.52,1,0
TXN107925,30.03,Online,0.157,772,4,0,0.214,0,0,16,6.72,0,0
TXN107926,150.61,ATM,0.093,459,2,0,0.613,0,0,3,18.63,0,0
TXN107927,68.0,ATM,0.327,609,2,0,0.372,0,0,22,17.34,0,0
TXN107928,21.03,Bank Transfer,0.92,258,6,0,0.388,0,1,22,21.48,0,1
TXN107929,842.21,ATM,0.939,2214,1,1,0.756,0,0,10,60.19,0,0
TXN107930,86.7,POS,0.563,1875,3,1,0.664,0,0,17,26.19,0,0
TXN107931,28.86,POS,0.118,366,1,1,0.603,0,0,12,58.63,1,0
TXN107932,364.37,Bank Transfer,0.457,2390,1,0,0.995,0,0,4,6.18,1,0
TXN107933,71.62,Online,0.418,637,1,0,0.335,1,0,3,10.54,0,0
TXN107934,441.49,ATM,0.231,1978,2,0,0.887,0,0,20,18.07,0,0
TXN107935,71.28,ATM,0.076,2669,0,0,0.72,0,1,5,75.06,0,0
TXN107936,86.41,ATM,0.382,1571,3,1,0.125,0,1,2,45.58,0,1
TXN107937,209.52,ATM,0.372,1145,4,0,0.524,0,0,21,10.69,0,0
TXN107938,268.6,Bank Transfer,0.704,3274,6,0,0.238,0,0,22,26.36,0,1
TXN107939,320.05,Bank Transfer,0.394,2926,3,0,0.207,0,0,23,14.39,1,0
TXN107940,135.67,POS,0.013,3086,3,1,0.724,1,0,4,48.7,0,0
TXN107941,251.8,POS,0.02,593,6,0,0.899,0,0,16,5.8,0,0
TXN107942,312.82,POS,0.688,1018,1,0,0.711,0,0,23,10.26,3,0
TXN107943,181.38,Online,0.661,1424,2,0,0.407,0,1,7,15.48,0,0
TXN107944,128.68,ATM,0.16,639,5,0,0.14,0,0,11,52.6,0,0
TXN107945,34.98,ATM,0.866,1428,2,1,0.522,0,0,20,23.61,0,0
TXN107946,270.2,Online,0.663,926,7,1,0.275,0,0,15,21.91,0,1
TXN107947,154.81,POS,0.154,1769,3,0,0.843,0,0,16,7.72,1,0
TXN107948,98.14,Online,0.288,2590,3,0,0.414,0,0,17,17.79,0,0
TXN107949,532.6,ATM,0.974,1515,2,0,0.911,0,0,5,36.15,0,1
TXN107950,35.59,Online,0.408,2643,5,0,0.211,0,0,10,33.57,0,0
TXN107951,768.19,POS,0.237,1430,3,0,0.156,0,0,11,25.53,0,0
TXN107952,145.14,POS,0.524,1819,0,0,0.103,0,0,23,32.52,0,0
TXN107953,203.88,Online,0.206,1218,4,1,0.982,0,0,11,26.78,0,0
TXN107954,99.98,Online,0.792,336,3,0,0.526,0,0,12,6.07,0,0
TXN107955,28.02,ATM,0.794,84,2,0,0.751,0,0,22,38.2,1,0
TXN107956,129.07,Bank Transfer,0.801,693,3,0,0.194,0,1,21,20.1,0,1
TXN107957,207.42,POS,0.617,2262,1,0,0.195,0,0,0,36.81,0,1
TXN107958,291.85,POS,0.694,391,6,2,0.342,0,0,0,36.28,0,0
TXN107959,121.75,Online,0.321,1744,2,1,0.198,0,0,0,35.19,0,0
TXN107960,16.57,POS,0.879,510,3,0,0.14,0,0,12,18.6,0,0
TXN107961,31.76,Online,0.144,1381,5,0,0.159,0,0,2,46.91,0,0
TXN107962,1155.19,POS,0.254,1009,3,0,0.484,0,0,15,24.05,0,0
TXN107963,49.77,POS,0.993,795,4,0,0.486,0,0,20,56.1,0,0
TXN107964,618.35,ATM,0.96,1895,3,1,0.548,0,0,16,54.77,0,0
TXN107965,58.32,POS,0.508,3256,3,0,0.655,0,0,3,37.63,0,0
TXN107966,123.66,ATM,0.499,2393,2,0,0.348,0,0,19,25.99,0,0
TXN107967,277.33,POS,0.117,891,1,1,0.576,0,1,5,14.59,0,0
TXN107968,65.35,POS,0.66,3103,5,1,0.989,0,0,11,23.43,0,0
TXN107969,729.39,POS,0.031,3363,3,0,0.683,0,0,7,3.19,0,0
TXN107970,160.09,POS,0.314,2769,4,0,0.834,0,1,15,26.5,0,0
TXN107971,235.3,POS,0.418,816,3,1,0.892,0,0,5,38.42,0,0
TXN107972,113.57,ATM,0.894,636,3,0,0.299,0,0,17,20.1,0,0
TXN107973,286.78,Bank Transfer,0.968,3546,4,1,0.293,0,0,21,34.55,0,0
TXN107974,719.67,POS,0.974,3247,3,0,0.292,0,0,5,58.59,0,0
TXN107975,130.15,POS,0.799,1549,2,2,0.461,0,1,23,22.64,1,1
TXN107976,836.91,POS,0.29,1684,0,0,0.939,0,0,11,47.07,0,0
TXN107977,80.51,ATM,0.045,1958,3,0,,0,0,8,9.6,0,0
TXN107978,318.65,POS,0.426,3246,8,1,0.486,0,0,8,18.22,0,0
TXN107979,242.04,POS,0.297,1111,2,0,0.522,0,0,13,12.66,0,0
TXN107980,50.98,Bank Transfer,0.655,2485,3,1,0.881,0,0,18,39.2,0,0
TXN107981,183.79,Bank Transfer,0.371,3429,3,0,0.6,0,0,7,9.5,0,0
TXN107982,149.51,Online,0.891,1113,5,0,0.439,0,1,14,19.74,0,0
TXN107983,63.23,POS,0.374,1052,2,0,0.15,0,1,22,37.14,0,0
TXN107984,212.3,Online,0.378,516,5,0,0.494,0,0,16,16.72,0,0
TXN107985,171.79,POS,0.759,2673,7,0,0.273,1,0,8,4.59,0,1
TXN107986,138.02,Online,0.59,1015,2,1,0.147,0,0,1,25.42,0,0
TXN107987,138.58,ATM,0.255,104,3,0,0.157,0,0,22,14.16,0,0
TXN107988,135.64,POS,0.677,1849,3,1,0.628,0,0,3,20.39,2,0
TXN107989,102.75,Bank Transfer,0.563,2052,1,1,0.483,0,0,3,31.91,0,0
TXN107990,170.69,Online,0.104,93,4,0,0.85,0,1,13,37.11,0,0
TXN107991,77.95,ATM,0.467,2714,2,0,0.664,0,0,7,4.84,0,0
TXN107992,2115.0,POS,0.919,2052,2,0,0.162,0,0,3,17.73,0,0
TXN107993,36.26,POS,0.212,1734,2,0,0.535,0,1,0,16.25,0,0
TXN107994,82.7,POS,0.415,1274,1,1,0.633,0,1,3,35.38,0,0
TXN107995,89.5,Online,0.276,2358,3,1,0.854,0,0,11,33.47,0,0
TXN107996,1141.95,POS,0.537,2747,3,0,0.968,0,0,11,31.88,0,0
TXN107997,39.64,POS,0.975,2810,4,1,0.493,0,0,0,33.3,0,0
TXN107998,227.22,ATM,0.31,1434,1,0,0.318,0,0,22,21.8,0,1
TXN107999,190.26,ATM,0.833,1840,3,0,0.547,0,0,3,13.52,1,0
TXN108000,207.18,Online,0.838,948,2,1,0.291,0,0,5,38.77,0,0
TXN108001,510.99,Online,0.259,819,4,0,0.346,0,0,9,4.22,0,0
TXN108002,500.61,Online,0.773,3151,4,1,0.232,0,0,8,7.97,0,1
TXN108003,94.54,Online,0.988,1466,2,1,0.68,0,0,22,19.97,0,0
TXN108004,180.19,POS,0.954,1020,7,0,0.726,0,0,4,91.6,0,0
TXN108005,23.01,POS,0.606,2675,2,0,0.431,1,0,5,12.03,0,0
TXN108006,163.87,Online,0.152,2552,3,0,0.108,0,0,12,106.99,0,1
TXN108007,67.09,POS,0.119,1011,3,1,0.644,0,0,1,25.56,0,1
TXN108008,123.18,Online,0.267,662,3,0,0.312,0,0,15,66.84,1,0
TXN108009,27.51,Online,0.601,2317,1,0,0.203,0,0,18,13.18,0,0
TXN108010,222.49,POS,0.386,3353,2,0,0.545,0,0,1,5.95,0,0
TXN108011,27.21,ATM,0.699,566,5,0,0.395,0,0,16,2.38,0,0
TXN108012,172.14,Online,0.788,896,1,0,0.441,0,0,15,24.43,0,0
TXN108013,43.53,Online,0.18,3397,5,2,0.792,0,0,22,7.42,0,0
TXN108014,63.46,Bank Transfer,0.905,2682,3,2,0.893,0,0,5,10.32,0,0
TXN108015,470.94,POS,0.061,2212,1,0,0.855,0,0,20,35.91,0,0
TXN108016,267.18,POS,0.265,1245,1,0,0.625,0,0,3,1.19,0,1
TXN108017,468.34,POS,0.815,1725,2,0,0.23,0,0,22,65.8,0,0
TXN108018,706.08,Online,0.184,714,4,0,0.425,0,0,12,2.77,0,0
TXN108019,68.52,POS,0.22,2967,3,0,0.513,0,0,17,29.07,0,0
TXN108020,664.46,Bank Transfer,0.976,1845,3,0,0.596,0,0,19,80.44,0,1
TXN108021,34.28,POS,0.912,2915,1,1,0.235,0,0,20,25.26,0,0
TXN108022,312.97,Online,0.813,3207,2,0,0.369,0,0,21,3.48,0,0
TXN108023,90.62,Online,0.174,382,2,0,0.856,0,1,17,86.63,0,1
TXN108024,58.54,POS,0.255,3152,4,0,0.989,0,1,14,48.87,0,0
TXN108025,274.37,ATM,0.235,1141,2,1,0.306,1,0,13,38.33,0,0
TXN108026,381.82,Online,0.189,1216,3,0,0.778,0,0,14,33.51,0,0
TXN108027,370.65,ATM,0.97,1690,0,1,0.345,0,1,1,80.61,0,1
TXN108028,183.99,Online,0.166,1106,3,1,0.229,0,0,17,6.64,0,0
TXN108029,169.35,Online,0.747,1262,3,0,0.229,0,0,11,21.44,0,1
TXN108030,251.36,Online,0.051,2540,3,0,0.856,0,0,11,15.43,0,0
TXN108031,201.09,Online,0.544,1178,3,0,0.514,0,0,17,45.48,0,0
TXN108032,255.02,POS,0.071,2230,2,0,0.669,0,0,20,77.95,0,0
TXN108033,182.0,Online,0.062,1304,4,0,0.898,0,0,10,25.37,0,0
TXN108034,344.74,POS,0.23,1207,3,1,0.637,0,0,6,36.11,0,1
TXN108035,29.16,Online,0.926,544,5,1,0.102,0,0,21,23.87,0,0
TXN108036,130.16,POS,0.639,3156,1,0,0.653,0,1,1,43.5,0,0
TXN108037,37.19,Bank Transfer,0.651,462,2,0,0.161,0,1,22,10.94,0,1
TXN108038,195.72,POS,,2034,6,0,0.509,0,0,11,42.2,0,0
TXN108039,766.57,Online,0.724,972,2,0,0.796,0,1,9,46.91,0,0
TXN108040,92.38,POS,0.682,3606,4,0,0.854,0,0,14,28.85,0,0
TXN108041,168.55,POS,0.462,283,1,1,0.477,0,0,13,14.64,0,0
TXN108042,316.24,POS,0.683,1571,2,0,0.628,0,0,11,35.61,0,0
TXN108043,18.77,Online,0.867,1876,2,1,,1,0,6,16.01,0,0
TXN108044,88.05,POS,0.96,3601,4,0,0.367,0,0,2,69.15,0,1
TXN108045,213.69,POS,0.997,584,3,1,0.619,0,0,13,39.0,0,1
TXN108046,8.19,POS,0.488,3045,2,0,0.298,0,0,1,11.44,0,0
TXN108047,55.88,POS,0.033,274,3,0,0.295,0,0,3,7.76,0,0
TXN108048,446.24,Bank Transfer,0.229,1079,3,0,0.328,0,1,15,15.46,0,0
TXN108049,404.64,Online,0.197,3060,2,0,0.526,0,0,16,23.62,0,0
TXN108050,215.79,ATM,0.301,1394,3,0,0.185,0,0,9,1.43,1,0
TXN108051,358.6,Online,0.361,2156,1,0,0.783,0,0,23,62.81,0,1
TXN108052,184.03,Online,0.669,1447,4,0,0.385,0,0,6,39.19,0,0
TXN108053,258.63,ATM,0.526,3282,1,0,0.827,0,0,7,37.43,0,0
TXN108054,108.24,POS,0.65,363,4,0,0.205,0,0,0,61.07,0,0
TXN108055,166.64,Bank Transfer,0.972,3589,2,0,0.717,0,0,2,20.91,0,0
TXN108056,78.86,Online,0.049,877,0,0,0.947,0,1,6,21.55,0,0
TXN108057,525.04,POS,0.014,2178,3,1,0.908,1,0,0,35.23,0,0
TXN108058,679.64,Bank Transfer,0.666,976,2,0,0.911,0,0,19,63.27,1,0
TXN108059,589.88,POS,0.546,2911,3,0,0.314,0,0,14,21.0,0,0
TXN108060,98.68,Bank Transfer,0.483,2579,3,1,0.558,0,0,15,21.78,0,0
TXN108061,57.18,Bank Transfer,0.853,607,4,1,0.974,0,0,18,11.06,0,0
TXN108062,532.18,POS,0.159,921,2,0,0.198,0,0,20,18.97,0,0
TXN108063,255.68,POS,0.574,2558,0,0,0.868,0,0,2,20.43,0,0
TXN108064,206.15,ATM,0.932,1849,2,0,0.683,0,0,14,31.67,1,0
TXN108065,78.76,POS,0.446,2019,3,2,0.361,0,0,12,66.83,0,0
TXN108066,227.16,ATM,0.58,1356,0,0,0.312,0,1,9,17.65,0,0
TXN108067,50.14,POS,0.07,2478,2,0,0.976,0,0,14,42.46,0,0
TXN108068,279.8,POS,0.349,3393,0,1,0.142,0,0,12,18.89,0,1
TXN108069,589.27,Online,0.041,409,8,1,0.645,1,0,18,67.29,0,1
TXN108070,758.27,ATM,0.572,2540,3,0,0.394,0,0,8,17.53,0,0
TXN108071,301.43,ATM,0.59,3417,2,1,0.754,0,0,16,15.41,0,1
TXN108072,37.26,Online,0.951,832,1,0,0.877,0,1,6,19.37,0,0
TXN108073,180.79,POS,0.638,1541,6,0,0.84,0,0,20,54.41,0,0
TXN108074,1261.03,Online,0.003,2081,3,1,0.855,0,0,2,25.82,0,1
TXN108075,62.26,POS,0.833,2838,2,1,0.947,0,0,21,70.62,0,0
TXN108076,139.88,POS,0.33,2517,3,0,0.815,0,0,16,2.58,0,0
TXN108077,610.04,POS,0.714,3616,5,1,0.634,0,0,6,14.82,0,1
TXN108078,275.1,Online,0.264,2046,3,0,0.307,0,0,14,5.93,1,1
TXN108079,1772.52,POS,0.76,3191,4,0,0.357,0,0,7,31.9,0,0
TXN108080,71.32,POS,0.927,1912,1,0,0.258,0,0,6,21.63,0,0
TXN108081,55.16,Online,0.079,1158,1,0,0.705,0,0,1,27.54,0,0
TXN108082,504.78,POS,0.544,2470,1,0,0.166,0,0,3,8.56,0,0
TXN108083,44.89,Bank Transfer,0.54,1485,2,0,0.193,0,0,23,93.88,1,0
TXN108084,121.9,POS,0.286,2410,3,2,0.559,0,0,20,8.65,0,0
TXN108085,138.98,POS,0.342,2378,4,0,0.4,0,0,16,70.1,0,0
TXN108086,418.21,Bank Transfer,0.676,296,5,0,0.927,0,0,0,21.71,0,0
TXN108087,274.31,Online,0.293,1977,1,0,0.844,0,0,23,29.97,0,0
TXN108088,234.41,ATM,0.031,78,3,0,0.459,0,0,14,36.83,0,0
TXN108089,99.24,Online,0.769,1515,1,0,0.907,0,0,0,38.35,0,1
TXN108090,500.2,POS,0.625,2408,4,1,0.625,0,0,0,7.63,1,0
TXN108091,8315.06,Online,0.25,2395,2,0,0.52,0,1,9,11.96,0,0
TXN108092,296.27,Online,0.962,404,3,1,0.835,0,0,13,31.82,0,1
TXN108093,163.97,Online,0.898,3322,2,2,0.986,0,1,23,28.6,0,1
TXN108094,40.53,POS,0.964,2701,0,0,0.758,0,0,16,9.58,0,0
TXN108095,78.45,POS,0.512,1150,1,0,0.729,0,0,13,37.72,0,0
TXN108096,119.86,POS,0.235,1657,2,0,0.8,1,0,3,31.3,0,0
TXN108097,86.96,ATM,0.174,494,2,0,0.49,0,0,17,14.48,0,0
TXN108098,146.05,POS,0.949,1342,1,0,0.781,0,0,13,19.1,0,0
TXN108099,878.32,Bank Transfer,0.891,2476,5,0,0.557,0,0,21,,0,0
TXN108100,516.55,POS,0.741,3223,5,3,0.91,0,1,22,55.28,0,1
TXN108101,126.62,Online,0.511,2164,2,0,0.874,0,0,8,9.2,0,0
TXN108102,44.33,POS,0.384,1053,1,0,0.195,0,0,18,26.31,0,0
TXN108103,565.31,Online,0.703,3308,5,0,0.497,0,0,7,16.28,0,0
TXN108104,141.31,ATM,0.01,2000,1,1,0.73,0,0,5,27.47,0,0
TXN108105,26.4,Online,0.524,2718,2,0,0.196,0,0,21,16.13,0,0
TXN108106,302.61,POS,0.679,2595,4,1,0.396,0,0,15,33.05,0,0
TXN108107,413.93,ATM,0.754,1467,4,1,0.42,0,0,16,34.13,0,1
TXN108108,13.12,POS,0.451,104,3,4,0.696,0,0,17,34.09,0,0
TXN108109,65.07,Online,0.745,2322,1,1,0.177,0,0,9,16.16,0,0
TXN108110,132.89,ATM,0.096,3258,1,0,0.864,0,0,17,27.46,0,0
TXN108111,309.36,POS,0.233,3151,0,0,0.47,0,0,1,20.4,0,1
TXN108112,88.61,Online,0.145,3142,2,0,0.108,0,0,16,22.55,0,0
TXN108113,64.58,ATM,0.34,1287,0,0,0.939,0,1,16,12.49,1,0
TXN108114,307.1,POS,0.344,3308,0,0,0.652,0,0,14,95.58,0,0
TXN108115,92.91,POS,0.374,80,1,0,0.26,0,0,18,7.51,0,0
TXN108116,255.2,Online,0.466,1175,1,0,0.854,0,0,12,9.24,1,0
TXN108117,48.84,ATM,0.436,2297,2,0,0.832,0,1,1,21.03,0,1
TXN108118,38.39,Online,0.49,1156,2,0,0.877,0,0,13,21.6,0,0
TXN108119,315.85,Online,0.753,123,2,0,0.628,0,0,10,21.69,0,0
TXN108120,191.05,POS,0.142,661,5,0,0.633,0,0,14,41.52,0,0
TXN108121,373.33,POS,0.351,3423,1,1,0.863,0,0,6,23.35,0,0
TXN108122,87.13,POS,0.0,1579,1,1,0.663,0,0,0,20.52,1,0
TXN108123,67.01,POS,0.028,638,3,0,0.102,0,0,17,28.22,0,0
TXN108124,578.66,POS,0.606,2271,2,0,0.701,0,0,4,13.1,0,0
TXN108125,32.36,POS,0.876,1384,1,1,0.951,0,0,23,17.91,0,0
TXN108126,518.77,Online,0.306,1453,1,0,0.576,0,0,4,33.45,0,0
TXN108127,555.85,Online,0.402,3455,3,0,0.239,0,0,5,5.13,0,0
TXN108128,350.76,POS,0.21,1994,5,0,0.997,0,0,20,36.03,0,0
TXN108129,74.6,Online,0.143,319,1,0,0.522,0,0,4,20.07,0,0
TXN108130,65.59,POS,0.884,3440,3,0,0.405,0,0,7,43.84,0,0
TXN108131,120.29,POS,0.572,45,2,0,0.908,0,0,2,56.54,0,0
TXN108132,40.65,Bank Transfer,0.705,2516,1,2,0.713,0,0,15,37.14,0,0
TXN108133,56.73,Online,0.882,405,4,0,0.499,0,0,21,20.42,0,1
TXN108134,282.8,POS,0.588,1014,2,2,0.435,0,0,8,61.34,0,0
TXN108135,284.11,POS,0.18,3599,2,1,0.903,0,0,14,,0,0
TXN108136,51.96,Online,0.713,640,1,0,0.385,0,0,10,6.59,0,1
TXN108137,291.82,POS,0.748,3547,4,1,0.503,0,0,12,38.59,0,0
TXN108138,233.76,Bank Transfer,0.414,1089,2,0,0.463,0,0,6,22.06,0,0
TXN108139,671.75,Online,0.617,1422,5,0,0.974,0,0,13,54.28,0,0
TXN108140,262.21,POS,0.485,3423,2,0,0.89,0,0,17,33.53,0,0
TXN108141,427.77,Online,0.333,2719,0,0,0.727,0,0,11,20.6,0,0
TXN108142,239.15,Online,0.672,1095,3,0,0.628,0,1,12,34.68,0,0
TXN108143,395.41,Online,0.247,2694,0,0,0.55,0,0,22,27.93,0,0
TXN108144,40.97,Bank Transfer,0.327,1756,5,0,0.194,0,0,10,18.81,0,0
TXN108145,131.4,Bank Transfer,0.406,391,2,1,0.908,0,0,17,103.99,0,0
TXN108146,142.74,POS,0.615,942,2,0,0.979,0,0,22,7.61,0,0
TXN108147,116.31,POS,0.852,881,5,0,0.768,0,0,17,6.77,0,0
TXN108148,231.34,POS,0.615,1745,1,0,0.357,0,0,18,32.06,1,1
TXN108149,279.89,Online,0.726,3248,3,2,0.452,0,0,1,,0,1
TXN108150,219.7,Online,0.293,2090,3,0,0.831,0,0,12,25.97,0,0
TXN108151,124.34,POS,0.587,629,1,0,0.852,0,0,23,27.63,0,0
TXN108152,71.11,Bank Transfer,0.104,2228,1,0,0.375,0,0,3,34.94,0,0
TXN108153,444.6,POS,0.463,1915,2,0,0.712,0,1,11,25.69,0,0
TXN108154,210.55,ATM,0.69,1432,6,0,0.949,0,0,4,1.88,0,0
TXN108155,53.59,ATM,0.18,913,2,0,0.762,0,0,0,40.48,0,0
TXN108156,122.28,POS,0.902,2609,4,0,0.467,0,0,16,0.33,0,0
TXN108157,25.96,POS,0.417,2048,3,0,0.552,0,0,19,19.56,0,0
TXN108158,153.76,POS,0.671,1585,1,1,0.791,0,0,15,20.76,0,0
TXN108159,121.71,Bank Transfer,0.47,741,1,1,0.127,0,0,17,10.56,0,0
TXN108160,83.56,POS,0.732,466,7,0,0.886,1,0,1,12.98,0,0
TXN108161,723.86,ATM,0.584,811,2,1,0.233,0,0,16,82.82,0,1
TXN108162,46.7,Online,0.123,2275,6,0,0.9,0,0,6,47.97,0,0
TXN108163,300.78,Online,0.925,199,4,1,0.994,0,0,9,13.62,0,0
TXN108164,1321.75,Bank Transfer,0.66,289,8,0,0.146,0,0,11,38.42,0,0
TXN108165,435.84,Online,0.472,3614,5,1,0.966,0,0,12,15.72,0,0
TXN108166,143.81,ATM,0.677,1000,1,0,0.304,0,0,3,43.62,1,0
TXN108167,47.75,Online,0.261,439,1,2,0.519,0,0,17,53.06,0,0
TXN108168,38.01,POS,0.769,3522,8,0,0.174,0,1,14,44.82,0,0
TXN108169,98.34,POS,0.411,1534,2,1,0.309,0,0,0,45.27,0,1
TXN108170,74.66,POS,0.805,33,1,2,0.32,0,0,18,13.37,1,0
TXN108171,72.27,ATM,0.274,1541,4,0,0.267,0,1,7,10.92,0,0
TXN108172,107.09,POS,0.79,104,3,0,0.861,0,0,9,58.4,0,0
TXN108173,133.99,Online,0.907,1129,0,1,0.979,1,0,20,38.33,0,0
TXN108174,241.1,POS,0.981,3451,2,1,0.375,0,0,21,4.36,0,0
TXN108175,43.04,Online,0.777,2904,2,0,0.765,0,0,4,6.96,0,0
TXN108176,75.02,ATM,0.704,1543,3,0,0.237,0,1,6,21.85,0,0
TXN108177,126.51,Online,0.52,1252,2,1,0.951,0,0,8,2.08,0,0
TXN108178,122.06,Bank Transfer,0.106,2143,3,1,0.728,0,0,5,17.21,0,0
TXN108179,931.15,POS,0.56,2294,2,0,0.73,0,0,2,65.2,0,1
TXN108180,187.21,POS,0.563,2777,5,0,0.322,1,0,11,11.36,0,0
TXN108181,29.56,Online,0.065,1995,2,0,0.573,0,0,6,43.29,0,0
TXN108182,225.47,POS,0.691,309,5,0,0.466,0,1,11,15.07,0,1
TXN108183,256.12,Online,0.149,3157,4,1,,0,0,10,7.74,1,0
TXN108184,130.96,ATM,0.597,1245,0,0,0.691,0,0,7,39.44,0,0
TXN108185,44.11,POS,0.473,2996,3,0,0.352,0,0,21,47.58,1,1
TXN108186,860.97,Bank Transfer,0.875,2965,3,1,0.193,0,0,3,11.83,0,1
TXN108187,50.91,POS,0.232,818,6,0,0.826,0,1,16,43.11,0,0
TXN108188,287.37,Online,0.171,1893,5,0,0.159,0,0,8,7.21,0,0
TXN108189,181.28,Online,0.551,2745,2,1,0.516,1,0,13,16.03,0,0
TXN108190,270.65,Online,0.46,1324,6,0,0.683,0,0,13,40.3,0,0
TXN108191,818.0,POS,0.161,2899,4,0,0.641,0,0,18,14.49,0,0
TXN108192,260.25,Bank Transfer,0.614,1925,2,0,0.208,0,0,23,1.22,0,0
TXN108193,84.89,Bank Transfer,0.906,3357,4,0,0.683,0,0,13,28.65,0,0
TXN108194,448.54,Online,0.74,3275,3,0,0.316,0,0,0,6.65,0,0
TXN108195,78.96,Online,0.21,3516,2,0,0.601,0,1,2,16.01,1,0
TXN108196,174.79,Online,0.238,827,0,0,0.324,0,0,9,24.69,0,0
TXN108197,40.73,Online,0.558,2697,4,0,0.448,0,0,14,14.48,0,0
TXN108198,52.81,Online,0.678,2750,4,0,0.771,0,0,16,46.33,0,0
TXN108199,156.24,Online,0.979,1658,1,1,0.328,0,0,18,9.62,0,0
TXN108200,214.45,ATM,0.105,639,3,0,0.867,0,0,17,29.84,0,0
TXN108201,27.05,Online,0.546,1090,3,0,0.508,0,0,19,44.1,0,0
TXN108202,244.03,POS,0.987,1893,1,0,0.993,0,0,18,28.15,0,0
TXN108203,65.4,Bank Transfer,0.111,3160,4,1,,0,0,4,28.67,0,0
TXN108204,533.62,POS,0.973,3345,1,0,0.244,0,0,7,10.62,0,1
TXN108205,104.38,POS,0.462,3344,1,0,0.774,0,0,15,22.46,0,0
TXN108206,48.25,Bank Transfer,0.717,3455,3,0,0.649,0,0,3,116.56,0,1
TXN108207,160.1,POS,0.425,383,2,0,0.207,0,1,4,65.03,0,0
TXN108208,59.37,POS,0.841,3634,3,0,0.162,0,1,1,8.38,0,0
TXN108209,527.92,Online,0.909,2036,0,0,0.842,0,0,2,25.9,0,0
TXN108210,148.49,ATM,0.167,390,4,0,0.539,0,0,2,32.14,0,1
TXN108211,127.53,POS,0.747,497,3,0,0.724,0,0,1,10.63,0,0
TXN108212,268.22,Online,0.021,953,4,1,0.551,0,1,13,18.31,0,0
TXN108213,54.33,POS,0.277,940,2,1,0.845,0,0,12,26.49,1,0
TXN108214,40.89,Online,0.552,432,0,0,0.245,0,0,14,28.75,0,0
TXN108215,223.26,POS,0.603,1417,3,0,0.2,0,0,1,36.9,0,0
TXN108216,49.42,POS,0.365,2008,5,0,0.45,0,0,19,20.39,0,0
TXN108217,49.4,Bank Transfer,0.27,1156,4,0,0.568,0,0,0,0.55,0,0
TXN108218,342.67,Online,0.172,2447,1,0,0.658,0,0,3,10.06,0,0
TXN108219,250.9,ATM,0.24,2621,6,0,0.312,0,0,11,14.26,0,0
TXN108220,42.36,Bank Transfer,0.13,1477,5,1,0.782,0,0,12,29.26,0,0
TXN108221,79.91,Bank Transfer,0.261,315,5,1,0.762,0,0,20,15.42,0,0
TXN108222,60.12,ATM,0.821,1158,3,0,0.542,0,0,21,32.91,0,0
TXN108223,876.84,POS,0.288,2251,1,0,0.525,0,0,20,58.75,0,0
TXN108224,367.24,ATM,0.908,1449,2,0,0.746,0,0,18,7.86,0,0
TXN108225,97.43,Online,0.245,2134,4,0,0.998,1,0,10,36.3,1,1
TXN108226,264.06,POS,0.492,3080,2,0,0.441,0,1,0,48.33,0,0
TXN108227,38.24,Online,0.168,2879,4,0,0.347,0,0,2,42.78,0,0
TXN108228,75.74,POS,0.017,2286,2,0,0.532,0,0,14,50.31,0,0
TXN108229,164.82,Online,0.626,379,3,0,0.321,0,0,12,18.41,0,0
TXN108230,233.28,ATM,0.338,2733,8,0,0.154,0,0,22,5.82,0,0
TXN108231,134.63,Online,0.345,1234,4,1,0.958,0,0,3,10.63,0,0
TXN108232,190.19,POS,0.408,1533,3,0,0.417,0,0,16,42.7,0,0
TXN108233,160.51,POS,0.778,2553,5,0,0.56,1,0,3,6.76,0,0
TXN108234,126.02,ATM,0.4,3042,3,0,0.193,0,0,0,0.84,0,0
TXN108235,110.37,Online,0.086,2606,3,0,0.762,0,0,3,15.3,0,0
TXN108236,96.91,Online,0.279,1120,5,0,0.533,0,0,6,30.11,0,0
TXN108237,187.16,ATM,0.576,1657,4,0,0.26,0,0,13,12.12,0,0
TXN108238,223.81,ATM,0.993,1341,3,0,0.338,0,0,15,37.92,2,0
TXN108239,180.98,Online,0.143,1701,2,0,0.654,1,1,5,21.16,0,1
TXN108240,45.67,Online,0.323,2768,1,0,0.876,0,0,19,16.1,0,0
TXN108241,54.66,POS,0.486,3523,3,1,0.197,0,0,10,81.93,0,0
TXN108242,221.16,Bank Transfer,0.945,1444,6,0,0.27,0,0,19,5.95,1,1
TXN108243,646.56,Online,0.108,1210,1,0,0.877,0,0,12,32.2,0,0
TXN108244,172.85,Online,0.794,3227,1,2,0.759,0,0,15,8.72,0,0
TXN108245,98.33,POS,0.723,573,1,0,0.934,0,0,23,165.68,0,0
TXN108246,185.74,Online,,1445,8,1,0.242,0,0,12,41.54,1,0
TXN108247,47.62,POS,0.774,3479,3,0,0.69,0,0,2,8.89,0,0
TXN108248,549.46,Online,0.575,3222,3,1,0.309,0,1,3,37.42,0,1
TXN108249,178.86,Online,0.171,2960,3,0,0.372,0,0,8,24.68,0,0
TXN108250,75.99,ATM,0.286,3247,7,0,0.585,0,0,6,21.64,0,0
TXN108251,125.61,POS,0.328,888,1,0,0.444,0,0,21,32.22,0,0
TXN108252,87.62,Bank Transfer,0.323,240,4,0,0.611,0,0,16,20.69,0,0
TXN108253,550.96,POS,0.746,3133,2,0,0.445,0,0,9,18.54,0,0
TXN108254,121.24,Online,0.66,1810,4,1,0.777,0,0,13,6.49,0,1
TXN108255,173.36,POS,0.82,943,4,1,0.312,0,1,13,5.08,0,1
TXN108256,263.41,POS,0.511,1758,4,2,0.165,0,0,2,35.2,0,1
TXN108257,70.76,Bank Transfer,0.351,3025,3,0,0.805,0,0,19,16.47,0,0
TXN108258,180.14,POS,0.068,1810,4,0,0.905,0,0,12,17.01,1,0
TXN108259,195.28,Bank Transfer,0.794,2305,1,0,0.841,0,0,17,4.27,1,0
TXN108260,31.37,POS,0.075,1888,1,0,0.503,0,0,16,14.31,0,0
TXN108261,191.08,Online,0.301,1776,1,0,0.5,0,0,16,10.31,0,0
TXN108262,141.77,POS,0.669,3479,2,2,0.378,0,0,22,24.61,0,0
TXN108263,169.01,Online,0.764,3389,2,0,0.521,1,0,4,52.65,0,1
TXN108264,153.8,Bank Transfer,,1564,3,0,0.131,0,1,4,17.17,0,0
TXN108265,192.32,Online,0.608,2959,5,0,0.703,0,1,15,61.12,0,0
TXN108266,565.29,POS,0.137,2646,1,1,0.733,0,0,5,25.83,0,0
TXN108267,45.63,ATM,0.757,500,0,0,0.836,0,0,18,62.82,0,1
TXN108268,105.41,Online,0.73,3095,1,0,0.681,0,1,22,59.45,0,1
TXN108269,289.06,POS,0.748,2584,1,0,0.26,0,0,9,8.91,0,0
TXN108270,240.07,Online,0.064,3129,4,0,0.873,0,0,12,43.0,1,0
TXN108271,234.96,Online,0.559,2887,3,0,0.438,0,0,21,24.83,0,0
TXN108272,2329.89,ATM,0.241,3413,1,0,0.676,0,0,23,11.85,1,0
TXN108273,274.28,POS,0.496,1988,6,0,0.292,0,0,13,37.34,0,0
TXN108274,459.87,Online,0.989,251,2,0,0.469,0,1,14,83.03,0,1
TXN108275,109.17,Bank Transfer,0.09,1029,3,1,0.666,0,0,18,9.86,0,0
TXN108276,54.99,Online,0.594,558,2,0,0.691,0,0,16,2.28,0,0
TXN108277,108.38,Online,0.165,878,3,0,0.374,0,0,2,8.5,0,0
TXN108278,302.46,Bank Transfer,0.51,2102,3,0,0.637,0,1,14,24.35,0,0
TXN108279,222.92,POS,0.521,3556,3,0,0.104,0,1,4,67.3,1,1
TXN108280,222.13,Online,0.456,2791,4,0,0.634,0,1,23,2.14,0,1
TXN108281,119.78,ATM,0.64,1611,5,0,0.917,0,0,20,11.88,0,0
TXN108282,102.12,Online,0.974,1805,3,1,0.578,0,0,12,64.58,1,1
TXN108283,123.98,Bank Transfer,0.805,1908,3,0,0.496,0,0,1,12.89,1,1
TXN108284,306.27,Online,0.959,1516,2,0,0.524,0,0,1,35.45,0,0
TXN108285,344.03,POS,0.189,2195,4,0,0.178,0,0,1,15.31,1,1
TXN108286,54.26,Online,0.993,3438,5,0,0.479,0,0,2,4.19,0,0
TXN108287,318.09,POS,0.305,394,1,1,0.846,1,0,22,24.37,0,0
TXN108288,77.42,Bank Transfer,0.034,1319,1,0,0.947,0,1,4,6.61,1,0
TXN108289,237.2,POS,0.436,324,4,1,0.262,0,0,0,30.5,0,0
TXN108290,122.49,Online,0.246,3110,2,0,0.727,0,1,12,55.14,0,0
TXN108291,710.37,Online,0.762,747,4,0,0.559,0,0,14,111.85,0,1
TXN108292,97.7,POS,0.087,2394,2,0,0.947,0,0,19,26.49,0,0
TXN108293,177.44,POS,0.548,266,5,0,0.509,0,0,12,8.99,0,0
TXN108294,272.22,Online,0.289,1756,1,0,0.297,1,0,7,53.68,0,0
TXN108295,61.93,POS,0.207,3282,4,0,0.141,0,0,13,34.57,0,0
TXN108296,137.98,Bank Transfer,0.876,3477,2,0,0.776,0,1,14,27.26,0,0
TXN108297,113.68,Bank Transfer,0.516,565,3,0,0.748,0,0,15,34.78,0,0
TXN108298,88.78,POS,0.325,2424,1,0,0.934,0,0,4,,0,0
TXN108299,95.61,Bank Transfer,0.746,850,2,0,0.154,0,0,1,45.53,0,1
TXN108300,451.25,POS,0.853,2670,1,2,0.984,0,0,1,15.02,1,0
TXN108301,81.57,POS,0.442,1975,0,0,0.266,0,0,19,19.96,0,0
TXN108302,261.49,POS,0.182,2919,2,0,0.605,0,0,20,7.95,0,0
TXN108303,203.28,ATM,0.994,3274,5,0,0.609,0,0,14,18.46,0,0
TXN108304,36.71,Online,0.359,1311,1,0,0.137,0,0,3,40.97,0,0
TXN108305,249.43,POS,0.206,207,2,0,0.662,0,0,16,18.57,0,0
TXN108306,36.11,Online,0.103,1178,2,1,0.405,0,0,15,9.86,0,0
TXN108307,278.13,Online,0.124,811,0,0,0.852,0,0,16,29.67,0,0
TXN108308,89.37,ATM,0.943,480,0,0,0.579,0,1,12,22.89,1,0
TXN108309,149.66,Online,0.947,2626,3,0,0.167,0,0,11,35.54,0,0
TXN108310,40.68,ATM,0.508,3297,2,0,0.607,0,0,0,6.4,1,0
TXN108311,167.73,Online,0.692,1909,5,1,0.964,0,0,1,21.74,0,1
TXN108312,375.01,POS,0.833,1958,2,2,0.836,0,0,19,14.54,0,0
TXN108313,66.22,ATM,0.557,2182,3,1,0.772,0,0,11,28.57,0,0
TXN108314,80.87,POS,0.667,3282,3,0,0.913,0,0,1,20.38,0,0
TXN108315,233.84,Online,0.967,91,3,0,0.733,0,0,15,118.89,0,1
TXN108316,239.76,Online,0.173,1936,3,1,0.248,0,0,7,12.85,0,0
TXN108317,13.01,POS,0.139,3167,6,0,0.439,0,0,11,88.12,0,0
TXN108318,1113.66,POS,0.753,616,0,0,0.186,0,0,5,28.21,0,1
TXN108319,251.78,Online,0.703,2125,2,0,0.544,0,1,0,53.77,0,1
TXN108320,297.95,ATM,0.186,57,4,0,0.328,0,0,0,5.22,0,0
TXN108321,128.57,ATM,0.302,3050,1,0,0.741,0,1,22,23.2,0,0
TXN108322,23.21,Online,0.685,2401,4,1,0.171,0,0,9,20.43,0,0
TXN108323,291.41,POS,0.494,3518,3,0,0.169,0,0,0,92.72,0,0
TXN108324,84.34,POS,0.893,1115,4,1,0.956,0,0,10,68.24,0,1
TXN108325,255.68,ATM,0.837,2680,3,0,0.865,0,1,4,6.14,0,0
TXN108326,119.25,Online,0.487,2814,4,1,0.418,0,0,10,48.29,0,0
TXN108327,188.3,ATM,0.667,142,1,0,0.106,0,0,21,54.71,0,0
TXN108328,68.37,POS,0.643,2778,3,1,0.357,0,0,1,8.2,0,0
TXN108329,352.27,POS,0.092,2605,0,0,0.326,0,1,2,62.98,0,0
TXN108330,45.22,Online,0.426,2253,3,0,0.769,0,1,10,6.47,1,0
TXN108331,1401.88,Online,0.44,2069,3,0,0.525,0,0,16,15.39,0,0
TXN108332,1391.24,Online,0.897,2926,4,0,0.613,0,1,15,28.38,0,1
TXN108333,759.53,POS,0.885,404,4,1,0.901,0,1,13,99.36,1,1
TXN108334,531.38,ATM,0.058,1451,1,0,0.475,0,0,1,50.53,0,0
TXN108335,136.38,Online,0.845,1008,1,0,0.107,0,0,1,8.19,0,0
TXN108336,476.54,ATM,0.612,3090,5,0,0.958,0,0,9,49.4,0,0
TXN108337,134.8,Online,0.016,641,5,0,0.578,0,0,12,81.69,0,0
TXN108338,31.39,Online,0.382,249,3,0,0.201,0,0,8,63.74,0,1
TXN108339,667.27,Online,0.888,3377,3,1,0.853,0,0,11,0.97,0,0
TXN108340,458.9,Online,0.358,1464,3,0,0.273,0,1,13,22.6,0,0
TXN108341,143.83,Online,0.676,2908,7,0,0.735,1,1,19,89.99,0,0
TXN108342,43.59,Online,0.566,874,2,1,0.404,0,0,6,88.7,0,1
TXN108343,82.58,POS,0.59,2567,2,1,0.943,1,0,1,31.34,1,1
TXN108344,24.02,Bank Transfer,0.481,3380,5,0,0.614,0,0,23,28.93,0,0
TXN108345,381.87,POS,0.482,2793,2,0,0.352,1,1,8,29.61,0,0
TXN108346,29.87,POS,0.903,1095,0,0,0.426,0,0,8,84.84,0,0
TXN108347,197.72,ATM,0.414,2206,3,0,0.523,0,0,18,19.15,0,0
TXN108348,63.84,POS,0.191,3039,4,0,0.904,0,0,7,4.62,0,0
TXN108349,35.63,Bank Transfer,0.42,3126,2,0,0.489,0,0,17,14.81,0,0
TXN108350,188.36,Online,0.733,1113,1,1,0.625,0,0,3,52.59,0,1
TXN108351,106.29,POS,0.475,857,1,0,0.265,0,0,13,14.49,0,0
TXN108352,343.16,POS,0.732,1599,3,0,0.271,0,0,12,90.56,0,0
TXN108353,41.78,POS,0.24,936,4,0,0.211,0,0,21,1.26,0,0
TXN108354,69.59,POS,0.583,2637,0,0,0.262,0,0,16,44.36,0,0
TXN108355,13.63,POS,0.864,2172,2,1,0.406,0,0,23,9.87,1,1
TXN108356,16.7,POS,0.529,1766,2,1,0.388,0,1,12,30.5,0,0
TXN108357,896.23,POS,0.637,2962,4,0,0.771,0,0,6,54.37,0,0
TXN108358,1192.25,Online,0.679,803,0,0,0.675,0,0,5,50.99,0,0
TXN108359,162.83,POS,0.74,3055,3,1,0.334,0,0,5,54.98,0,0
TXN108360,65.12,POS,0.35,2070,4,1,0.331,0,0,18,37.02,0,0
TXN108361,110.12,POS,0.627,3564,2,0,0.354,0,0,8,5.26,0,0
TXN108362,355.52,POS,0.416,2200,1,0,0.45,0,0,8,39.75,0,0
TXN108363,88.73,POS,0.391,2789,0,0,0.57,0,0,23,45.27,0,0
TXN108364,188.22,POS,0.475,716,4,0,0.718,0,1,1,20.16,0,0
TXN108365,146.53,POS,0.408,872,2,0,0.618,0,0,2,57.17,0,0
TXN108366,84.03,Bank Transfer,0.026,2043,3,0,0.382,0,0,20,107.03,1,0
TXN108367,87.69,POS,0.742,864,1,0,0.557,0,0,13,71.98,1,1
TXN108368,199.0,POS,0.584,189,1,1,0.885,0,0,19,10.17,0,0
TXN108369,55.87,Online,0.138,1643,6,0,0.613,0,0,1,17.95,1,0
TXN108370,233.16,Online,0.261,983,3,0,0.196,0,0,7,49.35,0,0
TXN108371,92.61,POS,0.611,2383,2,0,0.56,0,0,2,4.15,0,0
TXN108372,168.57,ATM,0.518,2117,2,1,0.964,0,0,16,22.75,0,0
TXN108373,592.27,Online,0.723,1887,1,0,0.597,0,0,13,,0,0
TXN108374,125.44,Bank Transfer,0.489,3039,0,1,0.22,1,1,4,,0,1
TXN108375,372.34,Bank Transfer,0.845,274,5,0,0.837,0,0,16,6.51,0,0
TXN108376,24.73,Online,0.077,2867,2,1,0.359,0,0,4,8.89,0,0
TXN108377,92.72,Online,0.613,1774,2,0,0.437,0,0,21,23.95,0,0
TXN108378,152.58,Online,0.372,2551,1,0,0.973,0,0,10,31.02,0,0
TXN108379,1015.7,Bank Transfer,0.307,2987,3,0,0.28,0,1,11,24.26,0,0
TXN108380,20.91,Online,0.944,1123,2,0,0.425,0,1,10,43.03,0,0
TXN108381,134.8,POS,0.864,899,2,0,0.965,0,0,15,11.1,0,0
TXN108382,636.95,POS,0.184,2755,3,0,0.908,0,1,19,3.86,0,0
TXN108383,67.69,Online,0.057,2328,3,1,0.114,0,0,20,32.59,0,0
TXN108384,119.96,Online,0.867,704,1,0,0.798,0,0,16,29.52,1,0
TXN108385,206.8,ATM,0.169,1006,3,0,0.197,0,0,2,22.27,0,0
TXN108386,178.49,POS,0.928,3121,5,1,0.625,0,0,19,45.0,0,0
TXN108387,710.36,ATM,0.277,2041,0,0,0.737,0,0,18,20.72,0,0
TXN108388,232.4,POS,0.412,3328,2,1,0.545,0,0,14,21.74,0,0
TXN108389,559.91,Online,0.045,2567,3,0,0.998,0,0,1,48.76,0,0
TXN108390,103.54,Online,0.538,776,5,1,0.551,0,0,19,,0,0
TXN108391,70.77,POS,0.189,780,1,0,0.221,1,1,2,24.96,0,0
TXN108392,118.42,Online,0.431,3524,0,0,0.133,0,0,23,68.73,0,0
TXN108393,46.57,POS,0.919,2707,4,0,0.703,0,1,2,7.4,0,0
TXN108394,240.69,POS,0.253,2182,5,0,0.473,0,0,3,49.51,0,0
TXN108395,100.9,ATM,0.635,2478,2,0,0.708,0,1,12,29.91,0,0
TXN108396,75.81,POS,0.202,1530,2,1,0.681,0,0,17,29.21,0,0
TXN108397,244.36,ATM,0.61,1162,0,0,0.447,1,0,21,11.17,0,0
TXN108398,47.29,Online,0.289,3011,6,1,0.438,0,1,4,10.04,0,0
TXN108399,320.7,POS,0.682,3269,3,0,0.534,0,0,2,2.78,0,0
TXN108400,91.99,Bank Transfer,0.771,3310,8,0,0.511,1,1,9,26.27,0,1
TXN108401,473.0,ATM,0.881,2855,4,0,0.295,0,0,15,42.22,0,1
TXN108402,100.21,ATM,0.919,3185,4,0,0.113,0,0,12,12.74,0,1
TXN108403,279.19,ATM,0.241,1916,7,0,0.847,0,0,20,51.38,0,0
TXN108404,177.61,Online,0.129,1157,5,1,0.853,0,1,23,21.39,1,1
TXN108405,312.28,Bank Transfer,0.049,329,0,0,0.761,0,0,9,15.25,0,0
TXN108406,165.66,POS,0.72,1147,1,1,0.452,0,0,3,14.96,0,0
TXN108407,28.12,POS,0.187,1625,3,0,0.565,0,0,2,10.43,1,0
TXN108408,406.99,Online,0.8,333,6,0,0.136,0,0,10,27.85,0,1
TXN108409,135.95,POS,0.965,1224,10,0,0.958,1,0,10,19.99,0,0
TXN108410,326.85,Online,0.148,3391,5,0,0.384,0,0,16,37.98,1,0
TXN108411,295.97,Online,0.283,980,5,0,0.711,0,0,2,31.59,0,0
TXN108412,68.49,POS,0.524,1453,5,0,0.504,0,0,19,4.95,0,0
TXN108413,59.45,Bank Transfer,0.431,2359,1,0,0.167,0,0,11,22.43,0,0
TXN108414,285.82,POS,0.426,3233,9,0,0.722,0,0,6,8.08,0,0
TXN108415,109.59,POS,0.217,3366,1,1,0.318,1,0,19,20.56,1,1
TXN108416,378.58,Online,0.889,2970,4,2,0.667,1,0,22,71.51,0,1
TXN108417,124.19,ATM,0.682,560,5,0,0.856,0,0,21,37.25,1,0
TXN108418,412.98,ATM,0.154,433,2,1,0.42,0,1,19,35.92,0,1
TXN108419,226.63,POS,0.004,2714,0,0,0.876,0,0,14,12.51,1,0
TXN108420,197.94,Bank Transfer,0.763,3235,1,1,0.43,0,0,9,,0,1
TXN108421,102.1,Online,0.016,2280,1,0,0.433,0,0,8,5.99,0,0
TXN108422,187.25,ATM,0.88,3340,9,0,0.909,0,0,11,40.15,0,0
TXN108423,489.24,POS,0.529,2444,2,0,0.741,0,1,10,25.59,0,0
TXN108424,140.58,POS,0.93,1300,1,0,0.636,1,0,13,,0,1
TXN108425,252.44,Online,0.772,3089,3,0,0.226,0,0,6,28.79,0,1
TXN108426,155.46,Online,0.894,2771,4,0,0.141,0,1,8,18.06,0,0
TXN108427,168.11,POS,0.744,1389,2,0,0.743,0,0,0,40.54,0,1
TXN108428,831.65,Online,0.577,2163,3,2,0.475,0,0,22,46.28,0,0
TXN108429,493.6,Online,0.173,2127,4,1,0.161,0,1,18,39.81,2,1
TXN108430,160.68,POS,0.728,388,3,0,0.168,0,0,16,64.31,0,0
TXN108431,183.91,Online,0.592,1032,3,0,0.118,0,0,7,24.2,0,0
TXN108432,73.56,POS,0.455,854,5,0,0.558,0,0,4,33.14,0,0
TXN108433,124.84,Bank Transfer,0.559,1058,2,0,0.808,0,0,8,57.09,0,0
TXN108434,202.23,Online,0.232,1932,1,0,0.771,0,0,22,20.86,0,0
TXN108435,347.45,Online,0.404,1888,5,0,0.335,0,0,14,13.79,2,0
TXN108436,313.95,Bank Transfer,0.124,3136,4,0,0.712,0,0,18,25.98,0,0
TXN108437,48.95,Online,0.41,56,1,0,0.957,0,0,14,48.5,0,0
TXN108438,394.25,POS,0.467,3014,5,2,0.822,0,0,21,33.6,1,0
TXN108439,135.81,Online,0.858,928,5,0,0.482,0,0,8,12.12,0,0
TXN108440,55.31,Bank Transfer,0.527,1301,7,1,0.756,1,0,15,10.59,0,0
TXN108441,564.75,POS,0.909,578,1,0,0.248,0,0,4,31.6,0,0
TXN108442,641.16,Online,0.968,78,3,0,0.801,0,0,9,18.98,0,1
TXN108443,193.2,POS,0.049,463,3,0,0.292,1,0,2,37.58,0,1
TXN108444,301.51,ATM,0.597,842,1,0,0.44,0,0,16,27.84,0,0
TXN108445,319.72,Online,0.299,1422,3,0,0.639,0,0,21,17.01,0,0
TXN108446,599.31,Bank Transfer,0.851,1158,2,0,0.604,0,0,3,6.23,0,0
TXN108447,307.38,Online,0.494,407,5,0,0.607,0,0,0,17.92,0,1
TXN108448,39.34,POS,0.078,1253,5,1,0.805,0,0,11,11.25,1,0
TXN108449,1107.44,Online,0.215,588,4,0,0.304,0,0,23,63.0,0,0
TXN108450,430.81,Bank Transfer,0.674,2505,3,0,0.881,0,0,17,12.04,0,0
TXN108451,89.16,POS,0.08,2450,0,0,0.132,0,0,6,81.49,0,0
TXN108452,53.0,POS,0.379,257,4,0,0.236,0,1,7,72.36,0,1
TXN108453,245.87,Online,0.872,2387,0,0,0.973,0,0,8,86.23,0,0
TXN108454,112.36,Online,,3318,4,0,0.783,0,0,2,94.59,1,0
TXN108455,206.44,POS,0.696,3450,1,0,0.234,0,1,11,28.89,0,0
TXN108456,312.13,POS,0.675,235,2,0,0.503,0,0,21,43.95,0,0
TXN108457,84.23,POS,0.321,3361,4,0,0.107,0,0,16,41.59,0,1
TXN108458,48.61,Online,0.113,1503,5,0,0.569,0,0,20,36.32,1,0
TXN108459,218.29,Online,0.102,3193,4,0,0.984,0,0,2,50.05,0,0
TXN108460,87.06,Online,0.969,767,2,1,0.682,1,0,23,31.47,0,1
TXN108461,171.76,ATM,0.677,2531,6,0,0.648,0,1,19,52.99,1,0
TXN108462,38.73,POS,0.376,2935,3,0,0.846,0,0,15,21.86,0,0
TXN108463,115.33,Online,0.834,995,5,0,0.619,0,1,17,7.43,1,1
TXN108464,303.37,POS,0.103,2699,4,1,0.678,0,0,0,13.57,0,0
TXN108465,272.04,Online,0.127,674,3,0,0.368,0,1,12,,0,0
TXN108466,67.47,Online,0.198,2598,2,0,0.608,0,0,6,62.33,0,0
TXN108467,46.14,Online,0.764,3466,2,0,0.761,0,0,12,69.16,0,0
TXN108468,150.77,Bank Transfer,0.409,1113,5,1,0.564,0,0,5,14.4,0,0
TXN108469,260.09,POS,0.643,3503,5,0,0.466,0,0,0,2.73,0,1
TXN108470,222.56,POS,0.232,2445,1,0,0.29,0,0,3,13.28,0,0
TXN108471,88.93,Online,0.777,1856,3,0,0.321,0,1,10,24.47,0,1
TXN108472,199.9,Online,0.802,1214,0,0,0.927,0,0,15,38.06,0,1
TXN108473,666.71,POS,0.413,2015,5,0,0.217,0,0,7,8.58,0,0
TXN108474,182.21,Bank Transfer,0.209,3591,3,1,0.667,0,0,22,10.87,0,0
TXN108475,28.99,ATM,0.63,49,3,0,0.762,0,1,9,37.81,0,0
TXN108476,181.85,Online,0.256,3165,2,0,0.28,0,0,19,24.08,0,0
TXN108477,1145.91,Online,0.148,567,1,0,0.255,0,0,23,16.36,0,1
TXN108478,40.96,POS,0.616,3202,5,4,0.288,0,1,9,27.21,0,0
TXN108479,152.89,Online,0.513,2006,4,1,0.593,0,0,20,25.29,0,0
TXN108480,118.35,Online,0.783,3284,2,0,0.272,0,0,8,22.34,0,0
TXN108481,163.35,Bank Transfer,0.292,688,4,0,0.351,0,0,13,77.19,0,0
TXN108482,180.23,Online,0.225,202,5,0,0.419,0,0,13,8.01,0,0
TXN108483,464.04,POS,0.641,1763,3,0,0.137,0,0,6,47.7,0,0
TXN108484,161.54,POS,0.701,2846,4,1,0.125,0,1,13,23.84,0,0
TXN108485,532.33,POS,0.413,2907,4,1,0.106,0,0,6,72.22,0,0
TXN108486,131.94,Bank Transfer,0.442,2797,6,0,0.896,1,0,19,23.51,0,0
TXN108487,104.57,ATM,0.124,2928,1,0,0.926,0,0,17,74.85,1,0
TXN108488,76.01,ATM,0.469,2837,3,1,0.614,0,0,19,18.64,0,0
TXN108489,24.12,ATM,0.961,3149,1,0,0.138,0,0,22,41.01,0,0
TXN108490,195.54,POS,0.114,647,4,1,0.575,0,0,10,21.38,0,0
TXN108491,1157.48,Online,0.568,883,2,0,0.89,0,1,2,27.14,0,1
TXN108492,234.68,Online,0.018,42,1,1,0.868,0,0,16,4.65,1,0
TXN108493,294.93,POS,0.325,1593,4,1,0.632,0,0,21,16.51,0,0
TXN108494,98.2,Online,0.761,981,4,3,0.206,0,0,14,40.8,0,1
TXN108495,116.24,Online,0.567,2299,3,0,0.409,0,0,12,81.54,0,0
TXN108496,397.28,Bank Transfer,0.081,2031,6,0,0.99,0,0,5,13.88,0,0
TXN108497,1106.21,POS,0.452,2133,6,0,0.843,0,0,0,25.54,0,1
TXN108498,657.17,Bank Transfer,0.079,2414,4,1,0.746,0,0,21,67.86,0,1
TXN108499,332.04,Bank Transfer,0.374,3646,3,0,0.385,0,0,1,21.04,0,0
TXN108500,153.72,Bank Transfer,0.769,415,1,0,0.267,0,0,19,66.2,0,0
TXN108501,183.04,POS,0.258,1030,0,1,0.485,1,0,18,58.18,0,0
TXN108502,69.86,POS,0.453,1541,3,0,0.311,0,1,2,53.34,0,1
TXN108503,34.88,Online,0.5,288,3,1,0.402,0,0,13,11.66,0,0
TXN108504,48.1,POS,0.853,2993,5,0,0.83,0,0,11,55.02,0,0
TXN108505,155.99,POS,0.122,1434,2,0,0.254,0,0,7,5.75,0,0
TXN108506,110.83,ATM,0.55,633,5,0,0.326,0,0,23,45.99,0,0
TXN108507,34.14,POS,0.031,1905,4,0,0.33,0,0,16,5.03,0,0
TXN108508,142.98,Online,0.093,724,3,0,0.923,0,0,13,29.11,0,0
TXN108509,107.94,Bank Transfer,0.221,1431,3,0,0.192,1,0,16,17.51,0,0
TXN108510,45.93,Online,0.72,2362,3,1,0.513,0,0,17,82.03,0,0
TXN108511,102.5,Bank Transfer,0.041,1186,5,0,0.938,0,0,23,29.28,1,0
TXN108512,107.67,Online,0.945,3044,3,1,0.875,0,0,1,50.87,0,0
TXN108513,80.11,POS,0.428,961,2,0,0.693,0,0,8,38.07,1,0
TXN108514,374.9,POS,0.839,446,3,1,0.727,0,0,4,24.57,0,0
TXN108515,22.13,POS,0.222,1577,4,0,0.73,1,0,16,66.57,0,0
TXN108516,20.37,POS,0.338,722,5,0,0.211,0,0,5,14.59,0,0
TXN108517,148.9,ATM,0.727,2524,3,0,0.155,0,0,13,14.92,0,0
TXN108518,163.39,Bank Transfer,0.379,1926,7,1,0.106,1,0,12,49.43,0,0
TXN108519,222.34,POS,0.507,568,5,0,,0,0,18,26.97,0,0
TXN108520,86.58,POS,0.809,1248,8,1,0.731,0,1,17,23.94,0,0
TXN108521,59.27,Online,0.651,3163,2,3,0.53,0,0,22,43.05,0,1
TXN108522,147.33,Online,0.836,2994,2,0,0.108,0,0,15,54.56,0,1
TXN108523,95.43,POS,0.086,2350,4,0,0.732,1,0,0,98.11,0,1
TXN108524,699.99,POS,0.608,3299,3,0,0.456,0,0,19,11.14,0,0
TXN108525,107.32,POS,0.601,418,3,0,0.823,0,0,10,32.95,0,0
TXN108526,140.73,Online,0.607,2679,0,1,0.942,1,1,21,44.95,0,0
TXN108527,1764.14,POS,0.589,115,3,0,0.514,0,0,4,29.58,0,1
TXN108528,122.15,ATM,0.724,2201,4,0,0.52,1,0,5,28.13,0,0
TXN108529,258.83,POS,0.844,215,2,0,0.458,0,0,14,3.58,1,0
TXN108530,283.24,Online,0.23,1267,3,0,0.481,0,0,17,73.33,0,0
TXN108531,308.4,Online,0.105,357,2,0,0.658,0,0,19,4.65,0,0
TXN108532,198.24,POS,0.074,949,4,0,0.764,0,0,1,23.19,0,0
TXN108533,180.16,Bank Transfer,0.158,2359,3,0,0.459,0,0,21,18.48,0,0
TXN108534,164.08,Online,0.656,2861,1,0,0.317,0,1,11,27.4,0,1
TXN108535,83.43,Bank Transfer,0.416,3435,3,0,0.196,0,0,19,36.1,0,0
TXN108536,205.51,Online,0.349,3607,4,0,0.76,0,0,4,10.86,0,0
TXN108537,1128.5,Online,0.91,512,4,2,0.473,0,0,16,14.3,0,0
TXN108538,498.04,POS,0.9,3358,3,0,0.74,0,0,2,39.52,0,1
TXN108539,201.12,Online,0.539,1059,2,0,0.424,0,1,5,31.99,0,0
TXN108540,349.26,Online,0.459,3231,2,1,0.689,0,0,13,45.41,0,0
TXN108541,62.23,Online,0.27,3164,4,0,0.489,0,0,17,64.5,0,0
TXN108542,114.38,POS,0.46,3357,3,0,0.943,0,0,6,79.48,0,0
TXN108543,382.93,POS,0.411,1860,3,0,0.529,0,1,8,10.93,0,0
TXN108544,656.66,POS,0.007,2746,5,1,0.705,0,1,13,47.42,0,0
TXN108545,68.66,POS,0.759,1576,1,0,0.612,0,0,10,34.45,0,0
TXN108546,91.51,Online,0.439,312,1,1,0.848,0,0,19,51.55,0,0
TXN108547,1314.72,Bank Transfer,0.223,1743,3,0,0.742,0,0,20,39.22,0,0
TXN108548,163.41,POS,0.666,757,3,0,0.468,0,0,15,10.78,0,1
TXN108549,919.07,POS,0.448,396,6,1,0.241,0,0,13,20.68,0,0
TXN108550,182.52,POS,0.314,515,3,0,0.483,0,0,5,63.49,0,0
TXN108551,189.84,POS,0.231,824,3,0,0.921,0,0,15,14.29,0,0
TXN108552,109.35,Online,0.059,2913,4,1,0.777,0,0,8,85.33,0,0
TXN108553,380.91,POS,0.503,3512,4,0,0.472,0,0,21,7.24,0,0
TXN108554,576.96,Bank Transfer,0.375,3108,0,1,0.44,0,0,20,14.63,0,0
TXN108555,52.72,ATM,0.04,2359,0,0,0.145,1,0,8,24.15,0,0
TXN108556,104.33,Online,0.812,3223,1,0,0.373,1,0,1,18.81,0,1
TXN108557,370.58,Bank Transfer,0.808,1066,6,0,0.684,0,0,4,24.08,0,1
TXN108558,130.38,Online,0.49,3318,2,2,0.911,0,0,2,46.06,0,0
TXN108559,90.61,Bank Transfer,0.839,3458,2,0,0.702,0,0,17,20.35,0,0
TXN108560,407.3,POS,0.481,568,3,1,0.13,0,0,16,58.21,0,0
TXN108561,447.4,Bank Transfer,0.169,1468,5,0,0.393,0,0,13,5.94,0,0
TXN108562,94.67,POS,0.518,1045,2,0,0.801,0,0,22,8.11,0,0
TXN108563,183.53,POS,0.313,539,0,1,0.849,0,0,15,9.53,0,0
TXN108564,44.32,Bank Transfer,0.452,655,1,0,0.184,0,1,15,15.55,0,0
TXN108565,60.61,POS,0.971,3524,2,0,0.338,0,0,23,19.4,0,0
TXN108566,168.03,POS,0.356,686,5,0,0.391,0,0,1,8.08,0,0
TXN108567,153.15,POS,0.216,2440,2,0,0.903,0,0,22,19.47,0,0
TXN108568,56.44,POS,0.129,3189,2,0,0.618,0,0,17,18.32,0,0
TXN108569,72.53,POS,0.884,2755,4,0,0.268,0,0,5,13.98,0,0
TXN108570,51.16,Online,0.015,1671,1,0,0.621,0,0,11,32.02,0,0
TXN108571,233.94,Online,0.907,111,7,1,0.754,0,0,11,30.42,0,1
TXN108572,20.75,ATM,0.062,1543,2,0,0.425,1,0,5,5.81,0,0
TXN108573,53.97,POS,0.753,1054,6,1,0.947,1,0,10,10.56,0,0
TXN108574,23.04,ATM,0.294,3159,1,0,0.845,0,0,4,38.82,0,0
TXN108575,225.66,Online,0.25,3452,5,1,0.662,0,0,20,19.23,0,0
TXN108576,24.47,ATM,0.18,871,3,1,0.441,0,0,7,10.0,0,0
TXN108577,153.2,ATM,0.135,593,1,2,,0,0,5,26.63,0,0
TXN108578,764.73,Bank Transfer,0.066,2998,5,0,0.164,0,0,0,,0,0
TXN108579,791.11,POS,0.155,3191,1,0,0.825,0,0,1,28.24,0,1
TXN108580,24.39,Online,0.588,3589,0,0,0.906,0,0,6,,0,0
TXN108581,200.02,Bank Transfer,0.57,2819,4,0,0.212,0,0,18,77.79,0,0
TXN108582,55.2,Online,0.281,1707,3,0,0.181,0,0,21,45.58,0,1
TXN108583,45.01,POS,0.68,1400,1,1,0.719,0,0,22,20.06,0,0
TXN108584,132.49,Online,0.77,246,2,0,0.602,0,1,21,6.5,0,0
TXN108585,506.89,ATM,0.98,3239,4,0,0.432,0,0,2,23.29,0,1
TXN108586,270.33,POS,0.44,3624,2,2,0.379,0,0,14,11.62,0,0
TXN108587,72.59,Online,0.375,3370,2,2,0.32,1,0,0,,0,0
TXN108588,300.38,ATM,0.973,2106,1,1,0.28,0,0,4,23.17,0,0
TXN108589,15.74,Online,0.942,3168,1,1,0.305,0,1,19,43.67,0,1
TXN108590,69.9,POS,0.927,38,1,0,0.398,0,0,11,10.07,0,0
TXN108591,65.11,Online,0.609,1505,1,0,0.56,0,0,21,49.16,0,0
TXN108592,160.5,Online,0.618,419,4,0,0.981,0,0,15,49.88,0,0
TXN108593,121.17,Online,0.928,2155,1,0,0.126,0,0,11,46.26,1,0
TXN108594,128.83,Online,0.48,38,1,0,0.787,0,0,20,52.35,0,0
TXN108595,124.62,Online,0.213,1138,2,0,0.195,0,0,13,18.51,0,0
TXN108596,151.78,Bank Transfer,0.985,1548,2,0,0.595,0,0,14,16.54,0,0
TXN108597,254.71,ATM,0.842,500,2,0,0.271,1,0,12,59.58,0,1
TXN108598,172.32,ATM,0.056,341,3,0,0.111,0,0,10,38.78,0,0
TXN108599,111.68,Online,0.112,3295,4,0,0.214,0,0,16,7.33,1,0
TXN108600,221.79,POS,0.882,1015,5,0,0.302,0,0,19,4.33,0,0
TXN108601,339.04,ATM,0.301,3581,5,0,0.365,0,0,16,17.09,0,0
TXN108602,85.11,POS,0.696,1371,5,1,0.267,0,0,6,21.28,0,0
TXN108603,139.85,Online,0.118,242,5,0,0.371,0,1,1,25.91,0,0
TXN108604,474.33,POS,0.171,404,4,3,0.368,0,0,7,55.03,0,0
TXN108605,49.27,Online,0.747,2519,2,1,0.917,0,0,11,13.13,0,0
TXN108606,902.08,Online,0.979,76,1,0,0.79,0,0,23,19.69,0,0
TXN108607,38.89,Online,0.502,3466,7,0,0.268,0,0,5,24.54,0,1
TXN108608,105.07,Online,0.043,955,1,1,0.682,0,0,4,25.19,0,0
TXN108609,57.39,POS,0.234,2230,1,0,0.469,0,1,7,17.16,0,0
TXN108610,1323.36,POS,0.213,1636,1,0,0.516,0,0,20,53.28,0,1
TXN108611,89.72,Online,0.935,200,7,1,0.4,0,0,11,33.35,0,0
TXN108612,89.94,Bank Transfer,0.419,2574,9,0,0.691,0,1,7,7.93,0,0
TXN108613,102.44,Bank Transfer,0.948,83,7,0,0.123,0,0,7,13.32,0,0
TXN108614,163.3,Bank Transfer,0.86,2914,6,0,0.439,0,1,5,5.91,0,1
TXN108615,106.86,POS,0.451,1854,6,0,0.792,0,0,3,33.68,0,0
TXN108616,129.95,POS,0.025,1125,3,0,0.995,1,0,17,37.37,0,0
TXN108617,4.35,Online,0.973,3432,3,0,0.222,0,1,8,44.43,0,0
TXN108618,157.14,Online,0.01,765,5,0,0.401,0,0,4,4.79,0,0
TXN108619,151.08,Online,0.856,1039,5,0,0.448,0,0,18,9.97,0,0
TXN108620,419.29,ATM,0.413,2367,2,0,0.592,0,0,5,24.71,0,0
TXN108621,549.53,Online,0.301,1298,1,1,0.536,0,1,14,36.69,0,0
TXN108622,123.01,Online,0.408,1792,2,1,0.846,0,1,8,1.07,0,0
TXN108623,335.7,Bank Transfer,0.357,2911,7,0,0.676,0,0,6,24.37,1,0
TXN108624,49.33,POS,0.689,3336,2,0,0.834,0,0,1,48.75,0,0
TXN108625,319.69,ATM,0.573,2932,2,0,0.744,0,0,20,25.5,0,0
TXN108626,83.72,Online,0.257,321,2,0,0.951,0,0,9,27.19,0,0
TXN108627,45.39,POS,0.528,3445,2,0,0.763,0,1,22,12.09,0,0
TXN108628,123.27,Bank Transfer,0.405,1553,3,0,0.19,0,0,7,24.51,0,0
TXN108629,602.13,ATM,0.921,3065,2,1,0.721,0,0,6,30.71,0,0
TXN108630,177.86,ATM,0.892,1064,4,0,0.13,0,0,14,34.65,1,1
TXN108631,662.81,POS,0.617,2179,8,0,0.259,0,0,18,94.02,0,0
TXN108632,70.19,POS,0.965,3521,1,0,0.943,0,1,14,16.12,0,0
TXN108633,423.2,Online,0.375,3428,2,0,0.96,0,0,0,45.96,0,0
TXN108634,77.31,POS,0.088,2398,1,0,0.197,0,0,23,46.16,0,0
TXN108635,185.92,POS,0.048,2254,5,1,0.457,0,0,22,38.76,0,0
TXN108636,184.32,Online,0.833,136,1,0,0.99,0,0,5,19.58,1,1
TXN108637,287.58,POS,0.383,2207,1,0,0.166,0,0,1,34.52,0,0
TXN108638,190.71,ATM,0.86,1551,3,1,0.92,0,0,6,12.99,0,0
TXN108639,70.87,Online,0.459,86,6,0,0.985,0,0,21,20.84,0,0
TXN108640,357.92,POS,0.011,3451,5,1,0.894,0,0,20,60.1,0,0
TXN108641,838.54,Online,0.529,1678,2,1,0.836,0,0,12,61.34,0,0
TXN108642,82.78,POS,0.595,2815,2,0,0.614,0,1,21,45.38,0,0
TXN108643,23.68,POS,0.452,185,2,0,0.921,1,0,7,16.44,0,0
TXN108644,244.53,Online,0.838,917,2,0,0.191,0,0,2,34.23,0,1
TXN108645,106.57,Online,0.644,3283,3,0,0.202,0,0,23,26.65,0,0
TXN108646,130.18,POS,0.365,3421,4,1,0.722,0,0,8,40.83,0,1
TXN108647,258.83,Online,0.719,67,3,0,0.108,0,0,18,2.05,0,1
TXN108648,94.03,Online,0.32,3260,3,2,0.676,0,0,12,39.93,0,1
TXN108649,113.43,Online,0.839,1141,4,0,0.656,0,0,17,49.86,0,0
TXN108650,134.27,POS,0.28,812,4,0,0.651,0,0,19,36.91,0,0
TXN108651,645.32,Online,0.667,3632,2,0,0.255,1,0,16,32.05,0,1
TXN108652,152.94,Online,0.415,1965,5,1,0.924,0,0,8,46.2,0,0
TXN108653,43.13,POS,0.101,2908,2,1,,0,0,15,33.18,0,0
TXN108654,44.89,Online,0.63,529,2,1,0.353,0,0,14,17.04,0,0
TXN108655,170.58,ATM,0.383,2772,4,1,0.639,0,0,15,88.16,0,0
TXN108656,47.97,POS,0.634,1356,4,0,0.458,0,1,2,11.37,0,0
TXN108657,31.12,Online,0.54,2610,4,1,0.785,0,0,19,12.33,0,0
TXN108658,280.21,ATM,0.042,2403,4,0,0.545,0,0,15,33.19,0,0
TXN108659,294.27,POS,0.205,215,5,1,0.361,0,0,5,58.43,0,0
TXN108660,102.71,Bank Transfer,0.7,3197,4,2,0.835,0,0,14,58.57,0,0
TXN108661,199.07,Online,0.468,1073,5,2,0.458,0,0,2,26.4,0,0
TXN108662,179.13,ATM,0.466,1350,5,0,0.996,0,0,20,34.21,0,0
TXN108663,271.08,Bank Transfer,0.002,2920,1,1,0.453,0,1,12,8.23,1,0
TXN108664,271.71,Bank Transfer,0.303,3204,0,0,0.613,0,0,9,,0,0
TXN108665,10.96,Online,0.669,3271,5,0,0.46,0,0,21,30.86,0,0
TXN108666,116.69,Online,0.887,1676,6,1,0.581,0,0,3,31.26,0,0
TXN108667,249.11,POS,0.574,1297,1,0,0.992,0,0,14,30.18,1,0
TXN108668,98.45,POS,0.541,2996,5,2,0.201,0,0,10,46.57,0,0
TXN108669,153.88,ATM,0.47,969,4,0,0.833,1,1,14,28.01,0,0
TXN108670,314.41,Online,0.678,2358,3,2,0.899,0,1,0,53.52,0,1
TXN108671,160.92,ATM,0.798,883,2,0,0.704,0,0,18,3.08,0,0
TXN108672,670.43,POS,0.221,790,5,3,0.543,0,1,17,8.13,1,0
TXN108673,458.05,POS,0.714,2013,2,0,0.588,0,0,16,34.43,1,0
TXN108674,131.82,POS,0.244,3161,2,1,0.717,0,1,18,9.32,0,1
TXN108675,121.75,Online,0.032,1085,4,1,0.958,0,0,3,49.7,0,0
TXN108676,8.58,POS,0.075,2659,5,1,0.411,1,1,7,9.74,1,0
TXN108677,107.07,POS,0.047,107,1,0,0.924,0,0,5,32.92,0,0
TXN108678,38.35,Bank Transfer,0.28,2556,1,0,0.352,0,0,17,15.01,0,0
TXN108679,185.16,ATM,0.127,1444,4,1,0.504,0,1,8,52.37,0,0
TXN108680,172.93,ATM,0.085,301,1,2,0.496,0,0,8,30.53,0,0
TXN108681,297.63,POS,0.148,2034,2,0,0.257,0,0,20,66.33,0,0
TXN108682,599.84,POS,0.038,895,4,1,0.271,0,0,13,37.59,0,0
TXN108683,144.57,Online,0.344,2325,2,0,0.875,0,0,16,6.29,0,0
TXN108684,1451.59,POS,0.823,185,4,1,0.991,0,0,11,31.68,0,1
TXN108685,187.25,Online,0.554,1271,3,0,0.952,0,0,17,20.82,0,0
TXN108686,40.04,Bank Transfer,,884,4,1,0.291,0,0,18,19.73,0,0
TXN108687,84.6,POS,0.375,1166,1,0,0.359,0,0,6,21.07,0,0
TXN108688,102.23,Bank Transfer,0.43,58,1,0,0.213,0,0,9,68.66,0,0
TXN108689,268.31,POS,0.172,1057,0,1,0.726,0,0,15,63.48,0,0
TXN108690,57.56,POS,0.373,350,2,1,0.104,0,0,8,2.69,0,0
TXN108691,110.17,POS,0.337,2286,2,0,0.711,0,1,15,6.22,2,0
TXN108692,126.34,Bank Transfer,0.494,1693,2,1,0.338,0,0,9,37.28,0,0
TXN108693,94.81,Online,0.697,1056,5,0,0.748,0,0,18,19.26,0,0
TXN108694,334.09,ATM,0.479,2261,5,1,0.266,0,0,4,46.46,0,1
TXN108695,281.83,POS,0.074,3349,4,0,0.94,0,0,23,5.02,0,0
TXN108696,476.55,Bank Transfer,0.055,1991,4,0,0.2,1,0,9,12.36,0,0
TXN108697,106.59,Online,0.888,1049,4,0,0.133,0,1,21,29.53,0,0
TXN108698,494.0,Online,0.695,1489,3,1,0.205,0,0,13,0.8,1,0
TXN108699,37.94,ATM,0.657,2893,7,0,0.319,0,0,15,29.31,0,0
TXN108700,37.03,ATM,0.913,389,6,0,0.712,0,0,15,30.68,0,0
TXN108701,44.09,Online,0.542,1187,5,0,0.495,0,0,13,25.05,0,0
TXN108702,149.79,POS,0.074,1729,5,2,0.514,0,0,6,10.66,0,0
TXN108703,493.92,Bank Transfer,0.714,2327,7,0,0.632,0,1,22,38.75,0,1
TXN108704,81.28,POS,0.162,2117,3,0,0.709,0,0,12,10.86,0,0
TXN108705,92.14,Bank Transfer,0.666,2560,2,0,0.747,0,0,9,18.34,1,0
TXN108706,119.58,Online,0.401,3432,6,1,0.481,0,0,21,34.53,0,0
TXN108707,263.18,POS,0.028,661,6,0,0.213,0,0,10,18.48,0,0
TXN108708,92.05,POS,0.056,1765,4,0,0.185,0,0,18,24.28,0,0
TXN108709,87.06,Online,0.393,1405,2,1,0.332,1,1,5,33.38,0,0
TXN108710,38.65,Online,0.595,349,3,0,0.254,0,0,4,40.69,0,0
TXN108711,83.79,ATM,0.171,491,4,0,0.447,0,1,17,10.69,0,0
TXN108712,481.77,Online,0.107,2305,6,0,0.993,0,1,19,18.12,0,0
TXN108713,162.54,POS,0.376,1878,1,0,0.371,0,0,13,13.72,0,0
TXN108714,70.82,Online,0.804,1090,4,0,0.949,0,0,13,15.22,0,0
TXN108715,510.88,ATM,0.784,3322,2,0,0.681,0,0,10,33.58,1,0
TXN108716,82.66,Bank Transfer,0.684,1155,1,0,0.146,0,0,6,8.49,0,0
TXN108717,613.98,Online,0.425,2188,4,0,0.779,0,0,5,22.52,0,0
TXN108718,604.02,Bank Transfer,0.442,3608,3,0,0.745,0,0,20,26.06,2,0
TXN108719,156.96,POS,0.226,2570,2,0,0.733,0,0,11,19.21,0,0
TXN108720,33.16,Online,0.137,2666,3,0,0.224,0,0,18,27.09,0,0
TXN108721,1464.84,ATM,0.016,1054,2,0,0.119,0,0,14,6.84,0,0
TXN108722,218.61,Online,0.86,3341,4,2,0.843,0,0,13,18.16,0,0
TXN108723,107.35,POS,0.496,1724,4,0,0.771,0,1,16,36.78,0,0
TXN108724,386.11,Online,,1121,6,0,0.625,0,0,17,40.32,0,0
TXN108725,299.56,POS,0.529,2711,4,0,0.785,0,0,21,5.8,0,0
TXN108726,550.56,POS,0.258,1950,0,0,0.619,1,0,8,38.11,0,0
TXN108727,76.53,POS,0.427,505,1,0,0.633,0,0,9,21.86,0,0
TXN108728,204.07,ATM,0.672,101,1,0,,0,0,12,53.73,0,0
TXN108729,45.34,POS,0.81,470,5,0,0.231,0,0,7,4.28,1,0
TXN108730,288.97,Online,0.7,607,3,0,0.369,0,0,0,14.59,0,0
TXN108731,145.05,Bank Transfer,0.896,842,5,0,0.201,0,0,18,26.33,0,0
TXN108732,196.57,ATM,0.235,1280,1,0,0.309,0,0,8,52.28,1,0
TXN108733,128.21,Online,0.661,887,5,0,0.86,0,0,9,12.42,0,0
TXN108734,115.47,Online,0.89,3299,5,0,0.746,0,0,2,31.24,0,1
TXN108735,62.29,POS,0.308,3513,1,0,0.613,0,0,14,37.59,0,0
TXN108736,327.15,Online,0.799,3549,1,0,0.29,0,0,23,16.36,0,0
TXN108737,658.33,POS,0.94,604,3,0,0.533,0,0,15,19.9,0,0
TXN108738,85.06,POS,0.644,1963,2,0,0.603,1,0,2,44.51,1,1
TXN108739,258.15,POS,0.164,410,0,0,0.216,0,0,0,27.08,0,0
TXN108740,228.65,Online,0.261,2596,2,0,0.167,0,0,10,11.47,0,0
TXN108741,149.62,POS,0.68,528,2,1,0.264,0,1,18,15.42,0,1
TXN108742,32.25,POS,0.866,1079,3,0,0.813,1,0,0,16.78,0,0
TXN108743,40.38,Bank Transfer,0.024,764,0,0,0.611,0,0,22,38.21,0,0
TXN108744,67.97,POS,0.326,1770,3,0,0.685,0,0,18,44.61,0,0
TXN108745,17.48,Online,0.234,1364,3,0,0.195,0,0,4,84.18,0,0
TXN108746,606.7,Online,0.422,1987,3,0,0.382,0,0,1,12.93,0,0
TXN108747,214.37,Online,0.768,743,1,0,0.314,0,0,16,23.76,0,1
TXN108748,144.03,POS,0.503,1870,5,0,0.808,0,1,15,11.49,0,1
TXN108749,16.61,POS,0.518,347,3,1,0.228,0,0,14,8.58,1,0
TXN108750,23.95,ATM,0.609,179,2,0,0.342,0,0,3,13.74,0,0
TXN108751,148.07,Online,0.516,524,7,0,0.726,0,1,5,59.03,0,1
TXN108752,1064.74,POS,0.688,995,3,0,0.689,0,1,6,77.1,0,1
TXN108753,73.8,POS,0.107,2888,4,1,0.887,0,0,3,3.45,0,0
TXN108754,352.06,Online,0.023,1226,3,0,0.862,0,0,8,27.48,0,0
TXN108755,91.84,POS,0.827,1912,2,0,0.856,0,0,3,10.29,0,0
TXN108756,156.84,Online,0.479,2485,5,1,0.778,0,0,11,7.83,0,1
TXN108757,500.04,Online,0.298,2730,2,0,0.235,0,0,0,4.09,0,0
TXN108758,105.01,Online,0.454,2143,2,0,0.59,0,0,14,11.87,0,0
TXN108759,74.43,ATM,0.65,669,4,0,0.204,0,0,9,14.43,0,0
TXN108760,612.82,Online,0.122,2429,2,0,0.549,0,0,13,54.36,0,0
TXN108761,155.33,Bank Transfer,0.524,1134,1,0,0.805,0,0,10,15.13,0,0
TXN108762,441.95,Online,0.111,2170,4,0,0.56,0,0,7,70.29,0,0
TXN108763,74.8,Online,0.86,3585,2,0,0.411,0,0,12,2.05,0,1
TXN108764,605.88,Online,0.562,293,3,1,0.999,0,0,21,59.58,0,0
TXN108765,195.12,Online,0.811,340,2,1,0.378,0,1,23,25.22,0,1
TXN108766,229.24,POS,0.721,934,5,0,0.265,0,0,8,91.76,0,0
TXN108767,169.29,Bank Transfer,0.815,1617,0,1,0.559,0,0,3,38.17,0,0
TXN108768,89.53,Bank Transfer,0.342,1763,4,1,0.508,0,1,23,0.56,0,0
TXN108769,148.16,POS,0.139,1100,3,0,0.408,0,0,18,12.95,1,0
TXN108770,95.34,Online,0.892,3291,2,0,0.345,0,0,15,17.84,0,0
TXN108771,387.43,ATM,0.885,56,2,0,0.995,0,0,22,31.96,0,0
TXN108772,121.14,Bank Transfer,0.883,2000,1,0,0.429,0,0,6,67.7,0,0
TXN108773,33.23,Online,0.989,2029,3,0,0.598,0,0,19,24.52,0,0
TXN108774,27.68,POS,0.596,2816,3,0,0.178,1,0,9,11.41,0,1
TXN108775,26.4,Online,0.512,2021,2,0,0.519,0,0,8,43.02,0,0
TXN108776,275.33,POS,0.797,520,1,0,0.553,0,0,12,21.04,0,0
TXN108777,46.92,Online,0.11,1190,3,1,0.416,0,0,10,22.6,1,0
TXN108778,200.35,Online,0.783,655,2,0,0.134,0,0,19,9.7,0,0
TXN108779,170.13,Online,0.812,1739,4,0,0.576,0,1,12,6.85,1,0
TXN108780,139.11,POS,0.577,3340,6,1,0.139,0,0,10,28.01,0,0
TXN108781,230.07,Online,0.388,1448,7,0,0.299,0,0,18,40.87,0,1
TXN108782,173.87,Online,0.656,1350,5,0,0.945,0,0,22,26.11,0,0
TXN108783,9.88,POS,0.915,1710,1,0,0.41,0,0,4,32.29,0,0
TXN108784,107.38,POS,0.158,630,1,1,0.478,0,0,14,54.95,0,0
TXN108785,227.03,POS,0.311,3099,0,0,0.573,0,0,8,34.53,0,0
TXN108786,765.31,ATM,0.671,2437,4,0,0.888,0,0,4,38.2,1,0
TXN108787,801.48,Online,0.833,2614,2,1,0.333,0,0,10,95.74,0,1
TXN108788,37.97,Online,0.652,1296,3,1,0.958,1,1,14,19.87,0,0
TXN108789,104.61,Online,0.591,1044,1,2,0.771,0,1,14,27.75,0,0
TXN108790,31.0,ATM,0.086,1745,1,1,0.213,0,0,2,25.73,0,0
TXN108791,678.5,Online,0.434,897,4,0,0.779,0,0,16,26.35,0,0
TXN108792,408.65,POS,0.89,107,2,0,0.753,0,0,9,34.67,0,0
TXN108793,210.73,POS,0.362,2655,4,1,0.661,0,0,11,83.66,1,1
TXN108794,175.23,POS,0.381,3142,7,0,0.458,0,0,5,36.25,0,0
TXN108795,590.3,ATM,0.358,842,3,0,0.814,0,0,16,,0,0
TXN108796,498.36,Online,0.363,2299,3,1,0.874,0,1,13,26.42,0,1
TXN108797,472.5,ATM,0.405,3315,3,0,0.163,0,0,1,11.77,0,0
TXN108798,234.32,Online,0.773,2709,1,1,0.435,0,0,20,33.16,0,0
TXN108799,104.67,ATM,0.455,3044,6,0,0.584,0,0,12,13.31,0,0
TXN108800,319.62,Bank Transfer,0.607,3257,2,1,0.983,0,0,22,63.09,0,1
TXN108801,335.64,Online,0.442,944,4,0,0.544,0,1,17,33.31,0,1
TXN108802,122.65,POS,0.874,295,1,0,,0,0,23,18.86,0,0
TXN108803,104.45,POS,0.179,2931,5,1,0.187,0,0,2,19.59,0,0
TXN108804,460.96,Online,0.123,2893,0,1,0.648,0,0,1,4.2,0,0
TXN108805,783.77,ATM,0.408,722,2,0,0.824,0,1,16,28.81,0,0
TXN108806,70.15,Online,0.974,3301,3,1,0.991,1,0,6,9.92,0,0
TXN108807,114.05,POS,0.7,119,2,0,0.677,0,0,17,16.99,0,0
TXN108808,210.8,Online,0.616,1394,1,1,0.651,0,0,8,15.51,0,0
TXN108809,241.43,Online,0.39,3509,3,0,0.609,1,0,16,72.47,0,0
TXN108810,88.03,POS,0.295,1306,2,1,0.784,0,0,9,38.59,0,0
TXN108811,976.06,ATM,0.957,2786,3,0,0.556,0,0,23,21.94,0,0
TXN108812,226.35,Online,0.427,167,2,0,0.349,1,0,6,59.3,0,0
TXN108813,252.49,POS,0.711,1800,4,0,0.421,0,0,21,28.49,0,0
TXN108814,861.68,POS,0.81,2859,1,0,0.733,0,0,15,25.07,0,0
TXN108815,94.72,Online,0.658,3082,4,0,0.842,0,0,20,1.96,0,0
TXN108816,135.85,Online,0.233,1609,4,0,0.656,0,0,17,3.79,0,0
TXN108817,42.38,POS,0.288,304,2,0,0.756,1,0,1,14.3,0,0
TXN108818,124.92,Online,0.023,1957,5,1,0.101,0,1,21,37.83,0,0
TXN108819,33.48,Online,0.969,2707,2,0,0.967,0,0,23,75.2,0,0
TXN108820,313.52,POS,0.835,1662,9,0,0.267,0,0,23,93.84,0,1
TXN108821,225.88,Online,0.404,3491,2,0,0.337,0,0,21,58.25,0,1
TXN108822,112.5,Online,0.892,1166,1,0,0.333,0,1,1,29.72,0,1
TXN108823,134.23,POS,0.154,2993,2,0,0.352,0,0,13,37.94,0,0
TXN108824,317.81,POS,0.042,2762,4,0,0.266,0,0,18,85.14,0,0
TXN108825,47.67,POS,0.135,1592,4,0,0.12,0,0,18,26.39,0,0
TXN108826,182.03,Online,0.883,384,5,0,0.953,0,0,3,22.77,0,1
TXN108827,298.72,ATM,0.16,1283,5,1,0.472,0,0,18,22.47,1,0
TXN108828,24.97,Online,0.068,2807,3,1,0.234,0,1,4,13.68,1,0
TXN108829,294.4,Bank Transfer,0.186,3260,4,0,0.502,0,0,19,37.78,0,0
TXN108830,27.83,POS,0.415,1684,2,0,0.606,0,0,22,17.08,0,0
TXN108831,131.95,Online,0.496,1085,2,0,0.776,0,0,16,20.51,0,0
TXN108832,46.37,Online,0.236,2801,5,0,0.56,0,0,9,15.55,0,0
TXN108833,620.95,ATM,0.806,3423,7,0,0.687,0,0,14,4.93,0,0
TXN108834,46.66,Bank Transfer,0.96,545,2,0,0.276,0,1,6,63.39,1,1
TXN108835,28.5,Online,0.291,1187,3,1,0.876,0,0,13,22.31,0,0
TXN108836,169.58,Online,0.931,2906,2,1,0.871,0,0,2,28.06,1,0
TXN108837,98.13,Bank Transfer,0.818,482,2,1,0.173,0,0,17,16.42,0,0
TXN108838,32.96,Bank Transfer,0.886,3555,6,0,0.434,1,1,8,24.35,0,1
TXN108839,251.09,Bank Transfer,0.06,883,3,1,0.85,0,0,19,27.99,0,0
TXN108840,20.26,POS,0.834,1791,1,0,0.351,0,0,4,76.99,0,1
TXN108841,52.65,POS,0.586,1910,2,0,0.188,0,0,12,12.09,0,0
TXN108842,83.49,Online,0.038,1384,3,0,0.148,0,1,23,26.19,0,0
TXN108843,331.03,ATM,0.754,504,2,1,0.277,0,0,11,65.6,0,0
TXN108844,542.11,POS,0.242,139,5,1,0.299,1,0,11,3.02,0,0
TXN108845,447.1,POS,0.797,1405,4,0,0.771,0,0,21,19.06,0,0
TXN108846,127.32,Online,0.626,1004,3,1,0.113,1,0,0,37.69,0,1
TXN108847,13.1,POS,0.492,3309,2,0,0.601,1,0,7,45.11,0,0
TXN108848,219.39,ATM,0.023,2435,4,0,0.929,0,1,21,11.35,0,0
TXN108849,645.85,POS,0.89,369,7,0,0.947,0,0,0,44.13,0,1
TXN108850,509.68,ATM,0.148,2763,0,0,0.642,0,0,9,13.27,0,0
TXN108851,235.79,POS,0.83,2254,1,0,0.459,0,0,2,63.81,0,0
TXN108852,45.17,Online,0.688,484,2,0,0.393,0,0,18,59.38,0,0
TXN108853,87.77,Online,0.07,1491,3,0,0.577,0,0,11,64.65,0,0
TXN108854,1026.4,POS,0.542,2699,2,0,0.86,0,0,17,22.78,0,0
TXN108855,35.99,Online,0.962,2373,0,0,0.314,0,0,2,18.29,0,0
TXN108856,47.09,ATM,0.923,2105,4,1,0.263,0,0,2,15.6,0,1
TXN108857,380.91,Online,0.146,1802,6,0,0.264,0,0,23,90.86,0,0
TXN108858,96.43,POS,0.173,2529,2,1,0.547,0,0,21,20.63,0,0
TXN108859,45.52,Online,0.154,3203,0,0,0.415,0,0,18,20.25,0,0
TXN108860,684.01,POS,0.756,651,3,0,0.938,0,0,9,23.04,0,0
TXN108861,235.35,Online,0.161,1487,3,0,0.462,0,0,6,33.61,0,0
TXN108862,101.31,Online,0.065,3102,5,1,0.701,0,0,5,33.95,0,0
TXN108863,47.19,Online,0.39,1870,5,0,0.858,0,0,8,15.76,0,0
TXN108864,1149.87,POS,0.967,667,2,0,0.842,0,0,4,38.62,0,0
TXN108865,144.83,POS,0.308,501,2,0,0.265,0,0,9,27.23,0,0
TXN108866,600.24,POS,0.724,2663,2,1,0.753,0,0,18,64.57,0,0
TXN108867,362.72,Online,0.144,1804,2,1,0.665,0,1,1,68.79,0,0
TXN108868,88.16,Online,0.621,2892,1,1,0.511,0,1,19,31.38,0,0
TXN108869,88.86,Online,0.581,445,5,0,0.847,0,0,5,29.49,0,0
TXN108870,630.38,POS,0.904,2227,0,0,0.428,0,0,15,6.01,0,0
TXN108871,640.67,POS,0.717,2140,1,0,0.155,0,0,0,53.53,0,1
TXN108872,22.72,Online,0.121,1693,1,1,0.119,0,0,2,34.68,0,0
TXN108873,257.18,Online,0.405,1577,4,0,0.673,1,0,17,51.83,0,0
TXN108874,131.47,ATM,0.001,1012,4,1,0.516,0,1,0,9.66,0,0
TXN108875,52.81,POS,0.241,2865,7,0,0.79,0,1,1,21.16,0,0
TXN108876,192.82,POS,0.971,1228,2,0,0.906,0,0,19,74.99,0,0
TXN108877,38.49,POS,0.456,1544,5,1,0.666,0,0,4,14.05,0,0
TXN108878,93.09,Online,0.868,3140,3,0,0.598,0,0,4,54.37,0,0
TXN108879,66.79,Online,0.024,2312,5,2,0.264,0,0,18,34.2,0,0
TXN108880,90.04,POS,0.88,170,2,0,0.608,0,0,8,93.46,0,0
TXN108881,138.18,POS,0.889,243,8,0,0.557,0,0,11,49.11,0,0
TXN108882,53.75,Online,0.653,1976,4,0,0.647,0,1,5,,0,0
TXN108883,715.64,POS,0.116,2600,5,2,0.541,0,0,13,36.79,0,0
TXN108884,243.05,Online,0.876,1735,2,1,0.615,0,0,6,29.86,0,0
TXN108885,892.98,POS,0.9,3495,1,0,0.779,1,0,16,18.8,0,0
TXN108886,126.46,POS,0.201,3109,6,1,0.902,0,1,20,3.09,0,0
TXN108887,85.73,POS,0.94,1650,2,1,0.567,0,0,23,13.46,1,1
TXN108888,861.28,Bank Transfer,0.881,881,10,1,0.873,0,0,3,45.56,0,0
TXN108889,83.26,POS,0.205,65,2,0,0.639,0,0,6,1.43,0,0
TXN108890,124.18,POS,0.394,151,5,0,0.419,0,0,23,19.48,0,0
TXN108891,304.92,ATM,0.337,2215,1,0,0.43,0,0,10,18.03,0,0
TXN108892,43.05,POS,0.498,1241,1,0,0.787,0,1,17,44.8,3,0
TXN108893,302.26,POS,0.889,555,1,0,0.535,1,0,14,13.41,0,0
TXN108894,265.96,POS,0.874,295,4,2,0.8,0,0,3,27.49,0,1
TXN108895,528.12,Online,0.176,1724,3,0,0.615,1,0,14,16.24,2,1
TXN108896,361.42,Online,0.551,2147,4,0,0.139,0,0,1,11.78,1,0
TXN108897,544.56,ATM,0.534,147,2,0,0.536,0,1,0,82.11,0,0
TXN108898,132.9,ATM,0.45,1546,3,0,0.545,0,0,21,7.22,0,0
TXN108899,62.64,Online,0.715,1632,3,0,0.739,0,0,0,11.18,0,0
TXN108900,1224.13,POS,0.646,233,5,0,0.814,0,0,22,8.31,0,0
TXN108901,32.24,ATM,0.275,3195,3,0,0.207,0,0,15,17.49,1,0
TXN108902,35.64,Bank Transfer,0.348,862,0,1,0.657,0,0,1,51.34,0,0
TXN108903,261.16,ATM,0.888,520,5,1,0.729,0,0,2,33.13,1,1
TXN108904,753.69,POS,0.326,514,1,0,0.855,0,0,11,33.8,0,0
TXN108905,179.39,Online,0.444,1833,2,4,0.548,0,1,15,25.35,0,1
TXN108906,403.15,Online,0.973,2594,4,2,0.137,1,0,19,7.42,0,1
TXN108907,20.17,Bank Transfer,0.857,949,1,0,0.17,0,0,16,6.61,0,0
TXN108908,90.06,POS,0.699,2802,2,0,0.486,0,0,12,11.03,0,0
TXN108909,22.78,ATM,0.304,974,3,0,0.751,0,1,21,4.73,0,0
TXN108910,323.89,Online,0.629,706,4,0,0.953,0,1,0,59.0,0,1
TXN108911,31.59,Bank Transfer,0.642,2358,2,0,0.437,0,0,11,29.12,0,0
TXN108912,41.35,Online,0.412,2830,6,0,0.676,0,1,13,11.12,0,0
TXN108913,248.15,ATM,0.036,2738,2,0,0.746,0,0,19,91.19,0,0
TXN108914,429.16,POS,0.367,2048,3,1,0.165,0,0,22,13.45,0,0
TXN108915,126.6,POS,0.508,3191,2,1,0.57,0,0,9,14.21,0,0
TXN108916,262.48,POS,0.95,3103,0,0,0.171,1,1,20,26.23,0,1
TXN108917,254.12,ATM,0.727,1037,2,0,0.522,0,0,22,19.01,0,0
TXN108918,119.65,POS,0.108,2299,2,1,0.889,0,0,1,56.3,0,0
TXN108919,49.66,Online,0.301,286,3,3,0.819,0,0,2,79.77,0,0
TXN108920,261.1,Bank Transfer,0.522,318,5,0,0.718,0,0,5,16.48,0,1
TXN108921,273.99,Bank Transfer,0.451,1631,1,1,0.916,0,0,12,72.23,0,0
TXN108922,362.86,Online,0.005,2577,3,0,0.371,0,0,18,25.55,1,0
TXN108923,202.77,ATM,0.935,2146,4,1,0.509,0,0,21,24.53,1,1
TXN108924,46.13,POS,0.904,624,4,0,0.355,0,0,21,60.14,0,0
TXN108925,295.99,Online,0.924,2707,4,1,0.4,1,0,12,22.4,1,1
TXN108926,148.21,Online,0.429,2227,5,0,0.694,0,0,16,25.59,0,0
TXN108927,91.58,ATM,0.833,2766,6,0,0.709,0,0,19,20.49,0,0
TXN108928,110.54,POS,0.709,2246,3,1,0.211,0,0,11,5.59,0,0
TXN108929,74.42,POS,0.512,3156,4,3,0.869,0,1,11,15.62,0,0
TXN108930,360.99,Online,0.077,1341,5,1,0.328,0,0,19,104.44,0,0
TXN108931,35.94,Online,0.168,142,4,0,0.316,0,0,9,16.97,0,0
TXN108932,54.95,ATM,0.238,2197,3,1,0.419,0,0,5,61.3,0,0
TXN108933,106.83,Online,0.896,3581,4,1,0.446,0,0,14,6.35,0,0
TXN108934,745.27,ATM,0.665,385,4,0,0.69,0,1,22,8.31,0,0
TXN108935,425.93,Online,0.983,3529,3,0,0.721,0,0,21,34.51,1,1
TXN108936,28.76,ATM,0.566,2817,3,0,0.714,0,0,17,5.02,0,0
TXN108937,573.26,ATM,0.085,158,4,1,0.581,0,0,21,4.09,0,1
TXN108938,572.16,POS,0.478,1994,1,2,0.312,1,0,7,7.58,0,0
TXN108939,45.88,POS,0.112,1164,3,0,0.32,0,0,17,25.89,0,0
TXN108940,11.92,Bank Transfer,0.901,2396,0,0,0.954,0,0,6,13.04,0,0
TXN108941,138.07,POS,0.278,2801,1,0,0.255,0,0,12,14.63,0,0
TXN108942,455.97,Online,0.197,1383,3,0,0.508,0,1,9,19.99,0,0
TXN108943,728.7,POS,0.512,1762,2,1,0.834,0,0,11,6.38,0,0
TXN108944,62.13,ATM,0.807,174,5,2,0.57,0,0,3,55.95,0,0
TXN108945,855.75,POS,0.51,46,1,0,0.962,0,0,10,106.76,0,0
TXN108946,15.99,Online,0.038,2778,1,0,0.972,0,1,11,15.19,0,0
TXN108947,102.71,Online,0.743,1314,7,1,0.857,0,0,22,40.72,0,0
TXN108948,97.79,POS,0.034,3208,5,0,0.466,0,1,9,10.46,0,0
TXN108949,469.81,Online,0.604,2125,2,0,0.869,0,0,18,50.25,0,0
TXN108950,543.65,Bank Transfer,0.617,1465,1,0,0.723,1,0,22,66.79,0,0
TXN108951,385.38,Online,0.209,3214,4,0,0.897,0,0,6,37.48,0,0
TXN108952,38.45,Bank Transfer,0.447,236,2,0,0.329,0,1,1,4.24,1,0
TXN108953,351.64,ATM,0.006,3031,3,0,0.187,0,0,21,36.92,0,0
TXN108954,246.91,Online,0.284,298,7,0,0.596,0,0,17,17.16,0,0
TXN108955,27.9,Online,0.619,3455,4,0,0.517,0,0,1,60.03,0,0
TXN108956,18.78,Bank Transfer,0.284,2077,1,1,0.63,0,0,13,44.88,1,0
TXN108957,419.05,Online,0.048,1723,3,0,0.886,0,0,2,40.2,0,0
TXN108958,123.95,Online,0.674,2401,4,1,0.852,0,0,3,40.29,0,0
TXN108959,41.05,ATM,0.742,2919,0,0,0.169,0,0,15,37.88,0,0
TXN108960,120.52,Bank Transfer,0.863,1062,1,0,0.237,0,0,20,31.6,0,0
TXN108961,213.59,Online,0.876,394,6,0,0.718,0,0,11,49.86,0,0
TXN108962,136.61,POS,0.496,3531,1,2,0.586,1,0,3,36.45,0,0
TXN108963,31.44,Online,0.407,1906,2,0,0.257,0,0,7,52.27,0,0
TXN108964,978.05,ATM,0.586,1068,2,0,0.12,0,1,23,37.34,0,0
TXN108965,405.13,POS,0.793,3348,5,0,0.363,0,0,11,69.95,1,1
TXN108966,106.13,ATM,0.475,173,9,0,0.328,0,0,21,1.92,1,1
TXN108967,110.49,Online,0.995,3066,2,0,0.204,0,1,11,44.88,0,0
TXN108968,212.62,POS,0.638,97,6,1,0.988,0,0,10,29.91,0,0
TXN108969,47.96,Online,0.308,2403,3,0,0.936,0,0,16,4.59,0,0
TXN108970,204.93,Online,0.794,167,4,0,0.259,0,0,5,44.84,0,0
TXN108971,39.22,ATM,0.151,570,1,0,0.71,0,0,4,23.46,0,1
TXN108972,138.31,POS,0.936,1210,2,0,0.798,0,0,5,8.15,0,0
TXN108973,46.13,ATM,0.34,689,7,0,,0,0,17,62.31,0,0
TXN108974,48.52,POS,0.685,191,4,0,0.558,0,0,13,44.3,0,0
TXN108975,769.49,Bank Transfer,0.625,2486,4,0,0.356,0,0,14,15.83,1,0
TXN108976,157.47,ATM,0.096,2785,2,0,0.739,0,0,17,31.62,0,0
TXN108977,182.62,POS,0.722,1208,1,0,0.106,0,0,0,36.03,0,1
TXN108978,19.86,Bank Transfer,0.312,2556,3,0,0.585,0,0,16,11.57,0,0
TXN108979,81.7,Online,0.381,1222,6,0,0.465,0,0,12,20.28,0,0
TXN108980,235.38,Online,0.097,809,3,0,0.859,0,1,2,19.1,0,0
TXN108981,180.21,Bank Transfer,0.81,3098,5,0,0.861,0,0,1,17.16,0,1
TXN108982,17.22,Bank Transfer,0.86,1931,5,0,0.618,0,0,22,33.1,0,0
TXN108983,182.57,Online,0.134,104,4,0,0.365,0,0,11,9.13,1,0
TXN108984,214.12,Bank Transfer,0.813,2561,4,0,0.636,0,0,3,36.95,0,0
TXN108985,535.8,POS,0.898,1450,5,0,0.627,0,1,7,18.94,0,1
TXN108986,77.07,POS,0.097,294,4,0,0.607,0,1,5,6.12,1,0
TXN108987,15.77,POS,0.997,892,2,0,0.527,0,0,12,14.95,0,0
TXN108988,54.77,POS,0.005,1184,4,1,0.236,0,0,15,25.06,0,0
TXN108989,49.55,Online,0.842,128,2,0,0.617,0,0,9,50.78,0,0
TXN108990,310.04,POS,0.558,2665,3,0,0.43,0,0,22,17.1,0,0
TXN108991,9.81,Online,,813,2,0,0.549,0,0,9,43.37,0,0
TXN108992,94.79,POS,0.338,596,2,2,0.79,0,0,14,23.32,1,0
TXN108993,617.57,POS,0.361,696,2,0,0.668,0,0,8,37.98,1,1
TXN108994,149.49,ATM,0.84,2616,2,1,0.871,0,0,6,49.54,1,0
TXN108995,363.7,POS,0.711,1856,4,0,0.379,0,0,18,24.36,0,0
TXN108996,28.74,Online,0.601,2974,6,1,0.435,0,0,11,5.1,0,0
TXN108997,29.9,ATM,0.644,1605,4,0,0.44,0,0,9,20.95,0,0
TXN108998,624.68,Online,0.683,2500,1,0,0.209,0,0,12,50.47,0,1
TXN108999,164.22,Bank Transfer,0.048,1737,2,2,0.221,0,0,10,17.98,0,0
TXN109000,164.56,Bank Transfer,0.118,2176,3,0,0.88,0,0,20,56.7,1,0
TXN109001,48.51,POS,0.181,3208,2,1,0.937,0,1,18,15.77,0,0
TXN109002,164.15,Online,0.177,2252,0,1,0.224,0,0,4,35.05,1,0
TXN109003,47.18,POS,0.843,1819,5,0,0.168,0,1,15,21.66,0,0
TXN109004,486.32,Online,0.395,3163,5,0,0.349,0,0,23,16.7,0,1
TXN109005,2270.67,Online,0.489,2343,2,0,0.821,0,0,4,77.58,0,1
TXN109006,240.79,Online,0.089,3407,3,1,0.739,0,0,18,54.52,1,0
TXN109007,78.65,ATM,0.871,2373,0,1,0.986,0,1,19,38.29,0,0
TXN109008,11.78,Online,,2516,3,0,0.993,1,0,18,59.3,0,0
TXN109009,27.54,ATM,,1901,2,0,0.382,0,0,15,9.08,0,0
TXN109010,702.65,Online,0.812,3106,4,0,0.324,0,0,14,17.93,0,1
TXN109011,53.03,POS,0.131,1133,2,0,0.206,0,0,12,34.72,1,0
TXN109012,102.43,POS,0.793,2000,3,1,0.564,1,0,19,12.73,0,0
TXN109013,285.81,Online,0.35,3299,2,0,0.841,0,0,13,44.57,0,0
TXN109014,653.47,Online,0.776,799,5,0,0.757,0,0,19,52.41,0,0
TXN109015,121.56,POS,0.05,1616,4,0,0.293,0,0,14,3.74,0,0
TXN109016,99.02,Online,0.341,123,3,0,0.463,0,1,20,28.99,1,0
TXN109017,159.43,POS,0.481,2097,4,0,0.816,0,0,11,43.16,0,0
TXN109018,79.23,Online,0.626,1287,5,1,0.412,0,0,3,9.74,1,0
TXN109019,83.61,Online,0.836,2054,4,0,0.382,0,0,4,15.29,0,0
TXN109020,224.05,POS,0.244,885,1,0,0.799,0,0,14,22.24,0,0
TXN109021,178.63,POS,0.659,3026,6,0,0.488,0,0,10,13.29,0,0
TXN109022,1250.88,POS,0.152,3596,3,0,0.112,0,0,22,59.52,0,1
TXN109023,230.18,Online,0.795,1965,7,0,0.872,0,0,4,19.62,0,1
TXN109024,469.25,Bank Transfer,0.933,2239,1,1,0.918,0,0,6,32.94,0,0
TXN109025,50.84,POS,0.047,1683,3,1,0.83,0,0,21,32.18,0,0
TXN109026,250.93,Online,0.08,1110,7,0,0.553,0,0,3,26.49,0,0
TXN109027,72.03,Online,0.788,1695,3,0,0.806,0,0,23,10.25,0,0
TXN109028,220.4,Online,0.88,1818,3,0,0.764,0,0,15,83.4,1,0
TXN109029,295.45,POS,0.648,2853,2,0,0.505,1,0,19,5.06,0,0
TXN109030,156.0,POS,0.461,2529,6,0,0.414,0,0,5,15.83,0,1
TXN109031,1648.01,Bank Transfer,0.769,1224,2,0,0.957,0,0,19,46.49,0,0
TXN109032,618.92,Bank Transfer,0.3,2263,5,0,0.496,0,0,1,75.11,1,0
TXN109033,481.66,Online,0.992,3414,3,1,0.224,0,0,4,38.23,0,1
TXN109034,318.71,Online,0.848,1542,2,0,0.217,0,0,6,30.75,0,0
TXN109035,865.55,POS,0.887,3094,2,1,0.443,0,0,6,1.96,0,0
TXN109036,35.27,POS,0.855,1744,4,0,0.473,0,0,11,16.18,0,1
TXN109037,584.22,POS,0.933,530,3,0,0.218,0,0,8,16.44,1,0
TXN109038,55.08,ATM,0.064,689,6,1,0.503,0,0,15,50.26,0,0
TXN109039,84.41,POS,0.909,1178,3,0,0.295,0,0,12,27.75,0,0
TXN109040,260.18,POS,0.249,2137,1,0,0.92,0,0,10,3.85,0,0
TXN109041,509.39,POS,0.359,3308,6,0,0.663,0,0,15,100.15,0,1
TXN109042,46.83,POS,0.371,1454,4,0,0.479,0,0,21,31.21,0,0
TXN109043,88.89,Online,0.232,1037,3,0,0.734,0,0,6,34.33,0,0
TXN109044,163.62,Online,0.438,2399,1,0,0.921,1,0,8,18.41,0,0
TXN109045,123.18,Online,0.506,1179,3,1,0.136,1,0,13,32.74,0,0
TXN109046,348.64,Online,0.149,1607,1,0,0.719,0,0,19,12.91,0,0
TXN109047,4609.74,Online,0.36,817,4,0,0.419,0,1,17,18.97,1,0
TXN109048,225.73,ATM,0.348,1096,1,1,0.655,0,0,20,7.15,0,0
TXN109049,71.15,POS,0.675,226,4,1,0.635,0,0,5,23.34,0,0
TXN109050,40.59,POS,0.581,2087,3,0,0.178,0,0,4,36.93,0,1
TXN109051,107.21,ATM,0.716,1762,1,1,0.7,0,1,21,11.75,0,0
TXN109052,57.96,Online,0.784,652,3,0,0.262,0,0,10,16.53,0,0
TXN109053,236.88,Online,0.667,2762,4,0,0.83,0,0,11,11.35,0,0
TXN109054,233.23,POS,0.241,760,0,1,0.281,0,0,5,14.05,0,0
TXN109055,93.39,POS,0.502,2419,2,0,0.42,0,0,19,7.69,0,1
TXN109056,1080.26,POS,0.467,435,0,1,0.837,0,0,14,5.51,1,1
TXN109057,71.13,ATM,0.074,130,3,1,0.322,0,0,9,30.55,0,0
TXN109058,131.71,Online,0.894,476,4,0,0.647,0,0,1,49.99,0,1
TXN109059,281.23,POS,0.091,1924,6,0,0.117,0,0,11,36.57,0,0
TXN109060,362.15,POS,0.976,680,2,0,0.17,0,0,15,37.22,0,0
TXN109061,532.5,POS,0.032,1225,1,0,0.919,0,0,19,44.98,0,1
TXN109062,227.81,POS,0.73,1975,0,1,0.146,0,0,12,15.38,0,0
TXN109063,424.5,Online,0.288,2353,3,0,0.324,0,1,6,7.27,0,1
TXN109064,76.32,Online,0.905,2869,1,1,0.856,0,1,16,17.68,0,0
TXN109065,371.7,Bank Transfer,0.824,1496,3,0,0.614,0,0,3,57.98,0,0
TXN109066,366.77,Online,0.025,413,1,0,0.341,0,0,12,16.65,0,0
TXN109067,673.77,Bank Transfer,0.022,3579,1,1,0.318,0,0,22,6.21,0,0
TXN109068,27.98,Bank Transfer,0.603,2845,1,2,0.34,0,0,8,52.3,0,0
TXN109069,59.91,Bank Transfer,0.15,3028,3,0,0.39,0,0,13,27.37,0,0
TXN109070,338.03,Bank Transfer,0.014,3370,1,0,0.385,0,0,20,16.0,0,0
TXN109071,10.47,POS,0.968,2565,3,1,0.519,0,1,8,10.02,0,1
TXN109072,242.74,POS,0.633,3626,5,0,0.457,0,0,2,68.96,0,1
TXN109073,428.29,POS,0.011,1896,4,1,0.804,0,0,12,39.02,0,0
TXN109074,83.4,Online,0.491,2058,5,0,0.853,0,0,17,36.35,1,0
TXN109075,96.53,Online,0.158,2169,2,0,0.576,0,0,12,5.59,0,0
TXN109076,50.7,POS,0.805,1869,4,0,0.126,0,0,12,53.36,0,1
TXN109077,88.1,ATM,0.029,1630,2,0,0.623,0,0,17,3.52,0,0
TXN109078,90.69,ATM,0.371,1227,4,1,0.422,0,0,2,,0,0
TXN109079,74.98,Online,0.238,2906,2,0,0.285,1,0,20,13.63,0,0
TXN109080,70.97,Online,0.981,1219,3,0,0.555,0,0,17,15.88,0,0
TXN109081,113.18,POS,0.078,3317,2,0,0.998,0,0,7,19.87,0,0
TXN109082,111.82,Online,0.72,2744,5,0,0.372,0,0,3,23.63,0,0
TXN109083,966.94,POS,0.478,3646,1,1,0.198,0,0,11,41.77,0,1
TXN109084,100.06,Online,0.816,2366,4,0,0.2,0,0,19,29.04,0,0
TXN109085,209.38,POS,0.214,2197,2,0,0.39,1,0,2,3.74,0,0
TXN109086,83.36,POS,0.855,1241,3,0,0.614,0,0,2,78.6,0,0
TXN109087,82.3,Online,0.95,2498,2,0,0.217,0,0,19,9.0,0,1
TXN109088,26.99,Online,0.213,2131,3,1,0.779,0,0,21,10.16,1,0
TXN109089,30.83,POS,0.243,1477,2,1,0.946,0,0,9,8.2,0,0
TXN109090,44.39,Bank Transfer,0.964,274,0,0,0.993,0,0,3,57.11,0,0
TXN109091,178.34,POS,0.434,60,3,1,0.595,0,0,6,17.54,0,0
TXN109092,435.36,Bank Transfer,0.835,865,0,0,0.19,0,0,7,15.53,0,0
TXN109093,24.86,POS,0.842,2575,7,1,0.85,1,0,16,70.95,0,0
TXN109094,85.71,POS,0.311,3355,5,0,0.883,1,0,12,26.95,0,0
TXN109095,37.83,Bank Transfer,0.179,3411,4,0,0.359,0,0,15,7.98,0,0
TXN109096,113.95,ATM,0.367,1931,2,1,0.629,0,0,12,115.18,0,0
TXN109097,435.18,Online,0.592,3141,4,0,0.378,0,0,0,36.72,0,1
TXN109098,94.93,ATM,0.497,45,1,0,0.718,0,0,3,27.46,0,0
TXN109099,141.53,Online,0.737,3210,2,0,0.784,0,0,19,45.11,0,0
TXN109100,636.02,ATM,0.549,3518,3,0,0.406,0,0,17,3.17,0,1
TXN109101,234.6,POS,0.806,1485,2,1,0.118,0,1,7,12.92,0,1
TXN109102,69.4,ATM,0.104,194,1,0,0.459,0,0,0,19.87,0,0
TXN109103,173.98,Bank Transfer,0.439,2613,4,1,0.297,0,1,18,25.32,0,0
TXN109104,64.87,ATM,0.016,79,5,1,0.477,0,0,19,46.89,0,0
TXN109105,225.99,ATM,0.121,2341,2,0,0.984,0,0,10,33.24,0,0
TXN109106,248.47,Online,,1193,6,0,0.13,0,0,19,,1,0
TXN109107,37.82,Online,0.902,1988,1,1,0.399,0,0,6,65.96,0,0
TXN109108,176.82,Online,0.38,3360,3,1,0.549,0,0,4,7.79,0,0
TXN109109,131.95,Bank Transfer,0.273,578,4,1,0.531,0,0,22,22.14,0,0
TXN109110,255.87,Online,0.671,153,1,0,0.288,0,0,7,75.48,0,0
TXN109111,340.82,Online,0.703,2113,0,0,0.795,0,0,8,10.26,0,0
TXN109112,239.24,ATM,0.481,2550,4,2,0.364,0,0,15,76.65,0,0
TXN109113,109.6,POS,,1110,3,0,0.252,1,0,22,27.6,0,0
TXN109114,377.41,ATM,0.302,624,1,0,0.871,0,1,0,47.53,0,0
TXN109115,61.99,ATM,0.186,2576,1,0,0.821,0,0,20,17.27,0,0
TXN109116,39.63,POS,0.363,2524,6,0,0.61,0,0,19,74.3,0,0
TXN109117,6.08,POS,0.168,3450,3,0,0.301,0,0,9,64.32,0,0
TXN109118,138.36,Online,0.643,3158,4,0,0.952,0,0,21,4.99,0,0
TXN109119,65.26,POS,0.895,2664,3,1,0.352,0,0,18,14.56,0,0
TXN109120,220.91,Bank Transfer,0.254,102,2,0,0.535,0,0,10,27.64,0,0
TXN109121,20.67,POS,0.242,969,5,0,0.91,0,0,16,27.51,2,0
TXN109122,77.7,POS,0.898,2401,3,0,0.784,0,0,19,62.92,0,0
TXN109123,237.52,POS,0.568,1714,4,0,0.532,0,0,3,15.94,0,0
TXN109124,52.99,ATM,0.73,218,1,0,0.508,0,0,6,34.53,0,0
TXN109125,223.47,Online,0.889,2074,2,0,0.362,0,0,12,34.16,0,0
TXN109126,85.03,ATM,0.665,2779,3,0,0.813,0,0,17,80.79,0,0
TXN109127,143.62,Bank Transfer,0.742,2658,4,0,0.952,0,0,12,22.72,0,0
TXN109128,269.12,Online,0.387,3371,5,0,0.876,0,0,19,25.69,1,0
TXN109129,384.83,POS,0.938,565,4,0,0.506,0,0,4,44.56,0,1
TXN109130,162.8,POS,0.704,3484,3,0,0.968,0,0,2,4.83,0,0
TXN109131,65.76,Bank Transfer,0.072,1932,2,0,0.112,0,0,20,82.75,0,0
TXN109132,93.87,POS,0.595,1136,1,1,0.387,0,0,19,14.55,0,0
TXN109133,280.61,Bank Transfer,0.095,3143,5,0,0.814,0,1,7,3.53,2,0
TXN109134,53.45,Bank Transfer,0.522,403,1,0,0.963,0,0,8,142.48,0,0
TXN109135,124.2,Online,0.088,129,4,2,0.971,1,0,23,86.84,1,0
TXN109136,100.9,Online,0.627,2674,2,2,0.559,0,1,16,29.84,0,1
TXN109137,133.84,Bank Transfer,0.456,2663,4,0,0.956,0,0,9,50.87,0,0
TXN109138,54.09,ATM,0.553,357,0,0,0.644,0,0,1,3.38,0,0
TXN109139,23.29,Online,0.649,3217,2,0,0.765,0,0,1,10.94,0,0
TXN109140,249.82,Online,0.25,3073,3,0,0.595,1,0,1,15.11,0,0
TXN109141,389.21,Online,0.32,2910,4,0,0.362,0,0,14,10.46,0,0
TXN109142,24.73,Online,0.482,1447,3,0,0.264,0,1,23,48.31,0,1
TXN109143,214.63,Bank Transfer,0.566,3403,2,0,0.681,0,0,18,51.58,0,0
TXN109144,438.42,Online,0.924,504,1,0,0.879,0,0,2,36.36,0,0
TXN109145,269.32,ATM,0.352,2863,2,0,0.654,0,1,14,35.38,0,0
TXN109146,97.84,POS,0.592,3075,4,0,0.62,0,0,4,32.85,1,0
TXN109147,57.77,ATM,0.923,1905,4,0,0.486,0,1,1,25.52,0,0
TXN109148,160.93,Online,0.718,1281,2,0,0.435,0,0,10,53.97,0,0
TXN109149,190.14,ATM,0.328,1756,2,0,0.935,0,0,19,4.91,0,0
TXN109150,163.34,POS,0.415,202,4,2,0.162,0,0,13,33.0,0,0
TXN109151,123.95,Bank Transfer,0.879,145,2,1,0.613,0,0,17,13.32,0,1
TXN109152,50.27,Online,0.438,1252,2,0,0.23,0,1,6,30.02,0,0
TXN109153,226.49,Online,0.252,97,4,0,0.619,0,1,4,37.84,0,0
TXN109154,237.66,POS,0.523,2330,3,0,0.418,0,1,10,37.91,1,0
TXN109155,181.42,POS,0.186,2344,1,1,0.188,0,1,18,51.25,0,0
TXN109156,165.84,POS,0.582,3123,2,1,0.153,0,0,11,29.86,1,1
TXN109157,795.72,POS,0.992,1026,2,0,0.816,0,0,1,47.06,0,1
TXN109158,79.49,Online,0.969,2979,1,0,0.139,0,0,13,14.48,0,0
TXN109159,534.56,Online,0.614,1141,4,0,0.977,0,1,17,25.25,0,0
TXN109160,71.23,Online,0.886,1994,3,0,0.391,0,0,5,40.51,0,0
TXN109161,449.87,Online,0.815,2951,1,0,0.981,0,0,8,32.16,0,0
TXN109162,509.47,Online,0.951,1316,1,0,0.463,0,0,19,68.55,0,0
TXN109163,110.71,POS,0.873,432,3,0,0.814,0,1,13,1.06,1,0
TXN109164,781.3,ATM,0.9,2981,3,1,0.257,0,0,4,,0,0
TXN109165,237.23,Online,0.23,1057,4,0,0.283,0,0,8,2.78,0,0
TXN109166,61.73,Online,0.158,815,1,0,0.653,0,0,14,43.76,0,0
TXN109167,102.09,Bank Transfer,0.044,2509,3,0,0.951,0,0,11,57.2,0,0
TXN109168,460.71,ATM,0.659,1964,5,0,0.914,0,0,11,18.6,0,0
TXN109169,373.55,Online,0.934,140,0,0,0.787,0,0,17,44.03,0,0
TXN109170,51.52,Online,0.994,3340,3,0,0.825,0,0,22,13.43,0,0
TXN109171,129.12,ATM,0.852,1911,2,1,0.998,0,0,0,27.84,0,0
TXN109172,181.91,ATM,0.831,1008,3,1,0.784,0,0,5,30.17,0,0
TXN109173,89.34,POS,0.519,339,3,0,0.444,0,1,21,13.02,0,1
TXN109174,1568.38,Online,0.452,2510,2,0,0.395,0,0,17,18.25,0,1
TXN109175,187.48,Bank Transfer,0.64,2787,1,0,0.551,0,0,11,22.3,0,0
TXN109176,139.52,ATM,0.023,2740,4,1,0.943,0,0,6,20.87,0,0
TXN109177,488.26,POS,0.794,2327,4,1,0.114,0,0,10,17.82,0,0
TXN109178,103.01,Online,0.657,3200,8,2,0.931,0,0,7,24.25,0,0
TXN109179,406.44,Online,0.17,2232,4,0,0.935,0,0,10,57.86,0,0
TXN109180,28.0,POS,0.636,905,7,0,0.211,0,1,7,70.42,0,1
TXN109181,94.29,Online,0.599,831,6,0,0.124,0,0,23,8.87,1,0
TXN109182,423.72,Online,0.788,1422,8,1,0.652,0,0,7,31.77,0,1
TXN109183,713.51,POS,0.837,2653,2,0,0.161,0,0,18,52.43,0,1
TXN109184,68.49,POS,0.253,110,4,1,0.759,0,0,18,99.7,0,0
TXN109185,60.96,ATM,0.814,1122,1,0,0.424,0,0,20,10.96,1,1
TXN109186,261.76,Bank Transfer,0.182,1596,3,0,0.365,0,0,22,26.95,0,0
TXN109187,79.6,ATM,0.394,2096,4,0,0.331,0,0,7,36.01,1,0
TXN109188,113.46,Bank Transfer,0.493,562,4,0,0.85,0,0,3,36.1,0,0
TXN109189,356.53,Bank Transfer,0.805,363,2,0,0.945,0,0,22,31.91,0,0
TXN109190,86.13,Online,0.901,3324,5,0,0.183,0,0,15,27.01,0,0
TXN109191,20.79,POS,0.017,377,6,0,0.215,0,0,12,7.34,1,0
TXN109192,40.4,ATM,0.737,318,8,0,0.755,0,0,12,21.09,0,0
TXN109193,149.9,Online,0.878,732,4,0,0.924,1,0,22,68.09,0,0
TXN109194,23.02,Online,0.954,1272,2,0,0.934,0,0,19,57.33,0,0
TXN109195,110.26,Bank Transfer,0.268,811,3,0,0.888,0,0,4,8.37,0,0
TXN109196,36.89,POS,0.173,2978,1,0,0.456,0,0,12,0.8,0,0
TXN109197,765.05,Bank Transfer,0.499,487,6,0,0.113,0,0,22,66.08,0,1
TXN109198,1293.55,Online,0.901,533,4,0,0.106,0,0,15,8.88,1,1
TXN109199,51.51,POS,0.316,458,4,1,0.104,0,0,2,35.44,0,0
TXN109200,191.86,Bank Transfer,0.505,2393,7,0,0.557,0,0,21,48.44,0,0
TXN109201,56.8,ATM,0.996,3212,3,0,0.361,0,1,11,20.52,0,0
TXN109202,108.93,Online,0.456,619,3,1,0.98,1,1,19,37.6,0,1
TXN109203,900.97,Online,0.628,2037,4,1,0.68,0,0,3,36.22,1,0
TXN109204,93.07,POS,0.996,1377,3,0,0.841,0,0,5,16.12,0,0
TXN109205,111.49,POS,0.367,2282,2,1,0.913,0,0,18,20.23,0,0
TXN109206,57.83,POS,0.273,2382,5,0,0.439,0,0,4,44.13,0,0
TXN109207,466.93,POS,0.283,1071,1,0,0.204,0,1,5,8.5,0,0
TXN109208,5.68,POS,0.617,2218,5,0,0.123,0,0,14,43.95,1,0
TXN109209,95.32,Online,0.163,230,3,2,0.827,0,1,9,18.89,0,0
TXN109210,141.76,POS,0.165,1789,1,0,0.127,0,0,1,30.68,0,1
TXN109211,76.62,Online,0.26,3535,2,1,0.61,0,0,5,6.21,0,0
TXN109212,351.97,POS,0.541,3284,1,1,0.572,0,0,23,13.01,0,0
TXN109213,493.75,POS,0.844,225,3,0,0.548,0,0,21,51.98,0,0
TXN109214,36.16,Bank Transfer,0.529,237,5,0,0.974,0,0,3,89.87,1,0
TXN109215,1204.1,Bank Transfer,0.783,3007,10,0,0.189,0,1,19,66.55,0,1
TXN109216,35.76,ATM,0.958,787,0,0,0.65,0,1,14,20.41,0,0
TXN109217,538.42,POS,0.74,2437,3,1,0.262,0,0,13,15.26,0,0
TXN109218,172.4,ATM,0.643,1995,3,0,0.201,0,0,15,33.36,0,0
TXN109219,89.68,POS,0.008,1505,2,0,0.657,0,0,18,28.59,0,0
TXN109220,98.56,Online,0.448,1145,1,0,0.486,0,0,5,34.24,0,1
TXN109221,143.52,Bank Transfer,0.268,2732,1,1,0.153,0,1,5,7.48,0,0
TXN109222,182.8,Online,0.512,963,5,0,0.631,0,0,17,2.42,0,0
TXN109223,59.14,Bank Transfer,0.951,2798,3,0,0.977,0,0,14,13.14,0,0
TXN109224,117.46,Online,0.32,872,1,0,0.11,0,0,9,38.32,0,1
TXN109225,68.67,POS,0.161,3209,5,1,0.369,1,0,10,16.25,1,0
TXN109226,44.03,POS,0.826,2567,2,0,0.718,0,0,7,35.78,0,0
TXN109227,65.54,ATM,0.991,2002,3,0,0.846,0,0,9,32.91,1,0
TXN109228,46.99,Online,0.78,389,6,2,0.607,0,0,21,14.51,0,1
TXN109229,97.5,POS,0.138,803,6,0,0.427,0,1,11,84.93,0,0
TXN109230,228.71,POS,0.551,2317,2,0,0.241,0,0,12,3.73,0,0
TXN109231,167.45,Bank Transfer,0.405,2102,2,1,0.246,0,1,4,8.08,1,1
TXN109232,1068.86,POS,0.633,402,3,0,0.952,0,1,1,12.15,1,0
TXN109233,16.27,Bank Transfer,0.669,389,1,1,,0,0,3,4.78,0,0
TXN109234,237.3,Online,0.807,2225,1,0,0.696,0,0,21,20.6,0,0
TXN109235,149.37,POS,0.24,1391,5,0,0.612,0,0,16,14.04,0,0
TXN109236,335.52,Online,0.965,1744,4,1,0.791,0,1,4,22.71,1,1
TXN109237,303.83,ATM,0.215,2239,2,0,0.218,0,1,7,8.83,0,0
TXN109238,125.84,Online,0.124,3104,3,0,0.653,0,0,13,23.89,0,0
TXN109239,176.38,POS,0.829,941,3,2,0.652,0,0,0,28.8,1,0
TXN109240,70.52,POS,0.463,2541,0,0,0.848,0,0,10,42.37,0,0
TXN109241,274.15,Bank Transfer,0.49,3161,3,0,0.999,0,0,14,26.11,0,0
TXN109242,22.67,Online,0.319,3338,2,0,0.711,0,1,2,21.64,0,0
TXN109243,322.73,Online,0.046,3563,4,1,0.679,0,0,9,51.35,0,1
TXN109244,145.01,POS,0.194,46,2,1,0.267,0,0,23,52.93,0,0
TXN109245,91.19,Online,0.762,304,2,0,0.527,1,0,4,,0,0
TXN109246,117.62,ATM,0.224,3174,4,0,0.78,1,0,6,24.44,0,0
TXN109247,126.57,POS,0.993,775,7,0,0.959,0,1,21,63.09,0,1
TXN109248,543.11,Bank Transfer,0.786,1079,1,0,0.285,0,0,15,5.63,0,1
TXN109249,3764.96,ATM,0.849,1742,4,0,0.149,0,0,16,25.7,0,1
TXN109250,502.64,POS,0.873,2403,4,0,0.791,0,0,0,82.21,0,0
TXN109251,84.32,Bank Transfer,0.719,167,5,0,0.24,0,0,23,3.13,0,0
TXN109252,278.6,Online,0.466,2378,4,0,0.689,0,0,23,16.19,0,1
TXN109253,291.0,Online,0.917,366,3,0,0.319,0,0,23,13.44,0,0
TXN109254,58.84,POS,0.427,1369,1,0,0.954,0,0,18,62.08,0,0
TXN109255,42.06,Bank Transfer,0.096,3290,4,0,0.839,0,1,0,40.22,0,0
TXN109256,139.31,Online,0.596,484,4,1,0.634,0,0,23,35.69,2,0
TXN109257,332.86,ATM,0.106,194,1,1,,0,0,21,24.02,0,0
TXN109258,29.61,POS,0.655,1751,4,1,0.632,0,0,1,40.82,0,0
TXN109259,72.18,POS,0.998,925,1,0,0.138,0,0,13,8.17,0,0
TXN109260,263.13,Bank Transfer,0.675,919,3,0,0.174,0,0,1,17.91,0,0
TXN109261,154.74,Online,0.211,1563,5,0,0.726,0,0,7,23.65,0,0
TXN109262,611.72,POS,0.138,647,2,0,0.236,0,0,16,63.19,0,0
TXN109263,36.18,ATM,0.356,104,2,0,0.175,0,0,23,34.77,0,0
TXN109264,1559.57,POS,0.146,3380,3,2,0.503,0,0,19,51.87,0,1
TXN109265,31.88,Bank Transfer,0.57,2964,6,0,0.986,0,0,23,82.23,0,0
TXN109266,19.51,Bank Transfer,0.783,1520,6,0,0.775,0,1,20,3.89,0,1
TXN109267,139.92,POS,0.658,3034,3,1,,0,0,12,37.52,0,0
TXN109268,47.73,Online,0.617,3635,1,1,0.253,0,0,18,12.74,0,0
TXN109269,142.77,Bank Transfer,0.436,1458,2,0,0.316,0,0,8,55.8,0,0
TXN109270,137.86,Bank Transfer,0.173,595,3,0,0.826,0,0,23,7.15,0,0
TXN109271,122.02,Online,0.638,760,2,0,0.155,0,0,7,25.02,0,0
TXN109272,63.92,Online,0.419,3508,2,0,0.608,0,0,8,5.16,0,0
TXN109273,228.76,Online,0.305,3260,1,0,0.915,0,1,12,34.02,0,0
TXN109274,108.06,POS,0.659,2563,3,1,0.508,0,0,19,8.61,0,0
TXN109275,447.49,Online,0.379,2486,0,0,0.94,0,0,13,25.72,0,0
TXN109276,123.92,POS,0.168,1137,1,0,0.763,0,0,16,67.06,0,0
TXN109277,56.56,POS,0.484,1926,4,0,0.731,0,0,10,23.82,0,0
TXN109278,27.45,Online,0.289,1363,1,0,0.477,0,0,21,6.02,0,0
TXN109279,124.95,ATM,0.733,1450,2,0,0.255,0,0,13,12.95,0,0
TXN109280,41.71,POS,0.047,2661,6,0,0.313,0,0,8,14.55,0,0
TXN109281,38.48,POS,0.853,1982,6,0,0.242,0,1,8,86.63,0,0
TXN109282,251.5,POS,0.461,1580,6,0,0.751,0,0,1,46.35,0,0
TXN109283,25.09,POS,0.016,933,2,0,0.631,0,0,20,47.94,0,0
TXN109284,609.23,Bank Transfer,0.133,2401,2,0,0.636,0,0,17,22.22,1,0
TXN109285,174.12,Online,0.945,1657,2,0,0.392,0,1,13,6.52,1,1
TXN109286,142.05,POS,0.537,211,2,0,0.318,0,0,7,21.85,1,1
TXN109287,52.73,Bank Transfer,,2512,2,2,0.788,0,0,8,8.2,0,0
TXN109288,318.74,POS,0.883,1243,2,1,0.31,1,0,4,3.12,0,1
TXN109289,147.98,Online,0.32,1519,4,0,0.199,0,0,20,15.96,0,0
TXN109290,74.73,ATM,0.547,3608,1,1,0.529,0,1,14,62.78,0,0
TXN109291,181.24,ATM,0.65,2509,2,0,0.749,0,0,18,18.56,0,0
TXN109292,27.58,POS,0.842,273,3,1,0.115,0,0,0,25.74,1,0
TXN109293,28.92,Online,0.42,2704,2,0,0.333,0,1,17,12.27,1,0
TXN109294,48.42,Online,0.952,1086,3,1,0.701,0,0,0,27.72,0,0
TXN109295,210.51,Online,0.607,2758,4,1,0.468,0,0,1,16.95,0,0
TXN109296,147.93,POS,0.874,1295,6,0,0.102,1,0,19,10.19,0,0
TXN109297,423.68,ATM,0.083,2090,2,1,0.734,0,0,6,25.54,0,0
TXN109298,59.15,Online,0.463,2544,8,0,0.285,1,0,17,10.83,1,1
TXN109299,263.66,ATM,0.179,697,2,0,0.346,0,0,10,8.33,0,0
TXN109300,132.44,Bank Transfer,0.912,521,1,0,0.547,0,0,14,4.92,2,1
TXN109301,57.8,ATM,0.235,2566,4,0,0.92,0,0,2,127.07,0,1
TXN109302,218.18,ATM,0.713,290,2,0,0.491,0,0,17,23.82,0,0
TXN109303,138.93,POS,0.063,2995,3,0,0.163,1,0,0,11.16,0,0
TXN109304,79.11,POS,0.201,1598,8,2,0.498,0,0,19,40.05,0,0
TXN109305,154.78,Online,0.32,371,3,2,0.43,0,0,6,147.42,0,0
TXN109306,130.38,POS,0.782,2795,0,0,0.205,0,1,11,18.74,0,0
TXN109307,127.27,Online,0.251,3273,5,1,0.238,0,0,10,30.66,0,0
TXN109308,98.24,ATM,0.817,273,3,0,0.64,0,0,9,45.42,1,0
TXN109309,40.25,Online,0.789,3437,2,0,0.983,0,0,8,62.33,0,0
TXN109310,159.93,POS,0.992,1529,5,0,0.896,0,0,15,17.18,0,1
TXN109311,66.51,Bank Transfer,,2449,1,0,0.848,0,0,20,34.42,0,0
TXN109312,53.5,Online,0.637,994,4,0,0.32,0,0,23,15.04,0,0
TXN109313,116.66,Online,0.602,432,2,0,0.625,0,1,18,36.23,0,1
TXN109314,309.21,Online,0.11,3602,4,2,0.229,0,1,22,18.23,0,0
TXN109315,178.68,POS,0.513,2396,2,0,0.488,0,0,19,20.42,0,0
TXN109316,87.26,ATM,0.851,953,3,0,0.761,0,0,9,60.93,0,0
TXN109317,83.82,POS,0.021,1318,4,0,0.295,0,1,3,3.82,0,0
TXN109318,280.29,Online,0.127,2773,2,0,0.872,1,0,18,55.83,0,0
TXN109319,13.51,POS,0.601,1129,0,0,0.762,0,0,20,34.87,0,0
TXN109320,329.43,POS,0.847,2520,2,0,0.699,0,0,15,27.07,1,0
TXN109321,22.78,POS,0.307,163,4,0,0.897,0,0,23,,0,0
TXN109322,36.04,POS,0.871,3603,1,2,0.346,0,0,12,18.7,0,0
TXN109323,88.74,Bank Transfer,0.338,2653,6,0,0.95,0,0,9,15.21,0,0
TXN109324,1300.01,ATM,0.465,1248,1,1,0.453,0,0,5,22.19,0,0
TXN109325,794.27,POS,0.953,2081,2,0,0.46,0,0,12,79.3,0,1
TXN109326,300.81,POS,0.418,659,4,0,0.84,0,0,10,6.68,0,0
TXN109327,211.99,ATM,0.599,1661,4,0,0.873,0,0,10,3.11,0,0
TXN109328,23.05,POS,0.935,1309,1,0,0.745,0,0,9,4.84,0,0
TXN109329,173.6,Online,0.264,1437,3,0,0.453,0,0,5,78.99,0,0
TXN109330,85.69,POS,0.092,2973,3,0,0.902,0,0,4,43.2,0,0
TXN109331,65.58,Online,0.958,1520,2,0,0.806,0,0,4,35.74,2,1
TXN109332,173.26,Bank Transfer,0.56,52,3,1,0.494,0,0,18,21.01,0,1
TXN109333,92.66,POS,0.966,1670,0,0,0.447,0,0,7,29.56,0,0
TXN109334,354.0,Bank Transfer,0.867,218,3,0,0.564,0,0,19,26.82,0,0
TXN109335,21.41,Bank Transfer,0.595,1758,1,0,0.894,1,0,8,9.34,0,0
TXN109336,159.97,Bank Transfer,0.471,2489,3,0,0.846,0,0,4,46.47,0,0
TXN109337,61.61,ATM,0.48,383,5,0,0.139,0,0,2,7.85,1,1
TXN109338,98.53,ATM,0.166,259,6,0,0.717,0,0,10,35.83,0,0
TXN109339,201.27,Online,0.454,1406,3,0,0.547,0,0,2,26.26,1,0
TXN109340,48.55,Bank Transfer,0.822,1776,1,0,0.228,1,0,19,25.66,0,0
TXN109341,174.9,POS,0.989,261,3,1,0.108,0,0,14,28.26,0,1
TXN109342,120.02,ATM,0.96,1208,5,0,0.481,0,0,11,21.45,0,0
TXN109343,76.66,Online,0.962,2838,0,0,0.312,0,0,14,7.34,0,0
TXN109344,92.71,POS,0.019,2096,6,1,0.323,0,0,0,18.22,0,0
TXN109345,127.16,POS,,1920,2,0,0.657,0,0,4,46.16,0,0
TXN109346,68.87,POS,0.2,408,4,0,0.55,0,0,12,29.5,0,0
TXN109347,149.47,Online,0.615,2924,7,0,0.289,0,0,5,38.1,0,0
TXN109348,112.37,POS,0.946,2173,5,1,0.907,0,0,20,54.04,0,0
TXN109349,80.54,POS,0.877,1584,3,0,0.552,0,0,12,43.67,1,0
TXN109350,727.67,POS,0.867,2253,3,0,0.197,0,0,18,75.53,0,1
TXN109351,224.81,Online,0.366,584,1,0,0.276,0,0,16,19.84,0,0
TXN109352,101.22,POS,0.501,2482,2,0,0.974,0,0,14,10.27,0,0
TXN109353,171.72,POS,0.282,1114,6,1,0.529,0,0,22,30.98,0,0
TXN109354,53.15,POS,0.554,178,2,0,0.766,0,0,12,42.59,0,0
TXN109355,95.89,Online,0.303,876,2,0,0.998,1,0,21,22.61,0,0
TXN109356,107.76,POS,0.809,1352,3,0,0.396,0,0,0,8.95,0,1
TXN109357,42.66,Bank Transfer,0.464,1622,4,1,0.127,0,0,7,13.59,0,0
TXN109358,218.62,POS,0.7,858,1,0,0.637,0,0,3,14.32,0,0
TXN109359,89.51,POS,0.873,2885,5,1,0.121,0,0,7,32.27,0,0
TXN109360,104.01,Online,0.3,985,4,0,0.453,0,0,9,59.76,0,0
TXN109361,84.04,ATM,0.622,452,0,0,,0,1,9,25.69,0,0
TXN109362,2861.47,Online,0.846,835,2,1,0.879,0,0,19,4.94,1,0
TXN109363,76.51,POS,0.951,1478,1,0,0.173,0,0,21,55.13,0,1
TXN109364,18.75,Online,0.163,192,2,0,0.888,1,0,13,13.83,0,0
TXN109365,29.97,Online,0.681,362,2,0,0.481,0,0,4,42.66,0,0
TXN109366,317.13,Online,0.435,599,1,0,0.525,0,0,7,29.9,0,1
TXN109367,564.79,Bank Transfer,0.286,1447,5,0,0.121,0,0,18,34.23,1,0
TXN109368,75.05,Bank Transfer,0.158,3475,3,0,,0,0,0,22.22,0,0
TXN109369,533.23,Online,0.585,2138,4,1,0.733,0,0,6,5.22,0,0
TXN109370,311.56,POS,0.334,326,3,0,0.695,0,0,22,77.38,0,0
TXN109371,122.8,Online,0.668,279,4,0,0.258,0,1,12,1.62,0,1
TXN109372,114.38,Bank Transfer,0.281,404,1,0,0.495,0,0,13,9.19,0,1
TXN109373,177.84,Bank Transfer,0.001,271,1,0,0.843,0,0,11,25.53,1,0
TXN109374,356.9,POS,0.767,1858,3,1,0.104,0,0,21,51.76,0,0
TXN109375,220.81,POS,0.161,2674,4,0,0.782,0,0,17,66.98,0,0
TXN109376,75.43,POS,0.253,1602,2,0,0.776,0,0,8,4.23,0,0
TXN109377,124.69,ATM,0.235,1505,2,0,0.943,1,0,16,22.15,0,0
TXN109378,1076.28,Online,0.342,2182,6,0,0.613,0,0,16,39.22,0,0
TXN109379,190.8,POS,0.485,1302,5,0,0.39,0,0,12,13.6,0,0
TXN109380,354.01,POS,0.812,2957,3,0,0.159,0,0,2,34.74,0,1
TXN109381,254.65,POS,0.65,2514,3,0,0.874,0,1,14,60.99,0,0
TXN109382,195.07,Bank Transfer,0.146,3589,5,0,0.591,0,1,8,77.37,0,0
TXN109383,165.45,Online,0.184,336,7,0,0.379,0,0,14,47.7,0,0
TXN109384,364.09,POS,0.847,1598,5,0,0.866,0,0,18,19.28,0,0
TXN109385,304.49,Online,0.25,3142,0,2,0.735,0,0,19,24.42,0,0
TXN109386,193.23,Online,0.219,2464,4,0,0.18,0,0,22,10.68,0,0
TXN109387,74.16,Online,0.004,2837,2,1,,0,0,6,41.77,0,0
TXN109388,218.23,ATM,0.774,1725,5,0,0.855,0,0,10,21.62,0,0
TXN109389,138.79,POS,0.738,1440,2,0,0.329,0,0,10,13.39,1,0
TXN109390,109.04,POS,0.348,2755,4,0,0.297,0,0,5,22.71,0,0
TXN109391,2161.97,POS,0.007,1726,5,0,,0,0,15,9.53,0,0
TXN109392,31.85,Online,0.786,1504,3,0,0.741,0,0,19,10.3,0,0
TXN109393,387.03,Bank Transfer,0.099,1469,3,0,0.898,0,0,23,0.86,0,0
TXN109394,62.64,POS,0.46,477,0,0,0.424,0,0,0,25.01,0,1
TXN109395,169.22,ATM,0.84,2872,3,0,0.928,0,0,18,30.57,0,0
TXN109396,1936.4,ATM,0.244,3112,2,0,0.632,0,0,5,31.96,0,1
TXN109397,56.69,Bank Transfer,0.38,134,0,1,0.603,0,0,18,2.88,0,0
TXN109398,71.96,Online,0.661,1486,4,1,0.336,1,1,5,17.26,0,1
TXN109399,145.84,POS,0.673,2460,1,0,0.122,0,0,3,31.16,0,0
TXN109400,63.61,ATM,0.463,573,3,0,0.574,0,0,13,27.33,1,0
TXN109401,359.26,ATM,0.434,1125,1,0,0.982,0,0,16,69.05,0,0
TXN109402,86.96,Online,0.42,3511,2,2,0.453,0,0,4,23.39,0,0
TXN109403,285.43,Bank Transfer,0.486,2851,4,1,0.945,0,1,2,20.16,0,1
TXN109404,39.28,POS,,3205,4,1,0.16,0,0,14,16.68,0,0
TXN109405,24.37,Online,0.256,3591,2,0,0.302,0,0,1,25.52,0,0
TXN109406,118.04,POS,0.316,2496,3,0,0.355,0,0,11,53.91,1,0
TXN109407,30.92,Online,0.478,1039,3,1,0.433,0,1,10,16.11,0,0
TXN109408,677.4,POS,0.382,3480,1,0,0.601,0,0,1,28.4,0,0
TXN109409,32.14,POS,0.586,1643,1,0,0.854,0,0,18,41.38,0,0
TXN109410,52.58,POS,0.631,1981,2,0,0.614,0,0,0,5.05,0,0
TXN109411,224.44,Online,0.996,2012,4,1,0.212,0,0,18,11.29,1,1
TXN109412,82.57,Bank Transfer,0.615,2015,4,0,0.131,0,0,22,12.93,0,0
TXN109413,32.51,POS,0.735,2024,5,0,0.725,0,1,4,8.04,0,0
TXN109414,1141.35,Online,0.098,2843,3,0,0.744,0,0,19,14.34,0,0
TXN109415,54.51,POS,0.76,596,1,0,0.104,0,0,5,4.41,0,0
TXN109416,121.97,Online,0.509,1626,3,0,0.178,0,1,14,46.05,0,0
TXN109417,120.4,POS,0.867,2141,6,2,0.895,0,0,20,10.91,0,0
TXN109418,301.96,Online,0.971,2047,3,0,0.63,0,0,17,15.12,0,0
TXN109419,235.65,Bank Transfer,0.23,2650,4,0,0.518,0,0,17,12.72,1,0
TXN109420,64.92,Online,0.929,1240,4,0,0.182,0,1,15,24.47,1,1
TXN109421,107.14,Online,0.672,3447,4,0,0.353,0,0,17,8.72,0,0
TXN109422,118.28,Online,0.739,83,6,0,0.748,0,0,19,54.24,0,0
TXN109423,313.86,POS,0.472,2655,1,1,0.613,0,0,4,27.61,0,1
TXN109424,46.14,POS,0.355,643,6,3,0.589,0,1,5,44.08,0,0
TXN109425,1116.67,POS,0.8,2213,5,0,0.816,0,0,22,60.98,0,0
TXN109426,69.46,Online,0.022,115,4,0,0.756,1,0,4,18.3,0,0
TXN109427,147.12,Bank Transfer,0.541,874,3,0,0.356,0,1,21,10.96,0,1
TXN109428,46.53,Online,0.074,1447,7,1,0.931,0,0,3,43.46,0,0
TXN109429,40.52,Online,0.255,384,3,0,0.642,1,0,8,31.52,0,0
TXN109430,61.9,POS,0.725,1217,6,0,0.216,0,0,0,60.67,0,0
TXN109431,56.23,POS,0.755,2326,4,0,0.56,0,0,16,13.4,0,0
TXN109432,98.08,Bank Transfer,0.889,615,5,0,0.481,0,1,15,31.7,1,1
TXN109433,55.76,POS,0.715,2293,6,0,0.825,1,0,20,18.25,0,0
TXN109434,297.54,ATM,0.675,1723,4,0,0.937,0,0,18,39.21,0,0
TXN109435,67.83,POS,0.945,3068,7,0,0.294,0,0,18,34.84,0,0
TXN109436,60.71,POS,0.537,2338,2,0,0.751,0,0,11,25.32,1,0
TXN109437,100.19,POS,0.654,1644,4,1,0.585,0,0,12,9.66,0,0
TXN109438,400.55,Bank Transfer,0.868,3017,7,0,0.912,0,1,16,11.39,1,0
TXN109439,183.99,POS,0.764,652,2,1,0.167,0,0,3,14.24,0,0
TXN109440,134.33,ATM,0.77,2083,1,1,0.738,0,0,4,57.69,0,0
TXN109441,35.41,POS,0.537,843,2,1,0.972,0,0,5,17.05,1,0
TXN109442,47.34,Online,0.528,1661,3,0,0.619,0,0,23,28.43,0,0
TXN109443,41.33,Online,0.649,1754,1,0,0.376,0,0,6,51.61,0,0
TXN109444,548.32,Online,0.701,2196,6,0,0.695,0,0,9,9.57,0,0
TXN109445,252.29,POS,0.546,1159,6,0,0.121,0,0,4,70.37,0,1
TXN109446,62.7,POS,0.185,2426,5,0,0.598,0,1,12,27.78,0,0
TXN109447,84.41,Bank Transfer,0.248,682,1,0,0.451,1,0,16,18.91,0,0
TXN109448,65.02,Online,0.493,634,2,1,0.203,1,0,20,8.26,0,1
TXN109449,61.2,POS,0.204,420,3,0,,0,0,4,72.31,0,0
TXN109450,235.17,Online,0.423,1771,1,0,0.529,0,0,5,31.18,0,0
TXN109451,111.33,POS,0.147,1522,2,1,0.892,0,0,4,17.79,0,0
TXN109452,1189.36,Online,0.146,3018,3,0,0.332,0,0,7,27.99,0,0
TXN109453,518.2,Online,0.843,1251,5,0,0.382,0,1,8,11.51,1,1
TXN109454,549.76,POS,0.542,2132,0,0,0.987,0,0,6,41.66,0,0
TXN109455,290.43,Online,0.78,3524,3,3,0.598,0,0,1,32.69,0,0
TXN109456,97.26,Online,0.012,2259,7,0,0.438,0,1,17,,0,0
TXN109457,269.83,Bank Transfer,0.286,3130,3,0,0.775,0,0,18,52.35,0,0
TXN109458,104.71,Online,0.018,1874,3,1,0.151,0,0,3,13.69,0,1
TXN109459,757.69,Online,0.003,694,1,0,0.792,0,0,19,17.31,0,0
TXN109460,222.36,ATM,0.032,1656,3,0,0.236,0,0,6,14.61,0,0
TXN109461,192.94,POS,0.522,2757,4,1,,0,0,16,45.54,0,0
TXN109462,168.52,Online,0.091,448,2,0,0.995,0,0,18,52.09,0,0
TXN109463,845.79,POS,0.798,1768,4,0,0.281,1,0,0,22.6,1,1
TXN109464,35.38,POS,0.516,1904,3,0,0.909,0,0,9,6.44,0,0
TXN109465,932.89,Online,0.245,3382,4,1,0.553,1,0,3,12.71,0,0
TXN109466,123.2,POS,0.839,3567,4,0,0.248,0,0,15,17.1,0,0
TXN109467,36.37,Online,0.51,2231,3,0,0.569,0,1,23,9.27,0,0
TXN109468,69.95,Online,0.351,796,2,0,0.275,1,0,2,21.99,0,0
TXN109469,28.48,POS,0.568,768,2,2,,0,0,14,13.26,0,0
TXN109470,285.33,Online,0.673,2197,2,0,0.376,0,1,10,50.58,0,1
TXN109471,52.55,Online,0.559,739,2,0,0.536,0,0,9,30.15,1,0
TXN109472,175.68,Online,0.933,2468,5,2,0.699,0,0,23,70.52,0,1
TXN109473,461.38,ATM,0.354,3531,2,0,0.406,0,0,15,20.69,0,0
TXN109474,75.79,POS,0.41,707,1,1,0.364,0,0,14,64.46,0,0
TXN109475,113.51,ATM,0.859,3354,4,0,0.5,0,0,1,23.13,0,1
TXN109476,40.31,POS,0.637,170,2,0,0.502,0,0,21,13.93,0,0
TXN109477,100.65,POS,0.966,1777,6,0,0.845,0,0,15,22.86,0,0
TXN109478,1946.96,Online,0.792,1426,0,0,0.194,0,1,12,12.07,1,0
TXN109479,323.09,POS,0.513,2071,2,1,0.18,0,0,23,19.3,0,0
TXN109480,113.89,POS,0.635,1780,0,0,0.566,0,1,14,12.4,1,0
TXN109481,80.5,POS,0.406,2010,2,0,0.627,0,0,3,16.33,0,0
TXN109482,142.22,ATM,0.128,466,1,0,0.365,0,0,1,38.91,0,0
TXN109483,169.03,Bank Transfer,0.407,2793,4,0,0.293,0,0,9,21.76,0,0
TXN109484,97.61,Bank Transfer,0.281,3447,2,0,0.874,0,0,21,14.39,0,0
TXN109485,252.16,POS,0.678,1747,3,0,0.289,0,1,7,7.14,0,1
TXN109486,57.2,Online,0.669,3131,4,0,0.683,0,0,13,19.43,0,0
TXN109487,56.92,ATM,0.937,473,2,0,0.735,0,0,5,40.18,0,0
TXN109488,214.9,POS,0.079,2680,4,0,0.625,0,0,16,60.27,0,0
TXN109489,46.13,Online,,1203,3,2,0.46,0,1,12,13.73,0,1
TXN109490,307.67,POS,0.399,2454,1,0,0.84,0,0,1,42.77,0,0
TXN109491,146.31,Online,0.527,2087,3,0,0.493,0,0,22,67.3,0,0
TXN109492,23.86,Online,0.12,189,4,1,0.18,0,0,14,62.63,0,0
TXN109493,165.59,POS,0.491,1300,1,0,0.107,0,0,12,45.91,0,0
TXN109494,27.52,POS,0.657,1603,3,0,0.929,0,0,0,59.95,0,0
TXN109495,296.89,ATM,0.314,2975,6,0,0.844,0,0,0,33.02,0,0
TXN109496,115.73,Online,0.65,427,5,0,0.893,0,0,2,76.66,0,0
TXN109497,944.9,POS,0.266,3461,6,1,0.329,1,0,18,70.69,0,0
TXN109498,433.25,POS,0.369,203,5,0,,0,0,16,38.75,0,0
TXN109499,51.38,Bank Transfer,0.907,906,4,0,0.634,0,0,17,29.23,1,0
TXN109500,19.67,Online,0.025,545,2,0,0.907,0,0,2,19.42,1,0
TXN109501,69.75,Online,0.273,3248,2,0,0.902,0,0,17,48.93,1,0
TXN109502,43.76,Online,0.936,2084,2,1,0.392,0,0,10,2.92,0,0
TXN109503,921.26,Bank Transfer,0.147,2620,2,0,0.88,0,0,23,4.2,0,0
TXN109504,146.89,POS,0.397,2520,1,0,0.449,0,0,15,7.36,0,0
TXN109505,377.44,POS,0.454,2154,5,0,0.262,0,0,20,19.27,1,0
TXN109506,111.61,POS,0.653,1114,5,0,0.239,0,0,7,37.57,0,0
TXN109507,124.01,ATM,0.612,502,1,0,0.625,0,0,11,13.35,0,0
TXN109508,143.65,POS,0.627,1608,1,0,0.167,0,1,2,17.63,0,0
TXN109509,448.78,POS,0.94,1517,3,1,0.605,0,0,11,117.24,0,0
TXN109510,202.68,POS,0.393,1611,6,0,0.119,0,1,6,26.93,0,1
TXN109511,51.56,Online,0.49,3633,2,1,0.305,0,0,1,132.4,1,0
TXN109512,751.83,Online,0.964,494,3,0,0.898,0,0,6,18.12,0,0
TXN109513,110.74,POS,0.128,2377,3,0,0.914,0,0,15,17.14,0,0
TXN109514,94.11,POS,0.948,595,7,1,0.721,0,0,17,85.1,0,1
TXN109515,8.76,ATM,0.948,2171,3,0,0.186,0,0,8,17.22,0,0
TXN109516,279.89,POS,0.953,2478,3,1,0.919,0,0,20,16.96,1,1
TXN109517,164.19,ATM,0.067,158,2,1,0.335,0,1,17,3.28,0,0
TXN109518,164.01,POS,0.578,1697,1,0,0.17,0,0,21,30.26,0,0
TXN109519,99.2,Bank Transfer,0.838,1191,0,0,0.414,1,0,13,24.21,0,1
TXN109520,83.49,Online,0.314,1795,4,0,0.245,0,0,19,15.78,1,0
TXN109521,102.56,Online,0.591,1797,3,0,0.735,0,0,10,55.02,1,0
TXN109522,235.84,POS,0.256,1739,2,1,0.393,0,1,6,40.77,0,0
TXN109523,281.21,POS,0.13,2352,2,1,0.638,1,1,13,11.89,0,0
TXN109524,117.8,Online,0.852,757,4,0,0.969,0,0,1,32.6,0,0
TXN109525,383.35,Online,0.981,3132,2,0,0.498,0,1,6,24.86,1,0
TXN109526,137.14,ATM,0.07,3075,4,1,0.383,0,0,18,42.6,0,0
TXN109527,89.64,Online,0.121,1688,2,0,,0,0,9,77.53,0,0
TXN109528,180.99,Online,0.589,3317,3,1,0.65,1,0,20,12.25,0,0
TXN109529,38.12,ATM,0.086,1023,6,0,,0,0,7,15.47,0,0
TXN109530,187.3,Online,0.631,774,5,0,0.193,0,1,7,26.76,0,1
TXN109531,31.75,Bank Transfer,0.719,1048,2,0,0.117,0,0,19,15.75,0,0
TXN109532,53.11,POS,0.415,2857,5,0,0.879,0,0,22,42.04,0,0
TXN109533,19.71,POS,0.756,528,6,0,0.273,0,0,3,22.82,0,0
TXN109534,124.57,ATM,0.114,1132,1,1,0.135,0,1,5,16.64,0,0
TXN109535,742.21,POS,0.301,556,3,1,0.618,0,0,16,31.37,0,0
TXN109536,132.02,POS,0.808,1638,4,0,0.239,0,1,2,16.07,0,1
TXN109537,282.47,POS,0.088,1135,3,1,0.963,0,0,3,47.24,0,0
TXN109538,1559.8,Online,0.285,2987,2,0,0.718,0,0,4,15.07,0,0
TXN109539,222.31,Online,0.621,2805,2,1,0.997,0,0,10,34.64,0,0
TXN109540,69.05,POS,0.247,3233,3,1,0.835,0,0,9,4.67,0,0
TXN109541,79.24,POS,0.481,1525,2,1,0.387,0,0,6,46.15,0,1
TXN109542,148.51,POS,0.837,1953,1,0,0.718,0,0,1,72.58,0,0
TXN109543,78.82,POS,0.27,3141,4,0,0.486,0,0,22,13.64,0,0
TXN109544,84.94,POS,0.436,2610,3,0,0.313,0,0,0,26.72,0,0
TXN109545,397.52,POS,0.018,3465,3,0,0.59,0,0,14,32.1,0,0
TXN109546,414.12,ATM,0.708,3580,1,1,,0,0,18,45.51,0,0
TXN109547,28.59,Online,0.355,303,3,0,0.108,0,1,13,19.25,1,0
TXN109548,65.49,POS,0.86,880,4,0,0.93,0,0,20,67.13,0,0
TXN109549,93.32,POS,0.089,2603,3,0,0.328,0,0,16,32.01,0,0
TXN109550,270.18,POS,0.782,386,1,0,0.177,0,0,13,127.66,0,1
TXN109551,465.48,POS,0.814,338,4,0,0.995,0,0,15,19.94,0,0
TXN109552,2212.7,Online,0.776,527,4,1,0.198,0,0,6,63.87,0,1
TXN109553,93.16,Bank Transfer,0.734,289,6,0,0.972,0,0,2,18.66,0,0
TXN109554,97.93,ATM,0.238,2439,5,1,0.642,0,0,5,12.05,0,1
TXN109555,267.35,Online,0.417,1028,2,0,0.87,0,0,14,20.46,0,0
TXN109556,75.02,POS,0.386,3442,1,1,0.671,0,0,9,10.11,0,0
TXN109557,128.9,Online,0.241,397,3,0,0.131,0,0,19,42.23,0,0
TXN109558,98.0,Bank Transfer,0.492,1682,2,0,0.784,0,0,22,39.64,0,0
TXN109559,10.79,POS,0.698,2429,3,0,0.76,0,1,22,31.28,0,0
TXN109560,167.88,ATM,0.479,1334,5,0,0.254,0,0,4,19.36,1,0
TXN109561,123.67,POS,0.974,2622,4,0,0.18,0,0,3,6.55,0,1
TXN109562,529.13,Online,0.709,3072,1,0,0.443,0,1,12,64.21,0,1
TXN109563,149.23,POS,0.443,2344,4,1,0.122,0,0,2,37.81,0,0
TXN109564,42.32,Online,0.404,2226,2,1,0.102,0,0,17,23.22,0,0
TXN109565,114.65,POS,0.584,2112,1,1,0.85,0,0,20,36.25,0,0
TXN109566,18.34,Online,0.432,3626,3,0,0.836,0,0,18,44.37,0,0
TXN109567,44.22,Online,0.222,2858,4,0,0.519,0,1,4,65.96,1,1
TXN109568,280.2,Online,0.521,247,3,1,0.507,0,0,2,,0,0
TXN109569,115.89,Online,0.673,2826,5,2,0.437,0,0,1,8.23,0,0
TXN109570,373.35,POS,0.358,627,5,0,0.233,0,0,7,7.14,1,0
TXN109571,20.76,Online,0.283,3180,3,0,0.68,0,0,14,18.98,1,0
TXN109572,116.46,POS,0.217,1204,1,0,0.399,0,0,1,37.68,0,0
TXN109573,92.25,Online,0.363,2539,2,0,0.363,0,0,8,55.79,0,0
TXN109574,386.0,POS,0.244,2704,3,0,0.171,0,0,20,17.77,1,0
TXN109575,290.84,Online,0.763,1318,4,0,0.588,0,0,22,26.76,0,0
TXN109576,282.1,Online,0.639,3517,2,0,0.982,0,1,17,9.86,0,0
TXN109577,693.26,Bank Transfer,0.287,1929,3,1,0.928,1,0,0,12.36,0,0
TXN109578,102.71,Online,0.992,1560,4,0,0.27,0,0,1,68.35,0,1
TXN109579,564.01,POS,0.646,1805,5,1,0.518,0,0,11,53.55,0,0
TXN109580,52.24,Online,0.142,1144,7,0,0.523,0,0,14,14.11,0,0
TXN109581,50.36,POS,0.829,420,4,1,0.431,0,0,2,45.29,0,0
TXN109582,315.05,POS,0.754,3583,5,0,0.321,0,0,12,10.78,0,1
TXN109583,32.96,POS,0.5,2968,3,0,0.769,0,0,17,7.68,0,0
TXN109584,263.16,ATM,0.233,2977,2,0,0.439,0,0,9,36.29,0,0
TXN109585,164.24,Bank Transfer,0.811,3334,1,0,0.805,0,1,23,27.01,0,0
TXN109586,433.48,Bank Transfer,0.125,2245,4,0,0.167,0,0,7,20.24,0,0
TXN109587,139.85,POS,0.418,3593,6,0,0.907,0,0,17,9.83,0,0
TXN109588,156.97,POS,0.817,3596,4,1,0.782,1,0,6,30.79,0,1
TXN109589,246.97,ATM,0.801,927,2,0,0.398,0,0,6,15.89,0,0
TXN109590,76.5,POS,0.63,1624,3,0,0.751,0,0,10,25.42,0,0
TXN109591,73.24,Online,0.008,376,6,0,0.622,0,1,1,35.28,0,1
TXN109592,238.51,Bank Transfer,0.333,2572,2,0,0.345,0,0,16,42.89,0,1
TXN109593,144.13,POS,0.853,431,4,1,0.418,0,0,0,56.24,0,1
TXN109594,98.76,POS,0.721,2792,5,0,0.612,0,0,13,7.11,0,0
TXN109595,136.62,Bank Transfer,0.811,2941,4,0,0.552,0,0,16,27.18,0,0
TXN109596,731.11,Online,0.063,1518,3,0,0.299,0,0,14,47.61,0,0
TXN109597,95.3,Bank Transfer,0.941,2316,2,0,0.866,1,0,15,66.25,1,0
TXN109598,92.57,Online,0.229,3465,3,0,0.948,0,0,13,4.84,0,0
TXN109599,26.91,POS,0.332,2767,3,0,0.709,0,0,16,22.52,0,0
TXN109600,142.26,ATM,0.841,1625,6,0,0.646,0,1,16,23.11,0,0
TXN109601,286.26,ATM,0.406,3306,0,0,0.748,0,0,21,20.06,0,0
TXN109602,342.47,Bank Transfer,0.643,174,5,0,0.3,1,0,20,28.74,0,1
TXN109603,165.38,Online,0.552,849,4,0,0.348,0,1,2,25.33,0,1
TXN109604,386.0,Online,0.866,1215,1,0,0.118,0,0,10,26.02,0,0
TXN109605,308.35,POS,0.156,1347,2,0,0.153,0,0,19,14.18,0,0
TXN109606,451.67,POS,0.098,2463,4,0,0.352,0,0,0,23.28,1,0
TXN109607,397.15,Bank Transfer,0.632,2898,1,0,0.214,1,0,16,4.87,0,0
TXN109608,713.35,Bank Transfer,0.845,222,3,0,0.449,0,0,5,17.4,0,0
TXN109609,125.25,Online,0.923,968,2,0,0.367,0,0,10,14.14,0,0
TXN109610,39.37,Bank Transfer,0.4,2990,0,1,0.864,0,0,1,14.34,0,0
TXN109611,288.22,POS,0.735,1861,4,1,0.992,1,1,1,44.08,0,1
TXN109612,323.94,ATM,0.391,1152,1,1,0.336,0,0,12,51.61,0,1
TXN109613,713.37,Online,0.319,1635,3,1,0.266,0,0,10,2.62,0,0
TXN109614,534.48,Online,0.024,2223,2,0,0.322,0,0,3,10.44,0,0
TXN109615,1038.44,Online,0.25,2185,3,0,0.167,1,1,5,16.62,0,0
TXN109616,275.85,Online,0.17,3031,3,0,0.58,0,0,7,24.19,0,0
TXN109617,186.57,ATM,0.269,3607,3,1,0.858,0,0,19,7.14,0,0
TXN109618,37.15,Online,0.289,2954,3,0,0.387,0,0,13,57.03,0,0
TXN109619,201.97,ATM,0.859,405,2,0,0.783,0,0,16,26.46,0,0
TXN109620,85.41,POS,0.203,1556,3,0,0.927,0,0,2,27.94,0,1
TXN109621,183.37,POS,0.819,1784,4,0,,0,0,10,28.13,0,0
TXN109622,156.73,Online,0.859,2308,2,1,0.627,1,0,20,40.57,0,0
TXN109623,237.87,ATM,0.464,3501,4,1,0.345,0,1,17,14.25,1,0
TXN109624,134.65,Bank Transfer,0.725,1647,3,0,0.648,0,0,7,12.02,0,0
TXN109625,378.05,POS,0.319,1289,0,0,0.139,0,0,8,13.44,0,0
TXN109626,9.75,POS,0.018,3287,4,0,0.11,0,0,3,63.21,0,0
TXN109627,179.47,Online,0.71,2710,6,1,0.176,0,0,12,32.65,0,0
TXN109628,493.98,Bank Transfer,0.606,1690,1,0,0.796,0,0,9,5.02,0,1
TXN109629,963.0,Bank Transfer,0.461,3393,3,1,0.433,0,0,3,10.52,0,0
TXN109630,308.57,ATM,0.899,1125,5,1,0.875,0,0,0,8.88,0,0
TXN109631,800.22,Online,0.727,900,0,0,0.316,0,0,12,11.7,0,0
TXN109632,175.73,Bank Transfer,0.426,107,3,0,0.324,0,0,0,0.82,0,0
TXN109633,148.84,POS,0.053,324,0,1,0.235,0,0,22,81.98,0,0
TXN109634,252.0,Bank Transfer,0.876,3159,0,1,0.9,0,0,13,44.54,0,0
TXN109635,147.94,Online,0.985,304,2,0,0.782,0,0,21,124.9,0,0
TXN109636,67.87,Online,0.635,2798,2,0,0.143,0,0,7,23.34,0,1
TXN109637,88.66,Online,0.768,294,4,0,0.802,0,0,11,20.91,0,0
TXN109638,48.81,ATM,0.506,863,4,0,,0,0,9,19.31,0,0
TXN109639,251.74,POS,0.237,1298,3,2,0.173,0,0,11,5.91,0,0
TXN109640,150.11,POS,0.912,807,6,0,0.202,1,0,15,45.14,0,0
TXN109641,103.51,ATM,0.688,486,3,0,0.703,0,0,5,9.18,0,0
TXN109642,84.21,Bank Transfer,0.549,3608,5,1,0.284,0,0,21,22.79,0,0
TXN109643,245.93,Online,0.682,1496,1,0,0.121,0,1,19,23.8,0,1
TXN109644,323.9,POS,0.512,1561,3,0,0.746,0,0,8,4.06,0,0
TXN109645,47.92,Online,0.058,2759,4,1,0.731,1,0,2,58.2,0,0
TXN109646,40.95,POS,0.66,3338,2,0,0.175,0,0,14,,0,0
TXN109647,385.49,POS,0.005,1109,2,0,0.251,0,0,23,61.69,0,0
TXN109648,37.52,POS,0.22,1670,4,1,0.276,0,1,11,11.72,0,0
TXN109649,256.59,Online,0.156,1765,0,1,0.706,0,0,15,54.82,1,0
TXN109650,747.63,POS,0.34,973,3,1,0.363,0,0,9,58.78,0,1
TXN109651,749.37,POS,0.908,491,1,0,0.361,0,0,8,31.67,0,0
TXN109652,310.4,POS,0.08,3364,3,1,0.526,0,0,8,8.98,0,0
TXN109653,301.51,Online,0.357,2557,2,0,0.355,0,0,15,9.52,0,0
TXN109654,1410.79,POS,0.76,2488,3,0,0.673,1,0,19,54.21,0,1
TXN109655,14.38,POS,0.863,1179,3,1,0.131,0,0,21,57.69,0,0
TXN109656,93.29,Online,0.736,2420,2,1,0.634,1,0,10,9.33,0,1
TXN109657,346.71,ATM,0.965,519,5,2,0.233,0,0,18,35.67,0,1
TXN109658,105.92,ATM,0.696,457,6,1,0.125,0,1,4,42.25,0,1
TXN109659,512.74,Online,0.745,3485,0,2,0.417,0,0,3,52.32,0,1
TXN109660,142.69,Online,0.422,857,0,0,0.856,0,0,18,58.65,0,0
TXN109661,169.31,ATM,0.302,2816,1,0,0.297,0,0,12,5.07,0,0
TXN109662,112.77,Online,0.462,1037,6,0,0.266,0,1,13,22.3,0,0
TXN109663,88.01,Online,0.768,2391,4,0,,0,0,12,8.16,0,0
TXN109664,85.87,POS,0.65,2245,4,1,0.612,0,0,11,69.05,0,0
TXN109665,194.64,POS,0.772,2647,3,0,0.633,0,0,12,11.26,0,0
TXN109666,68.4,POS,0.628,3482,4,0,0.662,0,0,5,3.28,0,0
TXN109667,384.99,Online,0.733,1570,1,0,0.621,0,1,1,35.7,1,0
TXN109668,285.21,Bank Transfer,0.156,3164,2,0,0.234,1,0,3,57.6,0,0
TXN109669,445.6,POS,0.324,1109,5,1,0.558,0,0,1,24.18,0,0
TXN109670,47.99,Online,0.561,3518,1,0,0.292,0,0,15,6.8,0,0
TXN109671,27.13,Bank Transfer,0.017,1839,6,2,0.548,0,1,20,13.53,0,0
TXN109672,147.79,Online,0.912,3085,4,0,0.218,0,0,2,31.26,1,1
TXN109673,2694.05,POS,0.239,3017,7,0,0.612,0,0,3,31.87,1,1
TXN109674,526.48,Bank Transfer,0.089,2327,4,1,0.802,0,0,0,20.86,0,0
TXN109675,85.25,POS,0.664,3518,2,0,0.911,0,0,5,31.87,0,0
TXN109676,226.9,POS,0.194,2474,5,0,0.875,0,0,7,,0,0
TXN109677,307.23,Online,0.562,2221,3,2,0.262,0,0,9,18.23,1,0
TXN109678,37.77,POS,0.249,946,2,1,0.506,0,0,14,45.82,0,0
TXN109679,583.84,ATM,0.166,1392,4,0,0.106,0,0,19,17.17,1,1
TXN109680,125.53,POS,0.735,52,5,0,0.441,0,0,4,17.47,0,1
TXN109681,135.55,ATM,0.388,2629,1,0,0.581,1,1,7,55.97,0,0
TXN109682,151.99,POS,0.574,2226,4,0,0.761,0,0,14,90.8,0,0
TXN109683,466.17,Bank Transfer,0.216,2553,1,0,0.349,0,1,5,11.61,0,1
TXN109684,69.74,POS,0.552,2305,3,0,0.467,0,0,2,18.23,0,0
TXN109685,26.92,Bank Transfer,0.421,925,4,1,0.879,0,0,23,31.42,0,0
TXN109686,204.99,POS,0.051,3649,6,1,0.691,0,0,13,18.29,0,0
TXN109687,19.23,Bank Transfer,0.727,1606,4,2,0.607,0,0,21,21.12,0,0
TXN109688,109.83,ATM,0.552,2562,6,0,0.547,0,0,21,15.91,0,0
TXN109689,486.32,Online,0.927,515,5,0,0.561,1,0,0,55.03,1,1
TXN109690,264.83,POS,0.808,2190,6,0,0.371,1,0,10,70.54,0,1
TXN109691,420.88,Online,0.571,1486,4,0,0.158,0,0,12,25.23,2,1
TXN109692,275.99,Online,0.043,3388,2,1,0.621,0,1,9,39.34,0,0
TXN109693,1652.98,Online,0.752,2791,1,0,0.886,0,0,12,14.42,0,0
TXN109694,82.41,Online,0.549,3413,3,0,0.998,0,0,9,7.42,0,0
TXN109695,220.99,Bank Transfer,0.835,1166,2,1,0.186,0,0,11,181.51,0,1
TXN109696,95.76,Bank Transfer,0.578,2419,3,0,0.283,0,0,22,17.7,0,0
TXN109697,386.37,Online,0.002,2321,3,1,0.734,0,0,7,44.79,0,0
TXN109698,139.55,POS,0.815,938,1,1,0.601,0,0,7,32.23,0,0
TXN109699,827.86,POS,0.799,1216,1,0,0.883,0,0,17,86.71,0,0
TXN109700,87.29,ATM,0.099,2473,3,0,0.424,0,0,11,11.68,0,0
TXN109701,606.15,Bank Transfer,0.684,562,4,1,0.619,0,0,9,20.2,0,0
TXN109702,268.58,Online,0.526,1478,4,0,0.917,0,1,7,10.78,0,0
TXN109703,143.67,POS,0.59,2713,1,0,0.7,0,0,18,8.39,0,0
TXN109704,255.3,POS,0.889,3075,2,0,0.299,0,0,2,24.51,0,0
TXN109705,192.73,Online,0.25,2163,4,1,0.797,0,0,1,4.62,0,0
TXN109706,211.87,Bank Transfer,0.013,2453,3,0,0.232,0,0,8,28.51,0,0
TXN109707,120.68,Online,0.209,3018,4,0,0.195,0,0,6,10.76,0,0
TXN109708,73.58,POS,0.915,866,1,0,0.406,0,0,18,55.28,0,0
TXN109709,106.16,POS,0.211,2487,3,0,0.542,0,0,7,81.75,0,0
TXN109710,27.57,POS,0.675,2693,3,0,0.718,0,0,21,2.78,0,0
TXN109711,344.45,Online,0.79,2988,3,0,0.81,0,0,0,23.1,0,0
TXN109712,43.16,Online,0.813,2231,2,0,0.677,0,0,9,7.8,0,0
TXN109713,119.38,POS,0.01,590,3,1,0.774,0,0,5,11.23,0,0
TXN109714,283.74,POS,0.009,212,1,2,0.999,0,0,2,6.9,0,0
TXN109715,343.57,Bank Transfer,0.989,2254,2,0,0.124,0,0,16,16.92,0,1
TXN109716,25.16,ATM,0.527,1032,3,0,0.875,0,1,6,17.95,0,0
TXN109717,135.39,Online,0.064,1359,3,0,0.6,0,0,4,18.57,0,0
TXN109718,235.04,Online,0.027,1701,6,0,0.451,0,0,23,8.6,0,0
TXN109719,156.34,Bank Transfer,0.811,2732,2,1,0.254,0,0,17,2.94,0,0
TXN109720,569.11,ATM,0.905,1312,5,0,0.992,1,0,18,28.72,0,0
TXN109721,65.25,Bank Transfer,0.524,2129,3,0,0.649,0,0,23,87.98,0,0
TXN109722,19.12,POS,0.372,1832,2,1,0.659,0,0,21,38.92,1,0
TXN109723,333.73,POS,0.702,226,1,0,0.239,0,0,12,49.57,0,0
TXN109724,86.74,POS,0.022,2532,3,0,0.84,0,0,14,18.0,0,0
TXN109725,25.57,Bank Transfer,0.899,1961,2,2,0.541,0,0,4,,0,0
TXN109726,126.66,Online,0.256,829,0,0,0.202,0,0,21,35.0,0,0
TXN109727,508.04,POS,0.191,2724,5,1,0.162,1,0,14,4.87,0,0
TXN109728,41.96,Bank Transfer,0.311,390,4,0,0.984,0,0,15,15.1,0,0
TXN109729,1534.56,Bank Transfer,0.064,981,5,0,0.113,0,0,8,23.1,0,0
TXN109730,64.21,POS,0.39,895,1,0,0.883,0,0,11,20.82,0,0
TXN109731,161.91,Online,0.715,2399,0,1,0.213,1,0,0,9.38,0,0
TXN109732,43.85,Online,0.498,3613,7,0,0.724,0,0,12,43.45,1,1
TXN109733,154.72,POS,0.668,3074,1,0,0.294,0,0,12,29.59,0,0
TXN109734,129.83,Online,0.214,530,2,0,0.584,0,1,19,34.33,0,1
TXN109735,33.47,POS,0.398,265,6,0,0.128,0,1,14,35.53,1,0
TXN109736,2504.46,Bank Transfer,0.519,2886,5,1,0.86,0,0,23,15.97,0,0
TXN109737,90.44,ATM,0.573,2122,3,0,0.33,0,0,2,92.39,0,1
TXN109738,90.52,Bank Transfer,0.186,1328,1,0,0.802,0,0,1,54.3,0,0
TXN109739,391.13,ATM,0.808,3243,3,0,0.888,0,0,9,21.76,0,1
TXN109740,910.74,POS,0.09,675,2,1,0.525,0,0,0,14.29,1,0
TXN109741,457.8,POS,0.098,487,0,0,0.966,0,0,13,8.71,0,0
TXN109742,44.65,Online,0.25,1839,5,2,0.68,0,0,1,28.15,0,0
TXN109743,183.81,POS,0.654,1004,2,0,0.281,0,0,7,57.21,0,1
TXN109744,22.62,Online,0.077,870,12,0,0.492,0,1,16,11.22,0,0
TXN109745,365.66,POS,,2295,2,0,0.359,0,1,17,24.51,0,0
TXN109746,28.93,POS,0.472,1133,1,2,0.766,0,0,12,29.21,0,0
TXN109747,66.47,Online,0.347,2148,2,0,0.834,0,1,0,16.26,0,0
TXN109748,147.94,Online,0.157,2082,7,0,0.201,0,1,19,35.2,0,1
TXN109749,231.6,Online,0.656,2902,4,0,0.29,0,0,11,10.25,0,0
TXN109750,114.33,Online,0.641,3563,1,0,0.137,0,0,9,4.1,1,1
TXN109751,677.96,Online,0.122,2307,5,1,0.725,0,1,22,55.02,0,0
TXN109752,305.89,ATM,0.23,1068,1,0,0.67,0,0,7,19.02,1,0
TXN109753,282.8,Online,0.365,2114,8,0,0.311,0,0,20,28.12,0,1
TXN109754,43.41,Online,0.99,1776,3,0,0.677,0,0,22,28.86,0,0
TXN109755,811.89,Online,0.769,1665,2,0,0.494,0,0,20,32.57,0,1
TXN109756,66.48,Online,0.337,1278,5,0,0.727,0,0,20,41.25,0,0
TXN109757,843.49,POS,0.965,313,1,0,0.836,0,0,3,5.58,0,0
TXN109758,1121.25,Online,0.455,922,6,0,0.265,0,1,4,8.49,0,0
TXN109759,247.81,POS,0.38,2169,3,0,0.686,0,0,3,6.14,1,0
TXN109760,416.55,Bank Transfer,0.944,285,2,0,0.635,0,0,23,28.01,0,1
TXN109761,6.8,ATM,0.736,596,2,0,0.461,0,0,17,9.32,0,0
TXN109762,122.12,Online,0.548,2094,5,0,0.423,0,0,18,17.02,0,0
TXN109763,446.82,ATM,0.601,3634,4,1,0.971,0,0,18,17.42,1,0
TXN109764,374.1,Online,0.973,634,0,0,0.144,0,0,3,92.72,0,0
TXN109765,43.83,POS,0.153,314,2,0,0.696,0,0,5,3.54,0,0
TXN109766,110.64,ATM,0.347,1295,3,0,0.883,0,0,3,23.63,0,0
TXN109767,11.75,Bank Transfer,0.421,304,2,0,0.927,0,0,6,7.7,0,0
TXN109768,224.3,POS,0.985,3274,7,0,0.742,0,0,23,74.42,0,1
TXN109769,22.57,POS,0.084,2880,5,0,0.461,0,0,18,30.59,0,0
TXN109770,459.66,Online,0.112,452,5,0,0.149,0,0,1,8.33,0,0
TXN109771,484.31,Online,0.435,396,5,0,0.694,0,1,9,44.29,0,1
TXN109772,92.35,Online,0.169,1988,7,0,0.79,0,0,13,17.39,0,0
TXN109773,249.95,Online,0.685,1496,3,1,0.38,0,1,16,99.48,0,1
TXN109774,119.45,ATM,0.361,2540,7,0,0.51,1,0,5,51.42,0,0
TXN109775,189.03,POS,0.846,3387,2,0,0.244,0,1,10,67.24,0,0
TXN109776,47.12,Online,0.749,1239,4,0,0.262,0,0,12,30.57,0,0
TXN109777,276.58,Bank Transfer,0.471,2882,4,1,0.8,0,0,22,8.14,0,0
TXN109778,28.76,POS,0.845,1235,2,0,0.328,0,0,12,2.54,0,0
TXN109779,23.81,Online,0.101,872,1,1,0.658,0,1,18,34.1,0,0
TXN109780,131.38,POS,0.581,3543,4,0,0.404,0,0,12,8.63,0,0
TXN109781,120.15,POS,0.605,938,4,1,0.536,0,0,15,20.49,0,0
TXN109782,194.86,Online,0.246,548,2,0,0.639,1,0,5,50.02,0,0
TXN109783,77.52,Online,0.05,2174,1,1,0.808,0,0,0,7.6,0,0
TXN109784,978.18,Online,0.535,2186,2,0,0.379,0,1,11,18.2,0,1
TXN109785,174.27,Online,0.514,1790,3,0,0.242,0,0,22,50.51,0,0
TXN109786,187.33,Bank Transfer,0.654,345,5,1,0.458,0,1,15,23.1,0,0
TXN109787,180.77,ATM,0.213,452,2,0,0.771,1,0,13,7.0,0,1
TXN109788,404.6,POS,0.18,2772,3,0,0.237,0,1,2,24.6,0,1
TXN109789,264.02,POS,0.978,604,3,0,0.135,0,0,3,20.25,1,1
TXN109790,230.91,ATM,0.114,1028,1,0,0.274,0,1,11,45.29,1,0
TXN109791,309.82,POS,0.999,2936,1,2,0.99,0,0,14,8.52,0,0
TXN109792,23.94,POS,0.72,1254,2,1,0.333,0,1,8,55.8,2,0
TXN109793,24.86,POS,0.629,1278,2,0,0.752,0,0,17,31.96,0,0
TXN109794,137.54,Online,0.34,3346,6,1,0.998,0,0,0,22.28,0,0
TXN109795,121.79,POS,0.868,2922,5,1,0.481,0,0,22,18.61,0,0
TXN109796,265.02,POS,0.91,2594,3,1,0.37,0,0,4,47.98,0,0
TXN109797,151.41,Online,0.722,717,3,0,0.586,0,1,7,11.19,0,0
TXN109798,265.57,ATM,0.71,1060,3,0,0.917,0,0,6,27.74,0,0
TXN109799,42.71,POS,0.493,2199,1,0,0.352,0,0,8,18.45,0,0
TXN109800,146.83,ATM,0.078,3066,1,0,0.773,0,0,19,66.11,0,0
TXN109801,38.82,Online,0.999,1858,0,0,0.457,0,0,17,45.31,0,0
TXN109802,218.52,Online,0.016,2722,5,1,0.453,0,0,5,22.59,0,0
TXN109803,22.69,POS,0.495,1211,5,0,0.228,1,0,22,18.33,0,0
TXN109804,210.25,POS,0.367,1353,2,0,0.604,0,0,5,4.32,0,0
TXN109805,34.16,POS,0.776,2233,2,0,0.158,0,0,23,26.58,0,0
TXN109806,101.14,Bank Transfer,0.736,2081,3,0,0.686,0,0,7,8.87,0,0
TXN109807,363.19,POS,0.628,480,1,0,0.896,1,0,13,38.19,0,0
TXN109808,186.3,Bank Transfer,0.075,1436,7,0,0.357,0,0,15,9.44,0,0
TXN109809,28.63,POS,0.237,3130,5,0,0.517,0,0,6,44.41,0,0
TXN109810,75.76,POS,0.094,1961,4,1,0.465,0,0,9,17.14,0,0
TXN109811,33.07,Online,0.979,2721,2,0,0.754,0,0,4,11.37,0,0
TXN109812,27.26,ATM,0.128,3022,0,0,0.837,0,0,17,36.63,0,0
TXN109813,166.94,POS,0.967,1068,3,1,0.43,1,0,0,19.18,0,1
TXN109814,259.9,POS,0.113,880,3,2,0.715,0,0,18,28.27,0,0
TXN109815,230.58,Online,0.862,2130,1,3,0.158,0,0,20,31.1,0,1
TXN109816,271.14,POS,0.575,1766,4,1,0.622,0,0,3,11.82,0,0
TXN109817,146.66,Online,0.832,3295,1,0,0.547,0,0,23,41.02,0,0
TXN109818,112.91,ATM,0.634,691,3,0,0.14,0,1,2,4.56,0,0
TXN109819,50.75,POS,0.769,1558,5,0,0.876,0,0,18,6.78,0,0
TXN109820,95.58,ATM,0.731,205,3,0,0.493,0,0,12,50.59,0,0
TXN109821,39.59,POS,0.26,1345,1,1,0.838,0,0,18,13.6,1,0
TXN109822,63.74,Bank Transfer,0.935,2156,4,0,0.491,1,0,22,34.71,0,0
TXN109823,162.22,Bank Transfer,0.644,2922,4,1,0.393,0,0,15,1.76,0,0
TXN109824,131.92,Online,0.202,3085,4,0,0.514,0,0,6,65.53,0,0
TXN109825,3180.29,Bank Transfer,0.306,34,5,0,0.386,0,0,21,23.84,1,1
TXN109826,38.64,ATM,0.533,3187,0,0,0.233,0,0,17,63.0,0,0
TXN109827,130.96,POS,0.882,2514,2,0,0.603,0,0,8,16.54,0,0
TXN109828,35.74,POS,0.797,759,5,0,0.142,0,0,20,18.74,0,1
TXN109829,100.71,POS,0.302,811,3,0,,0,1,12,37.81,0,0
TXN109830,104.89,Online,0.688,2842,4,0,0.536,0,0,7,33.98,0,0
TXN109831,345.46,Online,0.002,2543,2,0,0.714,0,0,2,64.91,0,0
TXN109832,94.66,Online,0.333,775,1,1,0.901,0,0,21,4.0,0,0
TXN109833,122.57,Online,0.84,1615,5,0,0.348,0,0,18,32.98,0,1
TXN109834,96.51,Online,0.151,3137,4,0,0.59,0,0,16,9.68,0,0
TXN109835,36.56,POS,0.353,103,2,1,0.928,0,0,21,2.81,0,0
TXN109836,77.32,POS,0.001,1880,2,1,0.183,0,0,10,23.34,0,0
TXN109837,101.3,Bank Transfer,0.023,3194,3,0,0.386,0,0,1,47.11,0,0
TXN109838,159.78,POS,0.146,44,2,0,0.257,0,0,15,96.75,0,0
TXN109839,259.55,POS,0.102,2008,2,0,0.662,0,0,5,46.73,0,0
TXN109840,117.38,POS,0.49,2052,6,1,0.987,0,0,11,60.49,1,0
TXN109841,115.33,Bank Transfer,0.9,1165,4,0,0.689,0,0,17,25.57,1,0
TXN109842,26.55,POS,0.085,1982,2,0,0.896,0,0,6,14.81,0,0
TXN109843,254.61,Online,0.87,2576,1,0,0.732,0,0,3,24.23,0,0
TXN109844,74.0,POS,0.668,1056,5,1,0.665,0,0,1,79.93,0,0
TXN109845,313.29,POS,0.169,1825,7,0,0.401,0,0,7,26.21,0,0
TXN109846,553.6,Online,0.29,1972,3,1,0.745,0,0,17,44.28,0,0
TXN109847,122.99,Online,0.194,156,4,0,0.195,0,0,0,32.41,1,0
TXN109848,53.34,Online,0.789,799,1,0,0.122,0,0,22,35.25,0,1
TXN109849,145.96,POS,0.725,2383,7,1,0.713,0,0,9,6.58,0,0
TXN109850,210.34,Bank Transfer,0.304,1800,2,0,0.917,0,0,5,28.49,0,0
TXN109851,108.25,Online,0.054,3539,0,0,0.741,1,0,23,39.0,0,0
TXN109852,84.43,Bank Transfer,0.169,3107,3,0,0.301,0,0,4,48.18,0,0
TXN109853,260.74,POS,0.63,833,1,0,0.856,0,1,10,5.76,0,1
TXN109854,244.1,Online,0.09,3639,2,0,0.573,0,0,23,105.62,0,1
TXN109855,104.97,POS,,3153,3,1,0.251,0,0,9,59.92,1,0
TXN109856,28.39,ATM,0.613,1552,1,0,0.661,0,0,12,3.48,0,0
TXN109857,234.25,ATM,0.688,2278,3,1,0.209,0,0,23,22.15,0,1
TXN109858,68.9,Online,0.125,1042,4,2,0.311,0,1,1,16.87,0,0
TXN109859,183.89,POS,0.46,311,4,2,0.762,0,0,14,14.83,0,0
TXN109860,172.63,POS,0.463,889,1,1,0.969,0,0,13,21.13,0,0
TXN109861,22.44,POS,0.835,2672,4,0,0.416,0,0,2,16.36,0,0
TXN109862,160.95,ATM,0.469,2096,1,1,0.276,0,0,1,35.47,0,0
TXN109863,248.27,POS,0.407,1628,1,0,0.236,1,0,22,48.33,0,1
TXN109864,280.66,POS,0.123,1770,5,0,0.609,0,0,23,77.05,0,0
TXN109865,166.9,POS,0.694,2903,2,0,0.11,0,0,16,36.64,0,0
TXN109866,20.55,POS,0.62,2549,2,0,0.752,0,0,0,11.07,1,0
TXN109867,532.23,Bank Transfer,0.717,2331,1,0,0.641,0,0,16,9.78,0,0
TXN109868,223.86,POS,0.656,1844,4,2,0.72,0,0,16,28.34,0,0
TXN109869,44.55,Bank Transfer,0.875,40,4,0,0.423,0,1,17,43.07,0,0
TXN109870,67.51,Online,0.877,1237,1,1,0.195,0,0,8,9.77,2,0
TXN109871,187.02,Online,0.308,487,3,0,0.969,1,1,6,19.83,0,0
TXN109872,292.89,Online,0.182,2832,5,0,0.851,0,0,21,32.31,0,0
TXN109873,91.11,Online,0.926,1305,3,0,0.589,1,0,23,24.43,0,0
TXN109874,338.84,Online,0.713,916,3,0,0.265,0,0,3,36.91,0,1
TXN109875,24.71,POS,0.971,1774,4,1,0.966,0,0,18,28.22,0,0
TXN109876,52.33,Bank Transfer,0.497,1767,5,0,0.383,0,0,12,47.68,0,0
TXN109877,18.83,POS,0.962,3404,8,0,0.899,0,1,3,20.08,0,0
TXN109878,60.5,POS,0.123,677,1,0,0.296,0,0,23,90.96,0,1
TXN109879,670.54,Online,0.59,3005,2,0,0.358,0,0,12,53.33,0,0
TXN109880,1161.89,Online,0.497,811,2,0,0.402,0,0,4,12.94,0,1
TXN109881,187.65,POS,0.003,2931,2,0,0.468,0,0,1,28.82,0,0
TXN109882,78.38,POS,0.193,1978,4,0,0.916,0,0,0,18.24,1,0
TXN109883,118.91,POS,0.153,1983,2,0,0.941,0,0,0,16.58,0,0
TXN109884,238.25,Online,0.061,2581,4,2,0.17,0,0,3,10.2,0,0
TXN109885,31.09,POS,0.948,366,2,0,0.857,0,0,16,11.67,0,0
TXN109886,83.72,ATM,0.965,2915,5,1,0.453,1,0,12,2.87,0,0
TXN109887,623.22,POS,0.892,2729,3,0,0.641,0,0,7,31.52,0,1
TXN109888,52.16,Bank Transfer,,748,1,1,0.241,1,1,5,58.86,1,1
TXN109889,70.17,Online,0.831,343,3,0,0.205,0,0,8,39.17,0,0
TXN109890,150.38,ATM,0.932,2648,2,0,0.526,0,1,4,18.32,0,1
TXN109891,196.99,Bank Transfer,0.198,361,1,1,0.726,0,0,18,37.0,0,0
TXN109892,79.44,POS,0.257,2129,4,1,0.924,0,1,7,44.13,1,0
TXN109893,160.29,Online,0.862,953,0,0,0.988,0,0,9,23.23,0,0
TXN109894,272.58,POS,0.479,2629,5,0,0.844,0,0,19,47.86,0,0
TXN109895,1055.16,POS,0.717,3369,2,0,0.839,0,0,17,34.17,0,0
TXN109896,130.81,POS,0.562,3076,3,0,0.21,0,0,1,24.29,0,0
TXN109897,142.41,Online,0.306,2744,5,0,0.483,0,0,17,26.96,0,0
TXN109898,683.65,ATM,0.285,2356,1,0,0.739,0,1,20,27.7,0,0
TXN109899,85.7,POS,0.748,307,4,0,0.57,0,0,17,59.37,0,0
TXN109900,39.47,ATM,0.532,3468,4,0,0.301,0,0,18,21.2,0,0
TXN109901,190.61,POS,0.359,3356,0,0,0.284,0,0,9,28.94,0,0
TXN109902,435.36,POS,0.617,255,1,0,0.59,0,1,18,,0,0
TXN109903,212.95,POS,0.42,2865,2,1,0.885,0,0,11,17.7,0,0
TXN109904,134.69,Online,0.475,417,7,0,0.35,0,1,23,12.69,0,0
TXN109905,34.87,Online,0.678,2215,2,0,0.347,0,0,10,29.16,0,0
TXN109906,140.0,POS,0.458,933,0,0,0.954,0,0,20,22.02,0,0
TXN109907,509.36,POS,0.95,489,1,0,0.349,0,0,7,7.14,0,0
TXN109908,43.2,Online,0.485,863,4,0,0.18,0,0,22,37.05,1,0
TXN109909,116.19,ATM,0.962,1188,2,1,0.464,0,0,0,27.78,0,0
TXN109910,100.74,POS,0.848,1294,6,0,0.744,0,1,0,12.44,0,1
TXN109911,73.87,ATM,0.891,1118,4,0,0.993,0,0,2,22.64,0,0
TXN109912,190.17,Online,0.763,1705,2,2,0.422,0,0,22,25.2,0,1
TXN109913,231.21,Online,0.605,2346,2,0,0.112,0,0,1,18.07,0,0
TXN109914,228.8,POS,0.533,1709,2,1,0.435,0,0,20,5.52,1,0
TXN109915,55.88,Bank Transfer,0.552,2158,2,1,0.598,0,0,7,19.79,0,0
TXN109916,28.62,Online,0.201,1423,0,0,0.304,0,1,9,19.48,0,1
TXN109917,192.94,Online,0.214,1033,5,0,0.667,0,0,12,30.0,0,0
TXN109918,89.49,Bank Transfer,0.034,565,3,0,0.266,1,1,14,30.24,0,0
TXN109919,932.91,ATM,0.746,1156,4,1,0.974,0,0,15,29.33,0,0
TXN109920,977.02,ATM,0.125,725,1,0,0.241,0,0,0,5.78,0,0
TXN109921,1086.47,ATM,0.582,1906,2,0,0.754,0,1,5,21.82,0,0
TXN109922,57.97,POS,0.138,2399,1,1,0.775,0,0,18,33.92,1,0
TXN109923,262.27,ATM,0.067,3090,5,2,0.594,0,0,7,69.19,0,0
TXN109924,354.59,POS,0.534,1097,3,0,0.338,0,0,14,24.61,0,0
TXN109925,316.83,Bank Transfer,0.873,486,2,0,0.468,0,0,22,27.73,0,1
TXN109926,104.13,POS,0.356,2981,7,0,0.777,0,0,10,82.83,0,0
TXN109927,533.34,POS,0.919,2657,2,1,0.459,0,0,11,11.39,0,0
TXN109928,148.48,Online,0.01,1176,2,0,0.472,0,0,3,7.9,0,0
TXN109929,168.7,ATM,0.466,3634,3,0,,0,0,10,14.7,0,0
TXN109930,31.89,Online,0.147,2352,2,0,0.67,0,0,9,17.28,0,1
TXN109931,282.81,ATM,0.316,2744,4,0,0.831,0,0,16,32.99,0,0
TXN109932,114.39,POS,0.024,1301,3,0,0.91,0,0,7,18.91,0,0
TXN109933,236.22,POS,0.035,1628,5,0,0.125,0,0,18,3.33,0,0
TXN109934,187.75,Online,0.713,1293,5,1,0.81,0,0,20,18.52,0,0
TXN109935,177.85,Online,0.655,2678,2,1,0.706,0,0,7,35.1,0,0
TXN109936,141.78,Online,0.208,2980,3,1,0.951,0,0,3,53.39,0,0
TXN109937,325.9,Bank Transfer,0.901,3145,3,0,0.422,0,0,10,23.53,0,1
TXN109938,121.65,Online,0.688,1232,4,0,0.923,0,0,2,4.89,0,0
TXN109939,34.63,Online,0.336,2811,1,0,0.2,0,0,6,36.6,0,0
TXN109940,262.16,Online,,2504,0,0,0.461,0,0,21,19.6,0,0
TXN109941,66.09,Bank Transfer,0.293,76,8,0,0.48,0,0,15,14.32,0,0
TXN109942,39.48,Online,0.831,2907,2,0,0.153,0,0,14,53.11,0,0
TXN109943,53.4,ATM,0.494,506,2,2,0.437,0,0,22,11.21,0,0
TXN109944,197.03,POS,0.135,495,2,1,0.376,0,0,16,40.01,0,0
TXN109945,134.76,ATM,0.202,417,2,0,0.857,0,0,4,29.24,0,0
TXN109946,17.59,POS,0.297,2017,3,0,0.586,0,0,21,27.64,0,0
TXN109947,101.12,ATM,0.403,145,2,0,0.161,0,1,23,50.85,0,0
TXN109948,477.82,Bank Transfer,0.593,1856,3,0,,0,0,18,21.83,0,0
TXN109949,94.51,Bank Transfer,0.964,2616,2,0,0.351,0,0,17,98.8,0,0
TXN109950,125.78,POS,0.262,1968,1,0,0.278,0,1,2,30.08,0,0
TXN109951,421.15,ATM,0.328,997,3,2,0.522,1,0,21,80.16,0,0
TXN109952,328.81,POS,0.024,1239,1,0,0.389,0,0,0,1.97,0,0
TXN109953,412.3,Online,0.373,2643,2,0,0.527,0,0,13,62.17,0,1
TXN109954,9.28,Online,0.675,1259,3,0,0.508,1,0,4,13.35,0,0
TXN109955,840.1,Online,0.963,2441,1,0,0.331,1,0,15,19.89,0,1
TXN109956,280.45,POS,0.74,2519,0,0,0.27,0,1,13,35.79,0,1
TXN109957,1739.71,Online,0.118,1925,1,0,0.665,0,0,18,20.11,0,0
TXN109958,67.88,Online,0.89,1376,2,0,0.672,0,0,2,,0,0
TXN109959,25.45,Online,0.839,246,5,1,0.301,0,1,11,8.5,0,1
TXN109960,149.49,Online,0.189,2724,4,0,0.203,0,0,1,23.33,0,0
TXN109961,112.69,Online,0.934,1135,6,1,0.793,0,0,19,5.35,1,0
TXN109962,285.34,Online,0.714,1676,1,0,0.801,0,1,9,32.4,0,0
TXN109963,434.82,POS,0.783,128,5,1,0.587,0,0,16,13.87,0,0
TXN109964,136.01,Online,0.459,2716,7,0,0.587,1,0,7,48.38,0,0
TXN109965,116.66,ATM,0.201,3324,0,0,0.226,0,1,17,50.02,0,0
TXN109966,250.31,POS,0.799,3209,5,0,0.861,0,0,22,46.17,0,0
TXN109967,114.86,POS,0.477,1147,0,1,0.431,0,0,13,3.52,0,0
TXN109968,105.64,Bank Transfer,0.967,352,6,2,0.305,0,1,8,24.7,0,1
TXN109969,418.69,Bank Transfer,,373,3,0,0.484,0,1,7,14.66,0,1
TXN109970,523.1,Online,0.355,1405,1,0,0.23,0,0,2,23.09,0,0
TXN109971,438.77,ATM,0.736,39,4,0,0.338,0,0,21,48.87,0,0
TXN109972,125.43,Bank Transfer,0.572,677,2,0,0.467,0,0,18,54.76,0,0
TXN109973,17.47,Online,0.433,2243,2,0,0.301,0,0,22,56.08,0,0
TXN109974,127.97,POS,0.702,181,2,0,0.331,0,0,16,28.28,0,0
TXN109975,69.55,Online,0.733,2277,1,0,0.545,0,0,1,24.07,0,1
TXN109976,130.36,Bank Transfer,0.577,3171,1,0,0.741,0,0,12,22.36,0,0
TXN109977,75.86,Online,0.319,3631,4,1,0.523,0,0,7,17.13,0,0
TXN109978,145.37,POS,0.619,3547,1,0,0.992,0,0,18,7.74,0,0
TXN109979,52.5,Bank Transfer,0.545,1074,2,0,0.18,0,0,2,20.73,0,0
TXN109980,41.23,ATM,0.798,2367,5,1,0.56,0,0,22,26.18,0,0
TXN109981,504.06,Online,0.653,198,3,0,0.462,0,0,5,40.64,0,0
TXN109982,56.28,Bank Transfer,0.497,893,5,0,0.275,1,0,0,31.59,0,0
TXN109983,148.46,ATM,0.019,2851,4,0,0.122,0,1,0,39.19,0,0
TXN109984,385.49,ATM,0.167,771,3,0,0.115,0,1,8,21.21,0,1
TXN109985,370.3,Bank Transfer,0.337,1132,3,0,0.731,0,0,6,26.48,0,0
TXN109986,328.6,POS,0.601,1515,2,0,0.635,1,1,7,36.66,0,0
TXN109987,200.91,ATM,0.792,1226,2,0,0.662,0,0,18,15.47,0,0
TXN109988,306.13,Online,0.96,2706,1,0,0.333,0,0,1,25.96,0,0
TXN109989,585.86,Bank Transfer,0.6,3315,1,0,0.635,0,1,1,15.03,0,1
TXN109990,227.02,Bank Transfer,0.729,1979,2,0,0.396,0,0,1,21.44,0,1
TXN109991,23.64,ATM,0.621,2112,1,0,0.944,0,0,19,53.66,0,0
TXN109992,87.48,ATM,0.43,2679,3,2,0.126,0,0,21,40.19,1,0
TXN109993,297.78,ATM,0.61,1479,1,0,0.974,0,0,12,9.69,0,0
TXN109994,79.27,POS,0.401,1675,2,0,0.982,0,0,13,0.28,0,0
TXN109995,750.02,Online,0.454,3471,4,0,0.969,1,0,13,3.35,0,0
TXN109996,139.33,POS,0.911,1424,6,0,0.873,0,0,12,42.63,0,1
TXN109997,161.62,ATM,0.564,990,6,0,0.42,0,0,0,25.19,0,0
TXN109998,457.03,Online,0.1,106,4,0,0.898,0,0,14,60.49,0,0
TXN109999,123.61,Online,0.524,107,5,0,0.323,0,0,10,63.21,1,0
